std_dev,sl_pct,sl_thresh,cooldown,trend_period,direction,total,wins,losses,wr,net_pnl,max_dd,calmar
2.0,0.5,55,1,100,both,759,376,382,49.6,-4163.9,4184.5,-1.0
2.0,0.5,55,1,100,long,385,189,195,49.2,-2564.5,2648.2,-0.97
2.0,0.5,55,1,100,short,374,187,187,50.0,-1599.4,1879.0,-0.85
2.0,0.5,55,2,100,both,745,377,367,50.7,-3350.2,3370.8,-0.99
2.0,0.5,55,2,100,long,377,188,188,50.0,-2343.6,2427.3,-0.97
2.0,0.5,55,2,100,short,367,189,178,51.5,-948.6,1555.9,-0.61
2.0,0.5,55,3,100,both,737,374,362,50.8,-3361.4,3382.0,-0.99
2.0,0.5,55,3,100,long,371,186,184,50.3,-2225.4,2309.1,-0.96
2.0,0.5,55,3,100,short,365,188,177,51.5,-1078.0,1550.1,-0.7
2.0,0.5,55,4,100,both,730,371,358,50.9,-3369.2,3389.8,-0.99
2.0,0.5,55,4,100,long,367,184,182,50.3,-2158.1,2299.8,-0.94
2.0,0.5,55,4,100,short,362,187,175,51.7,-1153.1,1533.6,-0.75
2.0,0.5,65,1,100,both,752,369,382,49.1,-3771.5,3812.4,-0.99
2.0,0.5,65,1,100,long,380,184,195,48.5,-2409.9,2513.9,-0.96
2.0,0.5,65,1,100,short,372,185,187,49.7,-1361.6,1872.8,-0.73
2.0,0.5,65,2,100,both,737,369,367,50.1,-2915.2,2956.1,-0.99
2.0,0.5,65,2,100,long,370,182,187,49.3,-2159.1,2263.1,-0.95
2.0,0.5,65,2,100,short,366,187,179,51.1,-698.1,1456.2,-0.48
2.0,0.5,65,3,100,both,729,367,361,50.4,-2928.3,2969.2,-0.99
2.0,0.5,65,3,100,long,366,182,183,49.9,-1993.2,2131.6,-0.94
2.0,0.5,65,3,100,short,362,185,177,51.1,-877.1,1500.0,-0.58
2.0,0.5,65,4,100,both,722,363,358,50.3,-3049.7,3090.6,-0.99
2.0,0.5,65,4,100,long,362,180,181,49.9,-1929.0,2142.9,-0.9
2.0,0.5,65,4,100,short,359,183,176,51.0,-1062.7,1594.0,-0.67
2.0,0.5,75,1,100,both,745,360,384,48.4,-3648.6,3696.6,-0.99
2.0,0.5,75,1,100,long,376,177,198,47.2,-2528.7,2655.5,-0.95
2.0,0.5,75,1,100,short,369,183,186,49.6,-1119.9,1665.2,-0.67
2.0,0.5,75,2,100,both,732,359,372,49.1,-3067.4,3122.2,-0.98
2.0,0.5,75,2,100,long,368,175,192,47.7,-2393.9,2520.7,-0.95
2.0,0.5,75,2,100,short,363,184,179,50.7,-615.5,1248.6,-0.49
2.0,0.5,75,3,100,both,723,356,366,49.3,-3119.2,3179.8,-0.98
2.0,0.5,75,3,100,long,364,175,188,48.2,-2228.0,2354.8,-0.95
2.0,0.5,75,3,100,short,358,181,177,50.6,-833.2,1292.4,-0.64
2.0,0.5,75,4,100,both,716,352,363,49.2,-3248.2,3289.1,-0.99
2.0,0.5,75,4,100,long,360,173,186,48.2,-2171.4,2373.0,-0.92
2.0,0.5,75,4,100,short,355,179,176,50.4,-1018.8,1386.4,-0.73
2.0,0.5,85,1,100,both,737,353,383,48.0,-3517.7,3566.3,-0.99
2.0,0.5,85,1,100,long,374,175,198,46.9,-2312.7,2440.1,-0.95
2.0,0.5,85,1,100,short,363,178,185,49.0,-1205.0,1671.5,-0.72
2.0,0.5,85,2,100,both,725,353,371,48.8,-2919.9,2975.3,-0.98
2.0,0.5,85,2,100,long,367,173,193,47.3,-2235.9,2363.3,-0.95
2.0,0.5,85,2,100,short,357,180,177,50.4,-626.0,1180.3,-0.53
2.0,0.5,85,3,100,both,717,350,366,48.9,-3066.3,3127.5,-0.98
2.0,0.5,85,3,100,long,363,173,189,47.8,-2106.6,2234.0,-0.94
2.0,0.5,85,3,100,short,353,177,176,50.1,-901.7,1282.1,-0.7
2.0,0.5,85,4,100,both,710,346,363,48.8,-3195.3,3236.2,-0.99
2.0,0.5,85,4,100,long,359,171,187,47.8,-2050.0,2251.9,-0.91
2.0,0.5,85,4,100,short,350,175,175,50.0,-1087.3,1376.1,-0.79
2.0,0.5,95,1,100,both,735,353,381,48.1,-3137.6,3188.7,-0.98
2.0,0.5,95,1,100,long,372,175,196,47.2,-2254.5,2415.3,-0.93
2.0,0.5,95,1,100,short,363,178,185,49.0,-883.1,1527.1,-0.58
2.0,0.5,95,2,100,both,722,354,367,49.1,-2349.2,2407.1,-0.98
2.0,0.5,95,2,100,long,364,174,189,47.9,-1987.1,2149.9,-0.92
2.0,0.5,95,2,100,short,357,180,177,50.4,-304.1,1035.9,-0.29
2.0,0.5,95,3,100,both,715,351,363,49.2,-2539.1,2602.8,-0.98
2.0,0.5,95,3,100,long,360,173,186,48.2,-1940.0,2120.3,-0.91
2.0,0.5,95,3,100,short,354,178,176,50.3,-541.1,1137.7,-0.48
2.0,0.5,95,4,100,both,708,347,360,49.1,-2720.7,2761.6,-0.99
2.0,0.5,95,4,100,long,356,171,184,48.2,-1959.5,2178.3,-0.9
2.0,0.5,95,4,100,short,351,176,175,50.1,-703.2,1325.8,-0.53
2.0,0.75,55,1,100,both,741,427,313,57.7,-3566.6,3773.9,-0.95
2.0,0.75,55,1,100,long,377,217,159,57.7,-1737.7,2219.2,-0.78
2.0,0.75,55,1,100,short,364,210,154,57.7,-1828.9,2141.8,-0.85
2.0,0.75,55,2,100,both,729,421,307,57.8,-3658.5,3899.0,-0.94
2.0,0.75,55,2,100,long,371,214,156,57.8,-1836.8,2215.1,-0.83
2.0,0.75,55,2,100,short,358,207,151,57.8,-1821.7,2075.2,-0.88
2.0,0.75,55,3,100,both,723,417,305,57.8,-3802.0,4042.5,-0.94
2.0,0.75,55,3,100,long,366,211,154,57.8,-1895.4,2284.7,-0.83
2.0,0.75,55,3,100,short,357,206,151,57.7,-1906.6,2160.1,-0.88
2.0,0.75,55,4,100,both,720,415,304,57.7,-3840.5,4081.0,-0.94
2.0,0.75,55,4,100,long,364,210,153,57.9,-1790.0,2249.2,-0.8
2.0,0.75,55,4,100,short,356,205,151,57.6,-2050.5,2304.0,-0.89
2.0,0.75,65,1,100,both,734,419,314,57.2,-3121.3,3438.1,-0.91
2.0,0.75,65,1,100,long,371,211,159,57.0,-1566.8,2163.0,-0.72
2.0,0.75,65,1,100,short,363,208,155,57.3,-1554.5,2030.8,-0.77
2.0,0.75,65,2,100,both,720,411,308,57.2,-3367.4,3602.0,-0.93
2.0,0.75,65,2,100,long,364,208,155,57.3,-1593.6,2188.9,-0.73
2.0,0.75,65,2,100,short,356,203,153,57.0,-1773.8,1994.1,-0.89
2.0,0.75,65,3,100,both,715,409,305,57.3,-3380.2,3614.8,-0.94
2.0,0.75,65,3,100,long,361,207,153,57.5,-1604.5,2210.8,-0.73
2.0,0.75,65,3,100,short,354,202,152,57.1,-1775.7,1996.0,-0.89
2.0,0.75,65,4,100,both,712,407,304,57.2,-3370.6,3605.2,-0.93
2.0,0.75,65,4,100,long,359,206,152,57.5,-1502.2,2126.0,-0.71
2.0,0.75,65,4,100,short,353,201,152,56.9,-1868.4,2088.7,-0.89
2.0,0.75,75,1,100,both,726,409,316,56.4,-3184.1,3476.7,-0.92
2.0,0.75,75,1,100,long,366,205,160,56.2,-1613.3,2197.6,-0.73
2.0,0.75,75,1,100,short,360,204,156,56.7,-1570.8,1925.1,-0.82
2.0,0.75,75,2,100,both,713,401,311,56.3,-3537.3,3787.7,-0.93
2.0,0.75,75,2,100,long,360,202,157,56.3,-1719.2,2302.6,-0.75
2.0,0.75,75,2,100,short,353,199,154,56.4,-1818.1,1879.5,-0.97
2.0,0.75,75,3,100,both,707,398,308,56.4,-3580.2,3830.6,-0.93
2.0,0.75,75,3,100,long,357,201,155,56.5,-1721.5,2315.9,-0.74
2.0,0.75,75,3,100,short,350,197,153,56.3,-1858.7,1914.8,-0.97
2.0,0.75,75,4,100,both,703,395,307,56.3,-3596.5,3846.9,-0.93
2.0,0.75,75,4,100,long,354,199,154,56.4,-1645.1,2257.0,-0.73
2.0,0.75,75,4,100,short,349,196,153,56.2,-1951.4,2007.5,-0.97
2.0,0.75,85,1,100,both,718,403,314,56.2,-2874.1,3226.3,-0.89
2.0,0.75,85,1,100,long,364,204,159,56.2,-1218.2,2022.2,-0.6
2.0,0.75,85,1,100,short,354,199,155,56.2,-1655.9,1931.4,-0.86
2.0,0.75,85,2,100,both,706,396,309,56.2,-3206.0,3457.0,-0.93
2.0,0.75,85,2,100,long,359,201,157,56.1,-1402.4,2205.5,-0.64
2.0,0.75,85,2,100,short,347,195,152,56.2,-1803.6,1859.7,-0.97
2.0,0.75,85,3,100,both,700,392,307,56.1,-3391.5,3642.5,-0.93
2.0,0.75,85,3,100,long,355,199,155,56.2,-1464.3,2278.4,-0.64
2.0,0.75,85,3,100,short,345,193,152,55.9,-1927.2,1983.3,-0.97
2.0,0.75,85,4,100,both,697,390,306,56.0,-3393.4,3644.4,-0.93
2.0,0.75,85,4,100,long,353,198,154,56.2,-1373.5,2205.1,-0.62
2.0,0.75,85,4,100,short,344,192,152,55.8,-2019.9,2076.0,-0.97
2.0,0.75,95,1,100,both,715,402,312,56.3,-2529.5,2966.7,-0.85
2.0,0.75,95,1,100,long,361,203,157,56.4,-1195.5,2035.9,-0.59
2.0,0.75,95,1,100,short,354,199,155,56.2,-1334.0,1817.9,-0.73
2.0,0.75,95,2,100,both,702,395,306,56.3,-2776.0,3103.0,-0.89
2.0,0.75,95,2,100,long,355,200,154,56.5,-1294.3,2168.2,-0.6
2.0,0.75,95,2,100,short,347,195,152,56.2,-1481.7,1661.6,-0.89
2.0,0.75,95,3,100,both,698,393,304,56.4,-2871.2,3204.6,-0.9
2.0,0.75,95,3,100,long,352,199,152,56.7,-1302.4,2210.2,-0.59
2.0,0.75,95,3,100,short,346,194,152,56.1,-1568.8,1748.7,-0.9
2.0,0.75,95,4,100,both,695,391,303,56.3,-2927.5,3287.6,-0.89
2.0,0.75,95,4,100,long,350,198,151,56.7,-1287.7,2127.2,-0.61
2.0,0.75,95,4,100,short,345,193,152,55.9,-1639.8,1851.4,-0.89
2.0,1.0,55,1,100,both,724,450,273,62.2,-2682.9,3383.5,-0.79
2.0,1.0,55,1,100,long,370,230,139,62.3,-1695.2,2297.7,-0.74
2.0,1.0,55,1,100,short,354,220,134,62.1,-987.7,1681.8,-0.59
2.0,1.0,55,2,100,both,716,444,271,62.1,-3221.6,3986.9,-0.81
2.0,1.0,55,2,100,long,365,226,138,62.1,-2104.4,2706.9,-0.78
2.0,1.0,55,2,100,short,351,218,133,62.1,-1117.2,1776.9,-0.63
2.0,1.0,55,3,100,both,714,443,270,62.1,-3232.9,4009.2,-0.81
2.0,1.0,55,3,100,long,363,225,137,62.2,-2117.9,2731.4,-0.78
2.0,1.0,55,3,100,short,351,218,133,62.1,-1115.0,1774.7,-0.63
2.0,1.0,55,4,100,both,712,441,270,62.0,-3352.0,4145.8,-0.81
2.0,1.0,55,4,100,long,362,224,137,62.0,-2095.5,2726.5,-0.77
2.0,1.0,55,4,100,short,350,217,133,62.0,-1256.5,1916.2,-0.66
2.0,1.0,65,1,100,both,716,442,273,61.8,-2240.9,3167.9,-0.71
2.0,1.0,65,1,100,long,364,224,139,61.7,-1581.7,2331.1,-0.68
2.0,1.0,65,1,100,short,352,218,134,61.9,-659.2,1575.9,-0.42
2.0,1.0,65,2,100,both,707,435,271,61.6,-2826.2,3617.9,-0.78
2.0,1.0,65,2,100,long,358,220,137,61.6,-1893.6,2643.0,-0.72
2.0,1.0,65,2,100,short,349,215,134,61.6,-932.6,1592.5,-0.59
2.0,1.0,65,3,100,both,706,436,269,61.8,-2681.8,3484.5,-0.77
2.0,1.0,65,3,100,long,358,221,136,61.9,-1859.4,2619.8,-0.71
2.0,1.0,65,3,100,short,348,215,133,61.8,-822.4,1482.3,-0.55
2.0,1.0,65,4,100,both,704,434,269,61.7,-2752.8,3573.0,-0.77
2.0,1.0,65,4,100,long,357,220,136,61.8,-1840.1,2618.0,-0.7
2.0,1.0,65,4,100,short,347,214,133,61.7,-912.7,1572.6,-0.58
2.0,1.0,75,1,100,both,708,431,276,61.0,-2464.9,3511.0,-0.7
2.0,1.0,75,1,100,long,359,216,142,60.3,-1908.4,2635.8,-0.72
2.0,1.0,75,1,100,short,349,215,134,61.6,-556.5,1592.4,-0.35
2.0,1.0,75,2,100,both,700,424,275,60.7,-3182.3,4057.4,-0.78
2.0,1.0,75,2,100,long,354,212,141,60.1,-2324.4,3051.8,-0.76
2.0,1.0,75,2,100,short,346,212,134,61.3,-857.9,1592.4,-0.54
2.0,1.0,75,3,100,both,698,424,273,60.8,-3068.0,3954.1,-0.78
2.0,1.0,75,3,100,long,354,213,140,60.3,-2281.6,3020.0,-0.76
2.0,1.0,75,3,100,short,344,211,133,61.3,-786.4,1592.4,-0.49
2.0,1.0,75,4,100,both,695,421,273,60.7,-3164.9,4068.5,-0.78
2.0,1.0,75,4,100,long,352,211,140,60.1,-2288.2,3044.1,-0.75
2.0,1.0,75,4,100,short,343,210,133,61.2,-876.7,1692.7,-0.52
2.0,1.0,85,1,100,both,699,423,275,60.6,-2452.7,3558.1,-0.69
2.0,1.0,85,1,100,long,356,213,142,60.0,-1787.4,2734.5,-0.65
2.0,1.0,85,1,100,short,343,210,133,61.2,-665.3,1636.7,-0.41
2.0,1.0,85,2,100,both,692,418,273,60.5,-2892.6,3827.0,-0.76
2.0,1.0,85,2,100,long,352,210,141,59.8,-2050.5,2997.6,-0.68
2.0,1.0,85,2,100,short,340,208,132,61.2,-842.1,1636.7,-0.51
2.0,1.0,85,3,100,both,690,417,272,60.5,-2945.9,3891.3,-0.76
2.0,1.0,85,3,100,long,351,210,140,60.0,-2067.3,3025.4,-0.68
2.0,1.0,85,3,100,short,339,207,132,61.1,-878.6,1636.7,-0.54
2.0,1.0,85,4,100,both,689,416,272,60.5,-2928.1,3891.0,-0.75
2.0,1.0,85,4,100,long,350,209,140,59.9,-2059.5,3035.1,-0.68
2.0,1.0,85,4,100,short,339,207,132,61.1,-868.6,1636.7,-0.53
2.0,1.0,95,1,100,both,696,422,273,60.7,-2108.1,3331.5,-0.63
2.0,1.0,95,1,100,long,353,212,140,60.2,-1764.7,2748.2,-0.64
2.0,1.0,95,1,100,short,343,210,133,61.2,-343.4,1550.4,-0.22
2.0,1.0,95,2,100,both,688,417,270,60.7,-2437.6,3549.5,-0.69
2.0,1.0,95,2,100,long,348,209,138,60.2,-1917.4,2936.2,-0.65
2.0,1.0,95,2,100,short,340,208,132,61.2,-520.2,1550.4,-0.34
2.0,1.0,95,3,100,both,688,418,269,60.8,-2400.6,3546.4,-0.68
2.0,1.0,95,3,100,long,348,210,137,60.5,-1880.4,2933.1,-0.64
2.0,1.0,95,3,100,short,340,208,132,61.2,-520.2,1550.4,-0.34
2.0,1.0,95,4,100,both,687,417,269,60.8,-2437.2,3546.4,-0.69
2.0,1.0,95,4,100,long,347,209,137,60.4,-1948.7,2933.1,-0.66
2.0,1.0,95,4,100,short,340,208,132,61.2,-488.5,1550.4,-0.32
2.0,1.25,55,1,100,both,719,460,258,64.1,-2085.5,2683.0,-0.78
2.0,1.25,55,1,100,long,367,235,131,64.2,-1613.4,2198.6,-0.73
2.0,1.25,55,1,100,short,352,225,127,63.9,-472.1,1544.3,-0.31
2.0,1.25,55,2,100,both,713,456,256,64.0,-2318.9,3039.2,-0.76
2.0,1.25,55,2,100,long,363,232,130,64.1,-1935.5,2520.7,-0.77
2.0,1.25,55,2,100,short,350,224,126,64.0,-383.4,1547.8,-0.25
2.0,1.25,55,3,100,both,711,455,255,64.1,-2330.2,3061.5,-0.76
2.0,1.25,55,3,100,long,361,231,129,64.2,-1949.0,2545.2,-0.77
2.0,1.25,55,3,100,short,350,224,126,64.0,-381.2,1547.8,-0.25
2.0,1.25,55,4,100,both,709,453,255,64.0,-2449.3,3198.1,-0.77
2.0,1.25,55,4,100,long,360,230,129,64.1,-1926.6,2540.3,-0.76
2.0,1.25,55,4,100,short,349,223,126,63.9,-522.7,1699.3,-0.31
2.0,1.25,65,1,100,both,711,452,258,63.7,-1777.2,2696.9,-0.66
2.0,1.25,65,1,100,long,361,229,131,63.6,-1633.6,2365.3,-0.69
2.0,1.25,65,1,100,short,350,223,127,63.7,-143.6,1470.9,-0.1
2.0,1.25,65,2,100,both,704,447,256,63.6,-2057.2,2945.8,-0.7
2.0,1.25,65,2,100,long,356,226,129,63.7,-1833.4,2565.1,-0.71
2.0,1.25,65,2,100,short,348,221,127,63.5,-223.8,1487.5,-0.15
2.0,1.25,65,3,100,both,703,448,254,63.8,-1887.8,2803.8,-0.67
2.0,1.25,65,3,100,long,356,227,128,63.9,-1799.2,2541.9,-0.71
2.0,1.25,65,3,100,short,347,221,126,63.7,-88.6,1413.0,-0.06
2.0,1.25,65,4,100,both,701,446,254,63.7,-1958.8,2916.1,-0.67
2.0,1.25,65,4,100,long,355,226,128,63.8,-1779.9,2540.1,-0.7
2.0,1.25,65,4,100,short,346,220,126,63.6,-178.9,1513.3,-0.12
2.0,1.25,75,1,100,both,703,442,260,63.0,-1854.1,2660.6,-0.7
2.0,1.25,75,1,100,long,356,222,133,62.5,-1788.2,2443.2,-0.73
2.0,1.25,75,1,100,short,347,220,127,63.4,-65.9,1541.8,-0.04
2.0,1.25,75,2,100,both,697,437,259,62.8,-2291.2,3093.5,-0.74
2.0,1.25,75,2,100,long,352,219,132,62.4,-2117.1,2772.1,-0.76
2.0,1.25,75,2,100,short,345,218,127,63.2,-174.1,1541.8,-0.11
2.0,1.25,75,3,100,both,695,437,257,63.0,-2151.9,2981.6,-0.72
2.0,1.25,75,3,100,long,352,220,131,62.7,-2074.3,2740.3,-0.76
2.0,1.25,75,3,100,short,343,217,126,63.3,-77.6,1541.8,-0.05
2.0,1.25,75,4,100,both,692,434,257,62.8,-2248.8,3119.8,-0.72
2.0,1.25,75,4,100,long,350,218,131,62.5,-2080.9,2777.5,-0.75
2.0,1.25,75,4,100,short,342,216,126,63.2,-167.9,1642.1,-0.1
2.0,1.25,85,1,100,both,694,435,258,62.8,-1703.0,2698.7,-0.63
2.0,1.25,85,1,100,long,353,220,132,62.5,-1423.2,2297.9,-0.62
2.0,1.25,85,1,100,short,341,215,126,63.0,-279.8,1586.1,-0.18
2.0,1.25,85,2,100,both,689,432,256,62.8,-1837.6,2840.0,-0.65
2.0,1.25,85,2,100,long,350,218,131,62.5,-1599.2,2473.9,-0.65
2.0,1.25,85,2,100,short,339,214,125,63.1,-238.4,1586.1,-0.15
2.0,1.25,85,3,100,both,687,431,255,62.8,-1890.9,2920.7,-0.65
2.0,1.25,85,3,100,long,349,218,130,62.6,-1616.0,2506.6,-0.64
2.0,1.25,85,3,100,short,338,213,125,63.0,-274.9,1586.1,-0.17
2.0,1.25,85,4,100,both,686,430,255,62.8,-1873.1,2944.2,-0.64
2.0,1.25,85,4,100,long,348,217,130,62.5,-1608.2,2540.1,-0.63
2.0,1.25,85,4,100,short,338,213,125,63.0,-264.9,1586.1,-0.17
2.0,1.25,95,1,100,both,691,434,256,62.9,-1358.4,2554.3,-0.53
2.0,1.25,95,1,100,long,350,219,130,62.8,-1400.5,2317.7,-0.6
2.0,1.25,95,1,100,short,341,215,126,63.0,42.1,1499.8,0.03
2.0,1.25,95,2,100,both,685,431,253,63.0,-1465.6,2691.4,-0.54
2.0,1.25,95,2,100,long,346,217,128,62.9,-1549.1,2509.0,-0.62
2.0,1.25,95,2,100,short,339,214,125,63.1,83.5,1499.8,0.06
2.0,1.25,95,3,100,both,685,432,252,63.2,-1428.6,2688.3,-0.53
2.0,1.25,95,3,100,long,346,218,127,63.2,-1512.1,2505.9,-0.6
2.0,1.25,95,3,100,short,339,214,125,63.1,83.5,1499.8,0.06
2.0,1.25,95,4,100,both,684,431,252,63.1,-1465.2,2688.3,-0.55
2.0,1.25,95,4,100,long,345,217,127,63.1,-1580.4,2505.9,-0.63
2.0,1.25,95,4,100,short,339,214,125,63.1,115.2,1499.8,0.08
2.0,1.5,55,1,100,both,716,464,251,64.9,-2988.7,3550.6,-0.84
2.0,1.5,55,1,100,long,365,238,126,65.4,-1620.9,2238.6,-0.72
2.0,1.5,55,1,100,short,351,226,125,64.4,-1367.8,2125.0,-0.64
2.0,1.5,55,2,100,both,712,462,249,65.0,-2847.8,3511.3,-0.81
2.0,1.5,55,2,100,long,363,237,125,65.5,-1593.7,2211.4,-0.72
2.0,1.5,55,2,100,short,349,225,124,64.5,-1254.1,2220.1,-0.56
2.0,1.5,55,3,100,both,710,461,248,65.0,-2859.1,3522.6,-0.81
2.0,1.5,55,3,100,long,361,236,124,65.6,-1607.2,2235.9,-0.72
2.0,1.5,55,3,100,short,349,225,124,64.5,-1251.9,2217.9,-0.56
2.0,1.5,55,4,100,both,708,459,248,64.9,-2978.2,3643.9,-0.82
2.0,1.5,55,4,100,long,360,235,124,65.5,-1584.8,2231.0,-0.71
2.0,1.5,55,4,100,short,348,224,124,64.4,-1393.4,2359.4,-0.59
2.0,1.5,65,1,100,both,708,456,251,64.5,-2613.2,3329.7,-0.78
2.0,1.5,65,1,100,long,359,232,126,64.8,-1573.9,2338.1,-0.67
2.0,1.5,65,1,100,short,349,224,125,64.2,-1039.3,2025.9,-0.51
2.0,1.5,65,2,100,both,703,453,249,64.5,-2518.9,3263.4,-0.77
2.0,1.5,65,2,100,long,356,231,124,65.1,-1399.4,2163.6,-0.65
2.0,1.5,65,2,100,short,347,222,125,64.0,-1119.5,2042.5,-0.55
2.0,1.5,65,3,100,both,702,454,247,64.8,-2324.5,3069.0,-0.76
2.0,1.5,65,3,100,long,356,232,123,65.4,-1365.2,2140.4,-0.64
2.0,1.5,65,3,100,short,346,222,124,64.2,-959.3,1884.5,-0.51
2.0,1.5,65,4,100,both,700,452,247,64.7,-2395.5,3142.2,-0.76
2.0,1.5,65,4,100,long,355,231,123,65.3,-1345.9,2138.6,-0.63
2.0,1.5,65,4,100,short,345,221,124,64.1,-1049.6,1984.8,-0.53
2.0,1.5,75,1,100,both,700,447,252,63.9,-2624.6,3460.2,-0.76
2.0,1.5,75,1,100,long,354,226,127,64.0,-1638.0,2225.5,-0.74
2.0,1.5,75,1,100,short,346,221,125,63.9,-986.6,2025.4,-0.49
2.0,1.5,75,2,100,both,696,444,251,63.9,-2712.4,3548.0,-0.76
2.0,1.5,75,2,100,long,352,225,126,64.1,-1617.6,2210.8,-0.73
2.0,1.5,75,2,100,short,344,219,125,63.7,-1094.8,2042.0,-0.54
2.0,1.5,75,3,100,both,694,444,249,64.1,-2548.1,3383.7,-0.75
2.0,1.5,75,3,100,long,352,226,125,64.4,-1574.8,2195.4,-0.72
2.0,1.5,75,3,100,short,342,218,124,63.7,-973.3,1884.0,-0.52
2.0,1.5,75,4,100,both,691,441,249,63.9,-2645.0,3482.8,-0.76
2.0,1.5,75,4,100,long,350,224,125,64.2,-1581.4,2243.3,-0.7
2.0,1.5,75,4,100,short,341,217,124,63.6,-1063.6,1984.3,-0.54
2.0,1.5,85,1,100,both,691,440,250,63.8,-2392.1,3287.3,-0.73
2.0,1.5,85,1,100,long,351,224,126,64.0,-1273.0,2094.8,-0.61
2.0,1.5,85,1,100,short,340,216,124,63.5,-1119.1,2077.7,-0.54
2.0,1.5,85,2,100,both,688,439,248,63.9,-2152.4,3047.6,-0.71
2.0,1.5,85,2,100,long,350,224,125,64.2,-1099.7,1928.2,-0.57
2.0,1.5,85,2,100,short,338,215,123,63.6,-1052.7,1919.7,-0.55
2.0,1.5,85,3,100,both,686,438,247,63.9,-2205.7,3100.9,-0.71
2.0,1.5,85,3,100,long,349,224,124,64.4,-1116.5,1972.4,-0.57
2.0,1.5,85,3,100,short,337,214,123,63.5,-1089.2,1919.7,-0.57
2.0,1.5,85,4,100,both,685,437,247,63.9,-2187.9,3100.9,-0.71
2.0,1.5,85,4,100,long,348,223,124,64.3,-1108.7,2005.9,-0.55
2.0,1.5,85,4,100,short,337,214,123,63.5,-1079.2,1919.7,-0.56
2.0,1.5,95,1,100,both,688,439,248,63.9,-2047.5,3048.8,-0.67
2.0,1.5,95,1,100,long,348,223,124,64.3,-1250.3,2132.8,-0.59
2.0,1.5,95,1,100,short,340,216,124,63.5,-797.2,1959.9,-0.41
2.0,1.5,95,2,100,both,684,438,245,64.1,-1780.4,2787.5,-0.64
2.0,1.5,95,2,100,long,346,223,122,64.6,-1049.6,1974.8,-0.53
2.0,1.5,95,2,100,short,338,215,123,63.6,-730.8,1801.9,-0.41
2.0,1.5,95,3,100,both,684,439,244,64.3,-1743.4,2766.9,-0.63
2.0,1.5,95,3,100,long,346,224,121,64.9,-1012.6,1971.7,-0.51
2.0,1.5,95,3,100,short,338,215,123,63.6,-730.8,1801.9,-0.41
2.0,1.5,95,4,100,both,683,438,244,64.2,-1780.0,2859.0,-0.62
2.0,1.5,95,4,100,long,345,223,121,64.8,-1080.9,1971.7,-0.55
2.0,1.5,95,4,100,short,338,215,123,63.6,-699.1,1801.9,-0.39
2.0,2.0,55,1,100,both,713,470,242,66.0,-3012.0,3861.1,-0.78
2.0,2.0,55,1,100,long,365,243,121,66.8,-2200.5,2863.1,-0.77
2.0,2.0,55,1,100,short,348,227,121,65.2,-811.5,1855.1,-0.44
2.0,2.0,55,2,100,both,709,468,240,66.1,-2874.8,3723.9,-0.77
2.0,2.0,55,2,100,long,363,242,120,66.9,-2113.8,2776.4,-0.76
2.0,2.0,55,2,100,short,346,226,120,65.3,-761.0,1861.9,-0.41
2.0,2.0,55,3,100,both,707,467,239,66.1,-2866.6,3715.7,-0.77
2.0,2.0,55,3,100,long,361,241,119,66.9,-2107.8,2781.4,-0.76
2.0,2.0,55,3,100,short,346,226,120,65.3,-758.8,1859.7,-0.41
2.0,2.0,55,4,100,both,705,465,239,66.1,-2985.7,3834.8,-0.78
2.0,2.0,55,4,100,long,360,240,119,66.9,-2085.4,2776.5,-0.75
2.0,2.0,55,4,100,short,345,225,120,65.2,-900.3,2010.1,-0.45
2.0,2.0,65,1,100,both,705,462,242,65.6,-2546.4,3439.3,-0.74
2.0,2.0,65,1,100,long,359,237,121,66.2,-2074.6,2883.7,-0.72
2.0,2.0,65,1,100,short,346,225,121,65.0,-471.8,1781.7,-0.26
2.0,2.0,65,2,100,both,700,459,240,65.7,-2342.6,3238.4,-0.72
2.0,2.0,65,2,100,long,356,236,119,66.5,-1790.6,2599.7,-0.69
2.0,2.0,65,2,100,short,344,223,121,64.8,-552.0,1798.3,-0.31
2.0,2.0,65,3,100,both,699,460,238,65.9,-2078.7,2975.4,-0.7
2.0,2.0,65,3,100,long,356,237,118,66.8,-1736.9,2557.0,-0.68
2.0,2.0,65,3,100,short,343,223,120,65.0,-341.8,1590.3,-0.21
2.0,2.0,65,4,100,both,697,458,238,65.8,-2149.7,3070.2,-0.7
2.0,2.0,65,4,100,long,355,236,118,66.7,-1717.6,2555.2,-0.67
2.0,2.0,65,4,100,short,342,222,120,64.9,-432.1,1690.6,-0.26
2.0,2.0,75,1,100,both,697,454,242,65.2,-2102.0,3088.9,-0.68
2.0,2.0,75,1,100,long,354,231,122,65.4,-2021.2,2766.0,-0.73
2.0,2.0,75,1,100,short,343,223,120,65.0,-80.8,1442.9,-0.06
2.0,2.0,75,2,100,both,693,451,241,65.2,-2130.3,3117.2,-0.68
2.0,2.0,75,2,100,long,352,230,121,65.5,-1941.3,2686.1,-0.72
2.0,2.0,75,2,100,short,341,221,120,64.8,-189.0,1459.5,-0.13
2.0,2.0,75,3,100,both,691,451,239,65.4,-1896.5,2884.3,-0.66
2.0,2.0,75,3,100,long,352,231,120,65.8,-1879.0,2634.8,-0.71
2.0,2.0,75,3,100,short,339,220,119,64.9,-17.5,1394.5,-0.01
2.0,2.0,75,4,100,both,688,448,239,65.2,-1993.4,3005.0,-0.66
2.0,2.0,75,4,100,long,350,229,120,65.6,-1885.6,2658.9,-0.71
2.0,2.0,75,4,100,short,338,219,119,64.8,-107.8,1403.2,-0.08
2.0,2.0,85,1,100,both,688,447,240,65.1,-1866.0,2914.3,-0.64
2.0,2.0,85,1,100,long,351,229,121,65.4,-1656.2,2556.0,-0.65
2.0,2.0,85,1,100,short,337,218,119,64.7,-209.8,1493.5,-0.14
2.0,2.0,85,2,100,both,685,446,238,65.2,-1516.8,2565.2,-0.59
2.0,2.0,85,2,100,long,350,229,120,65.6,-1423.4,2323.2,-0.61
2.0,2.0,85,2,100,short,335,217,118,64.8,-93.4,1394.5,-0.07
2.0,2.0,85,3,100,both,683,445,237,65.2,-1550.6,2615.4,-0.59
2.0,2.0,85,3,100,long,349,229,119,65.8,-1420.7,2331.5,-0.61
2.0,2.0,85,3,100,short,334,216,118,64.7,-129.9,1394.5,-0.09
2.0,2.0,85,4,100,both,682,444,237,65.2,-1532.8,2621.4,-0.58
2.0,2.0,85,4,100,long,348,228,119,65.7,-1412.9,2341.2,-0.6
2.0,2.0,85,4,100,short,334,216,118,64.7,-119.9,1394.5,-0.09
2.0,2.0,95,1,100,both,685,446,238,65.2,-1521.4,2672.4,-0.57
2.0,2.0,95,1,100,long,348,228,119,65.7,-1633.5,2569.7,-0.64
2.0,2.0,95,1,100,short,337,218,119,64.7,112.1,1383.7,0.08
2.0,2.0,95,2,100,both,681,445,235,65.4,-1144.8,2327.5,-0.49
2.0,2.0,95,2,100,long,346,228,117,66.1,-1373.3,2320.5,-0.59
2.0,2.0,95,2,100,short,335,217,118,64.8,228.5,1308.2,0.17
2.0,2.0,95,3,100,both,681,446,234,65.6,-1088.3,2287.4,-0.48
2.0,2.0,95,3,100,long,346,229,116,66.4,-1316.8,2297.7,-0.57
2.0,2.0,95,3,100,short,335,217,118,64.8,228.5,1308.2,0.17
2.0,2.0,95,4,100,both,680,445,234,65.5,-1124.9,2379.5,-0.47
2.0,2.0,95,4,100,long,345,228,116,66.3,-1385.1,2297.7,-0.6
2.0,2.0,95,4,100,short,335,217,118,64.8,260.2,1308.2,0.2
2.0,0.5,55,1,150,both,805,398,406,49.5,-4701.3,4782.4,-0.98
2.0,0.5,55,1,150,long,395,192,202,48.7,-2961.8,3052.5,-0.97
2.0,0.5,55,1,150,short,410,206,204,50.2,-1739.5,1994.6,-0.87
2.0,0.5,55,2,150,both,778,395,382,50.8,-3658.6,3746.5,-0.98
2.0,0.5,55,2,150,long,382,190,191,49.9,-2567.7,2658.4,-0.97
2.0,0.5,55,2,150,short,396,205,191,51.8,-1090.9,1688.6,-0.65
2.0,0.5,55,3,150,both,766,389,376,50.8,-3774.9,3868.6,-0.98
2.0,0.5,55,3,150,long,375,186,188,49.7,-2601.0,2691.7,-0.97
2.0,0.5,55,3,150,short,391,203,188,51.9,-1173.9,1566.8,-0.75
2.0,0.5,55,4,150,both,754,384,369,51.0,-3759.1,3833.9,-0.98
2.0,0.5,55,4,150,long,369,183,185,49.7,-2491.7,2582.4,-0.96
2.0,0.5,55,4,150,short,385,201,184,52.2,-1267.4,1626.7,-0.78
2.0,0.5,65,1,150,both,798,393,404,49.3,-4000.0,4196.0,-0.95
2.0,0.5,65,1,150,long,390,189,200,48.6,-2498.3,2703.9,-0.92
2.0,0.5,65,1,150,short,408,204,204,50.0,-1501.7,1976.4,-0.76
2.0,0.5,65,2,150,both,771,389,381,50.5,-2972.7,3175.5,-0.94
2.0,0.5,65,2,150,long,376,186,189,49.6,-2132.3,2337.9,-0.91
2.0,0.5,65,2,150,short,395,203,192,51.4,-840.4,1588.9,-0.53
2.0,0.5,65,3,150,both,759,384,374,50.7,-3090.9,3299.5,-0.94
2.0,0.5,65,3,150,long,371,184,186,49.7,-2117.9,2383.4,-0.89
2.0,0.5,65,3,150,short,388,200,188,51.5,-973.0,1516.7,-0.64
2.0,0.5,65,4,150,both,747,378,368,50.7,-3188.7,3311.9,-0.96
2.0,0.5,65,4,150,long,365,181,183,49.7,-2011.7,2294.7,-0.88
2.0,0.5,65,4,150,short,382,197,185,51.6,-1177.0,1687.1,-0.7
2.0,0.5,75,1,150,both,791,385,405,48.7,-3810.2,4029.2,-0.95
2.0,0.5,75,1,150,long,385,182,202,47.4,-2558.9,2787.5,-0.92
2.0,0.5,75,1,150,short,406,203,203,50.0,-1251.3,1760.1,-0.71
2.0,0.5,75,2,150,both,766,380,385,49.7,-3058.0,3283.8,-0.93
2.0,0.5,75,2,150,long,373,179,193,48.1,-2308.9,2537.5,-0.91
2.0,0.5,75,2,150,short,393,201,192,51.1,-749.1,1372.6,-0.55
2.0,0.5,75,3,150,both,753,374,378,49.7,-3214.9,3446.5,-0.93
2.0,0.5,75,3,150,long,368,177,190,48.2,-2294.5,2536.4,-0.9
2.0,0.5,75,3,150,short,385,197,188,51.2,-920.4,1300.4,-0.71
2.0,0.5,75,4,150,both,741,368,372,49.7,-3320.3,3466.5,-0.96
2.0,0.5,75,4,150,long,362,174,187,48.2,-2195.9,2455.3,-0.89
2.0,0.5,75,4,150,short,379,194,185,51.2,-1124.4,1470.8,-0.76
2.0,0.5,85,1,150,both,783,378,404,48.3,-3593.2,3812.2,-0.94
2.0,0.5,85,1,150,long,383,180,202,47.1,-2343.5,2572.1,-0.91
2.0,0.5,85,1,150,short,400,198,202,49.5,-1249.7,1766.4,-0.71
2.0,0.5,85,2,150,both,759,374,384,49.3,-2824.4,3050.2,-0.93
2.0,0.5,85,2,150,long,372,177,194,47.7,-2151.5,2380.1,-0.9
2.0,0.5,85,2,150,short,387,197,190,50.9,-672.9,1304.3,-0.52
2.0,0.5,85,3,150,both,747,368,378,49.3,-3075.9,3307.5,-0.93
2.0,0.5,85,3,150,long,367,175,191,47.8,-2173.7,2402.3,-0.9
2.0,0.5,85,3,150,short,380,193,187,50.8,-902.2,1290.1,-0.7
2.0,0.5,85,4,150,both,735,362,372,49.3,-3181.3,3327.5,-0.96
2.0,0.5,85,4,150,long,361,172,188,47.8,-2075.1,2316.6,-0.9
2.0,0.5,85,4,150,short,374,190,184,50.8,-1106.2,1460.5,-0.76
2.0,0.5,95,1,150,both,782,378,403,48.4,-3331.9,3563.5,-0.94
2.0,0.5,95,1,150,long,382,181,200,47.5,-2275.2,2516.4,-0.9
2.0,0.5,95,1,150,short,400,197,203,49.2,-1056.7,1751.0,-0.6
2.0,0.5,95,2,150,both,757,375,381,49.6,-2372.5,2610.9,-0.91
2.0,0.5,95,2,150,long,370,179,190,48.5,-1892.6,2194.9,-0.86
2.0,0.5,95,2,150,short,387,196,191,50.6,-479.9,1288.9,-0.37
2.0,0.5,95,3,150,both,746,369,376,49.5,-2667.5,2911.7,-0.92
2.0,0.5,95,3,150,long,365,176,188,48.4,-1997.0,2285.0,-0.87
2.0,0.5,95,3,150,short,381,193,188,50.7,-670.5,1274.7,-0.53
2.0,0.5,95,4,150,both,734,363,370,49.5,-2825.5,2984.3,-0.95
2.0,0.5,95,4,150,long,359,173,185,48.3,-1974.5,2215.7,-0.89
2.0,0.5,95,4,150,short,375,190,185,50.7,-851.0,1539.2,-0.55
2.0,0.75,55,1,150,both,762,438,323,57.6,-4216.4,4529.4,-0.93
2.0,0.75,55,1,150,long,374,215,158,57.6,-1897.5,2376.6,-0.8
2.0,0.75,55,1,150,short,388,223,165,57.5,-2318.9,2636.9,-0.88
2.0,0.75,55,2,150,both,748,433,314,58.0,-3848.5,4194.7,-0.92
2.0,0.75,55,2,150,long,367,212,154,57.9,-1830.1,2385.0,-0.77
2.0,0.75,55,2,150,short,381,221,160,58.0,-2018.4,2235.2,-0.9
2.0,0.75,55,3,150,both,741,429,311,58.0,-3903.2,4249.4,-0.92
2.0,0.75,55,3,150,long,363,210,152,58.0,-1760.5,2349.5,-0.75
2.0,0.75,55,3,150,short,378,219,159,57.9,-2142.7,2359.5,-0.91
2.0,0.75,55,4,150,both,736,426,309,58.0,-3963.7,4309.9,-0.92
2.0,0.75,55,4,150,long,361,208,152,57.8,-1843.1,2463.0,-0.75
2.0,0.75,55,4,150,short,375,218,157,58.1,-2120.6,2362.5,-0.9
2.0,0.75,65,1,150,both,755,432,322,57.3,-3428.5,3856.4,-0.89
2.0,0.75,65,1,150,long,368,211,156,57.5,-1384.0,2142.2,-0.65
2.0,0.75,65,1,150,short,387,221,166,57.1,-2044.5,2594.1,-0.79
2.0,0.75,65,2,150,both,740,425,314,57.5,-3297.8,3725.7,-0.89
2.0,0.75,65,2,150,long,361,208,152,57.8,-1327.3,2142.3,-0.62
2.0,0.75,65,2,150,short,379,217,162,57.3,-1970.5,2255.2,-0.87
2.0,0.75,65,3,150,both,734,423,310,57.7,-3221.8,3649.7,-0.88
2.0,0.75,65,3,150,long,359,208,150,58.1,-1210.0,2036.0,-0.59
2.0,0.75,65,3,150,short,375,215,160,57.3,-2011.8,2296.5,-0.88
2.0,0.75,65,4,150,both,729,420,308,57.7,-3234.2,3662.1,-0.88
2.0,0.75,65,4,150,long,357,206,150,57.9,-1295.7,2139.2,-0.61
2.0,0.75,65,4,150,short,372,214,158,57.5,-1938.5,2306.2,-0.84
2.0,0.75,75,1,150,both,746,423,322,56.8,-3316.4,3767.3,-0.88
2.0,0.75,75,1,150,long,362,205,156,56.8,-1347.3,2195.9,-0.61
2.0,0.75,75,1,150,short,384,218,166,56.8,-1969.1,2396.7,-0.82
2.0,0.75,75,2,150,both,733,416,316,56.8,-3375.8,3826.7,-0.88
2.0,0.75,75,2,150,long,356,202,153,56.9,-1369.7,2275.1,-0.6
2.0,0.75,75,2,150,short,377,214,163,56.8,-2006.1,2140.8,-0.94
2.0,0.75,75,3,150,both,726,413,312,57.0,-3329.9,3780.8,-0.88
2.0,0.75,75,3,150,long,354,202,151,57.2,-1243.8,2160.2,-0.58
2.0,0.75,75,3,150,short,372,211,161,56.7,-2086.1,2198.8,-0.95
2.0,0.75,75,4,150,both,720,409,310,56.9,-3368.2,3819.1,-0.88
2.0,0.75,75,4,150,long,351,199,151,56.9,-1355.4,2289.3,-0.59
2.0,0.75,75,4,150,short,369,210,159,56.9,-2012.8,2191.8,-0.92
2.0,0.75,85,1,150,both,739,418,320,56.6,-2880.1,3331.0,-0.86
2.0,0.75,85,1,150,long,360,204,155,56.8,-952.8,2044.3,-0.47
2.0,0.75,85,1,150,short,379,214,165,56.5,-1927.3,2403.0,-0.8
2.0,0.75,85,2,150,both,727,412,314,56.7,-2918.2,3369.1,-0.87
2.0,0.75,85,2,150,long,355,201,153,56.8,-1053.5,2178.0,-0.48
2.0,0.75,85,2,150,short,372,211,161,56.7,-1864.7,2047.5,-0.91
2.0,0.75,85,3,150,both,720,408,311,56.7,-3014.9,3465.8,-0.87
2.0,0.75,85,3,150,long,352,200,151,57.0,-987.2,2122.7,-0.47
2.0,0.75,85,3,150,short,368,208,160,56.5,-2027.7,2171.8,-0.93
2.0,0.75,85,4,150,both,715,405,309,56.7,-3038.8,3489.7,-0.87
2.0,0.75,85,4,150,long,350,198,151,56.7,-1084.4,2237.4,-0.48
2.0,0.75,85,4,150,short,365,207,158,56.7,-1954.4,2181.5,-0.9
2.0,0.75,95,1,150,both,737,417,319,56.7,-2679.3,3183.6,-0.84
2.0,0.75,95,1,150,long,358,204,153,57.1,-920.0,2058.0,-0.45
2.0,0.75,95,1,150,short,379,213,166,56.2,-1759.3,2410.2,-0.73
2.0,0.75,95,2,150,both,724,411,312,56.8,-2632.0,3092.2,-0.85
2.0,0.75,95,2,150,long,352,201,150,57.3,-935.3,2140.7,-0.44
2.0,0.75,95,2,150,short,372,210,162,56.5,-1696.7,2054.7,-0.83
2.0,0.75,95,3,150,both,719,409,309,57.0,-2638.4,3115.0,-0.85
2.0,0.75,95,3,150,long,350,201,148,57.6,-815.2,2054.5,-0.4
2.0,0.75,95,3,150,short,369,208,161,56.4,-1823.2,2181.2,-0.84
2.0,0.75,95,4,150,both,714,406,307,56.9,-2716.7,3248.8,-0.84
2.0,0.75,95,4,150,long,348,199,148,57.3,-988.5,2159.5,-0.46
2.0,0.75,95,4,150,short,366,207,159,56.6,-1728.2,2200.9,-0.79
2.0,1.0,55,1,150,both,745,461,283,62.0,-3772.1,4553.7,-0.83
2.0,1.0,55,1,150,long,368,229,138,62.4,-1738.7,2456.6,-0.71
2.0,1.0,55,1,150,short,377,232,145,61.5,-2033.4,2886.8,-0.7
2.0,1.0,55,2,150,both,733,454,278,62.0,-4015.0,4861.8,-0.83
2.0,1.0,55,2,150,long,361,224,136,62.2,-2096.3,2814.2,-0.74
2.0,1.0,55,2,150,short,372,230,142,61.8,-1918.7,2646.1,-0.73
2.0,1.0,55,3,150,both,730,452,277,62.0,-4142.3,5000.1,-0.83
2.0,1.0,55,3,150,long,359,223,135,62.3,-2109.8,2838.7,-0.74
2.0,1.0,55,3,150,short,371,229,142,61.7,-2032.5,2759.9,-0.74
2.0,1.0,55,4,150,both,725,449,275,62.0,-4212.0,5087.3,-0.83
2.0,1.0,55,4,150,long,357,222,134,62.4,-2085.4,2831.8,-0.74
2.0,1.0,55,4,150,short,368,227,141,61.7,-2126.6,2854.0,-0.75
2.0,1.0,65,1,150,both,737,455,281,61.8,-2937.5,4040.1,-0.73
2.0,1.0,65,1,150,long,362,225,136,62.3,-1232.6,2286.2,-0.54
2.0,1.0,65,1,150,short,375,230,145,61.3,-1704.9,2789.9,-0.61
2.0,1.0,65,2,150,both,725,447,277,61.7,-3335.0,4350.2,-0.77
2.0,1.0,65,2,150,long,355,220,134,62.1,-1600.9,2654.5,-0.6
2.0,1.0,65,2,150,short,370,227,143,61.4,-1734.1,2562.3,-0.68
2.0,1.0,65,3,150,both,723,447,275,61.9,-3306.6,4332.8,-0.76
2.0,1.0,65,3,150,long,355,221,133,62.4,-1566.7,2631.3,-0.6
2.0,1.0,65,3,150,short,368,226,142,61.4,-1739.9,2568.1,-0.68
2.0,1.0,65,4,150,both,718,444,273,61.9,-3328.2,4371.9,-0.76
2.0,1.0,65,4,150,long,353,220,132,62.5,-1545.4,2627.5,-0.59
2.0,1.0,65,4,150,short,365,224,141,61.4,-1782.8,2611.0,-0.68
2.0,1.0,75,1,150,both,728,445,282,61.2,-2862.1,4158.5,-0.69
2.0,1.0,75,1,150,long,356,217,138,61.1,-1376.6,2599.1,-0.53
2.0,1.0,75,1,150,short,372,228,144,61.3,-1485.5,2592.5,-0.57
2.0,1.0,75,2,150,both,718,437,280,60.9,-3499.7,4680.7,-0.75
2.0,1.0,75,2,150,long,350,212,137,60.7,-1849.0,3071.5,-0.6
2.0,1.0,75,2,150,short,368,225,143,61.1,-1650.7,2505.7,-0.66
2.0,1.0,75,3,150,both,715,436,278,61.1,-3501.4,4693.4,-0.75
2.0,1.0,75,3,150,long,350,213,136,61.0,-1806.2,3039.7,-0.59
2.0,1.0,75,3,150,short,365,223,142,61.1,-1695.2,2499.3,-0.68
2.0,1.0,75,4,150,both,709,432,276,61.0,-3548.9,4758.4,-0.75
2.0,1.0,75,4,150,long,347,211,135,61.0,-1810.8,3061.8,-0.59
2.0,1.0,75,4,150,short,362,221,141,61.0,-1738.1,2552.2,-0.68
2.0,1.0,85,1,150,both,719,437,281,60.9,-2763.8,4132.6,-0.67
2.0,1.0,85,1,150,long,353,214,138,60.8,-1256.2,2697.8,-0.47
2.0,1.0,85,1,150,short,366,223,143,60.9,-1507.6,2643.1,-0.57
2.0,1.0,85,2,150,both,710,431,278,60.8,-3123.9,4377.3,-0.71
2.0,1.0,85,2,150,long,348,210,137,60.5,-1575.7,3017.3,-0.52
2.0,1.0,85,2,150,short,362,221,141,61.0,-1548.2,2550.0,-0.61
2.0,1.0,85,3,150,both,707,429,277,60.8,-3293.2,4557.6,-0.72
2.0,1.0,85,3,150,long,347,210,136,60.7,-1592.5,3045.1,-0.52
2.0,1.0,85,3,150,short,360,219,141,60.8,-1700.7,2543.6,-0.67
2.0,1.0,85,4,150,both,703,427,275,60.8,-3226.0,4507.9,-0.72
2.0,1.0,85,4,150,long,345,209,135,60.8,-1582.7,3052.8,-0.52
2.0,1.0,85,4,150,short,358,218,140,60.9,-1643.3,2496.2,-0.66
2.0,1.0,95,1,150,both,717,436,280,60.9,-2588.0,3948.1,-0.66
2.0,1.0,95,1,150,long,351,214,136,61.1,-1223.4,2711.5,-0.45
2.0,1.0,95,1,150,short,366,222,144,60.7,-1364.6,2592.3,-0.53
2.0,1.0,95,2,150,both,707,430,276,60.9,-2837.7,4091.4,-0.69
2.0,1.0,95,2,150,long,345,210,134,61.0,-1432.5,2955.9,-0.48
2.0,1.0,95,2,150,short,362,220,142,60.8,-1405.2,2557.3,-0.55
2.0,1.0,95,3,150,both,706,430,275,61.0,-2916.7,4187.9,-0.7
2.0,1.0,95,3,150,long,345,211,133,61.3,-1395.5,2952.8,-0.47
2.0,1.0,95,3,150,short,361,219,142,60.7,-1521.2,2550.9,-0.6
2.0,1.0,95,4,150,both,702,428,273,61.1,-2903.9,4134.7,-0.7
2.0,1.0,95,4,150,long,343,210,132,61.4,-1461.8,2950.8,-0.5
2.0,1.0,95,4,150,short,359,218,141,60.7,-1442.1,2503.5,-0.58
2.0,1.25,55,1,150,both,735,472,262,64.3,-3187.0,3723.7,-0.86
2.0,1.25,55,1,150,long,361,233,127,64.7,-1643.5,2284.4,-0.72
2.0,1.25,55,1,150,short,374,239,135,63.9,-1543.5,2335.3,-0.66
2.0,1.25,55,2,150,both,726,466,259,64.3,-3316.4,3935.7,-0.84
2.0,1.25,55,2,150,long,356,230,125,64.8,-1832.6,2473.5,-0.74
2.0,1.25,55,2,150,short,370,236,134,63.8,-1483.8,2389.5,-0.62
2.0,1.25,55,3,150,both,722,464,257,64.4,-3317.1,3936.4,-0.84
2.0,1.25,55,3,150,long,354,229,124,64.9,-1846.1,2498.0,-0.74
2.0,1.25,55,3,150,short,368,235,133,63.9,-1471.0,2376.7,-0.62
2.0,1.25,55,4,150,both,718,461,256,64.3,-3364.1,3983.4,-0.84
2.0,1.25,55,4,150,long,353,228,124,64.8,-1823.7,2493.1,-0.73
2.0,1.25,55,4,150,short,365,233,132,63.8,-1540.4,2446.1,-0.63
2.0,1.25,65,1,150,both,727,466,260,64.2,-2240.8,2956.5,-0.76
2.0,1.25,65,1,150,long,355,229,125,64.7,-1221.1,2103.1,-0.58
2.0,1.25,65,1,150,short,372,237,135,63.7,-1019.7,2066.6,-0.49
2.0,1.25,65,2,150,both,718,459,258,64.0,-2745.1,3488.8,-0.79
2.0,1.25,65,2,150,long,350,226,123,64.8,-1420.9,2302.9,-0.62
2.0,1.25,65,2,150,short,368,233,135,63.3,-1324.2,2307.5,-0.57
2.0,1.25,65,3,150,both,715,459,255,64.3,-2565.1,3314.7,-0.77
2.0,1.25,65,3,150,long,350,227,122,65.0,-1386.7,2279.7,-0.61
2.0,1.25,65,3,150,short,365,232,133,63.6,-1178.4,2163.9,-0.54
2.0,1.25,65,4,150,both,711,456,254,64.2,-2564.0,3417.4,-0.75
2.0,1.25,65,4,150,long,349,226,122,64.9,-1367.4,2277.9,-0.6
2.0,1.25,65,4,150,short,362,230,132,63.5,-1196.6,2192.1,-0.55
2.0,1.25,75,1,150,both,718,455,262,63.5,-2476.5,3386.0,-0.73
2.0,1.25,75,1,150,long,349,221,127,63.5,-1307.2,2200.1,-0.59
2.0,1.25,75,1,150,short,369,234,135,63.4,-1169.3,2314.1,-0.51
2.0,1.25,75,2,150,both,711,449,261,63.2,-2901.9,3811.4,-0.76
2.0,1.25,75,2,150,long,345,218,126,63.4,-1636.1,2529.0,-0.65
2.0,1.25,75,2,150,short,366,231,135,63.1,-1265.8,2314.1,-0.55
2.0,1.25,75,3,150,both,707,448,258,63.5,-2752.0,3664.7,-0.75
2.0,1.25,75,3,150,long,345,219,125,63.7,-1593.3,2497.2,-0.64
2.0,1.25,75,3,150,short,362,229,133,63.3,-1158.7,2181.1,-0.53
2.0,1.25,75,4,150,both,702,444,257,63.3,-2776.8,3721.3,-0.75
2.0,1.25,75,4,150,long,343,217,125,63.5,-1599.9,2534.4,-0.63
2.0,1.25,75,4,150,short,359,227,132,63.2,-1176.9,2157.9,-0.55
2.0,1.25,85,1,150,both,709,448,260,63.3,-2239.3,3221.5,-0.7
2.0,1.25,85,1,150,long,346,219,126,63.5,-942.8,2054.8,-0.46
2.0,1.25,85,1,150,short,363,229,134,63.1,-1296.5,2358.4,-0.55
2.0,1.25,85,2,150,both,703,444,258,63.2,-2362.2,3344.4,-0.71
2.0,1.25,85,2,150,long,343,217,125,63.5,-1118.8,2230.8,-0.5
2.0,1.25,85,2,150,short,360,227,133,63.1,-1243.4,2358.4,-0.53
2.0,1.25,85,3,150,both,699,442,256,63.3,-2404.9,3396.1,-0.71
2.0,1.25,85,3,150,long,342,217,124,63.6,-1135.6,2263.5,-0.5
2.0,1.25,85,3,150,short,357,225,132,63.0,-1269.3,2225.4,-0.57
2.0,1.25,85,4,150,both,696,440,255,63.3,-2315.0,3363.8,-0.69
2.0,1.25,85,4,150,long,341,216,124,63.5,-1127.8,2297.0,-0.49
2.0,1.25,85,4,150,short,355,224,131,63.1,-1187.2,2092.4,-0.57
2.0,1.25,95,1,150,both,707,447,259,63.3,-2088.5,3037.1,-0.69
2.0,1.25,95,1,150,long,344,219,124,63.8,-910.0,2074.6,-0.44
2.0,1.25,95,1,150,short,363,228,135,62.8,-1178.5,2337.7,-0.5
2.0,1.25,95,2,150,both,700,443,256,63.4,-2184.0,3175.3,-0.69
2.0,1.25,95,2,150,long,340,217,122,64.0,-1058.6,2265.9,-0.47
2.0,1.25,95,2,150,short,360,226,134,62.8,-1125.4,2337.7,-0.48
2.0,1.25,95,3,150,both,698,443,254,63.6,-2136.4,3161.6,-0.68
2.0,1.25,95,3,150,long,340,218,121,64.3,-1021.6,2262.8,-0.45
2.0,1.25,95,3,150,short,358,225,133,62.8,-1114.8,2204.7,-0.51
2.0,1.25,95,4,150,both,695,441,253,63.5,-2100.9,3150.0,-0.67
2.0,1.25,95,4,150,long,339,217,121,64.2,-1089.9,2262.8,-0.48
2.0,1.25,95,4,150,short,356,224,132,62.9,-1011.0,2071.7,-0.49
2.0,1.5,55,1,150,both,726,473,252,65.2,-4067.5,4841.0,-0.84
2.0,1.5,55,1,150,long,356,235,120,66.2,-1369.9,2265.7,-0.6
2.0,1.5,55,1,150,short,370,238,132,64.3,-2697.6,3260.0,-0.83
2.0,1.5,55,2,150,both,719,469,249,65.3,-3911.9,4700.3,-0.83
2.0,1.5,55,2,150,long,353,234,118,66.5,-1275.7,2171.5,-0.59
2.0,1.5,55,2,150,short,366,235,131,64.2,-2636.2,3407.4,-0.77
2.0,1.5,55,3,150,both,717,468,248,65.4,-3923.2,4711.6,-0.83
2.0,1.5,55,3,150,long,351,233,117,66.6,-1289.2,2196.0,-0.59
2.0,1.5,55,3,150,short,366,235,131,64.2,-2634.0,3405.2,-0.77
2.0,1.5,55,4,150,both,715,466,248,65.3,-4042.3,4834.8,-0.84
2.0,1.5,55,4,150,long,350,232,117,66.5,-1266.8,2191.1,-0.58
2.0,1.5,55,4,150,short,365,234,131,64.1,-2775.5,3546.7,-0.78
2.0,1.5,65,1,150,both,718,467,250,65.1,-3238.6,4174.6,-0.78
2.0,1.5,65,1,150,long,350,231,118,66.2,-1064.8,2201.7,-0.48
2.0,1.5,65,1,150,short,368,236,132,64.1,-2173.8,2865.5,-0.76
2.0,1.5,65,2,150,both,711,462,248,65.1,-3391.9,4355.9,-0.78
2.0,1.5,65,2,150,long,347,230,116,66.5,-890.3,2027.2,-0.44
2.0,1.5,65,2,150,short,364,232,132,63.7,-2501.6,3221.3,-0.78
2.0,1.5,65,3,150,both,710,463,246,65.3,-3197.5,4161.5,-0.77
2.0,1.5,65,3,150,long,347,231,115,66.8,-856.1,2004.0,-0.43
2.0,1.5,65,3,150,short,363,232,131,63.9,-2341.4,3061.1,-0.76
2.0,1.5,65,4,150,both,708,461,246,65.2,-3268.5,4236.6,-0.77
2.0,1.5,65,4,150,long,346,230,115,66.7,-836.8,2002.2,-0.42
2.0,1.5,65,4,150,short,362,231,131,63.8,-2431.7,3151.4,-0.77
2.0,1.5,75,1,150,both,709,457,251,64.5,-3408.8,4538.6,-0.75
2.0,1.5,75,1,150,long,344,224,119,65.3,-1060.4,2108.2,-0.5
2.0,1.5,75,1,150,short,365,233,132,63.8,-2348.4,3072.9,-0.76
2.0,1.5,75,2,150,both,704,453,250,64.4,-3508.2,4638.0,-0.76
2.0,1.5,75,2,150,long,342,223,118,65.4,-1040.0,2093.5,-0.5
2.0,1.5,75,2,150,short,362,230,132,63.5,-2468.2,3147.0,-0.78
2.0,1.5,75,3,150,both,702,453,248,64.6,-3343.9,4473.7,-0.75
2.0,1.5,75,3,150,long,342,224,117,65.7,-997.2,2078.1,-0.48
2.0,1.5,75,3,150,short,360,229,131,63.6,-2346.7,2986.8,-0.79
2.0,1.5,75,4,150,both,699,450,248,64.5,-3440.8,4574.7,-0.75
2.0,1.5,75,4,150,long,340,222,117,65.5,-1003.8,2126.0,-0.47
2.0,1.5,75,4,150,short,359,228,131,63.5,-2437.0,3077.1,-0.79
2.0,1.5,85,1,150,both,700,450,249,64.4,-3090.2,4292.7,-0.72
2.0,1.5,85,1,150,long,341,222,118,65.3,-696.0,1977.5,-0.35
2.0,1.5,85,1,150,short,359,228,131,63.5,-2394.2,3125.2,-0.77
2.0,1.5,85,2,150,both,696,448,247,64.5,-2862.1,4064.6,-0.7
2.0,1.5,85,2,150,long,340,222,117,65.5,-522.7,1810.9,-0.29
2.0,1.5,85,2,150,short,356,226,130,63.5,-2339.4,3024.7,-0.77
2.0,1.5,85,3,150,both,694,447,246,64.5,-2915.4,4117.9,-0.71
2.0,1.5,85,3,150,long,339,222,116,65.7,-539.5,1855.1,-0.29
2.0,1.5,85,3,150,short,355,225,130,63.4,-2375.9,3022.5,-0.79
2.0,1.5,85,4,150,both,693,446,246,64.5,-2897.6,4119.8,-0.7
2.0,1.5,85,4,150,long,338,221,116,65.6,-531.7,1888.6,-0.28
2.0,1.5,85,4,150,short,355,225,130,63.4,-2365.9,3012.5,-0.79
2.0,1.5,95,1,150,both,698,449,248,64.4,-2836.0,4075.8,-0.7
2.0,1.5,95,1,150,long,339,222,116,65.7,-663.2,2015.5,-0.33
2.0,1.5,95,1,150,short,359,227,132,63.2,-2172.8,3049.5,-0.71
2.0,1.5,95,2,150,both,693,447,245,64.6,-2580.5,3848.5,-0.67
2.0,1.5,95,2,150,long,337,222,114,66.1,-462.5,1857.5,-0.25
2.0,1.5,95,2,150,short,356,225,131,63.2,-2118.0,2903.1,-0.73
2.0,1.5,95,3,150,both,693,448,244,64.7,-2543.5,3827.9,-0.66
2.0,1.5,95,3,150,long,337,223,113,66.4,-425.5,1854.4,-0.23
2.0,1.5,95,3,150,short,356,225,131,63.2,-2118.0,2903.1,-0.73
2.0,1.5,95,4,150,both,692,447,244,64.7,-2580.1,3920.0,-0.66
2.0,1.5,95,4,150,long,336,222,113,66.3,-493.8,1854.4,-0.27
2.0,1.5,95,4,150,short,356,225,131,63.2,-2086.3,2903.1,-0.72
2.0,2.0,55,1,150,both,721,476,244,66.1,-4458.1,5518.8,-0.81
2.0,2.0,55,1,150,long,355,239,115,67.5,-1920.2,2810.9,-0.68
2.0,2.0,55,1,150,short,366,237,129,64.8,-2537.9,3417.5,-0.74
2.0,2.0,55,2,150,both,715,473,241,66.2,-4294.6,5358.3,-0.8
2.0,2.0,55,2,150,long,352,238,113,67.8,-1766.5,2657.2,-0.66
2.0,2.0,55,2,150,short,363,235,128,64.7,-2528.1,3518.5,-0.72
2.0,2.0,55,3,150,both,712,472,239,66.4,-4078.4,5142.1,-0.79
2.0,2.0,55,3,150,long,350,237,112,67.9,-1760.5,2662.2,-0.66
2.0,2.0,55,3,150,short,362,235,127,64.9,-2317.9,3308.3,-0.7
2.0,2.0,55,4,150,both,710,470,239,66.3,-4197.5,5261.2,-0.8
2.0,2.0,55,4,150,long,349,236,112,67.8,-1738.1,2657.3,-0.65
2.0,2.0,55,4,150,short,361,234,127,64.8,-2459.4,3449.8,-0.71
2.0,2.0,65,1,150,both,713,470,242,66.0,-3539.1,4738.2,-0.75
2.0,2.0,65,1,150,long,349,235,113,67.5,-1536.2,2668.0,-0.58
2.0,2.0,65,1,150,short,364,235,129,64.6,-2002.9,3148.8,-0.64
2.0,2.0,65,2,150,both,707,466,240,66.0,-3571.3,4770.4,-0.75
2.0,2.0,65,2,150,long,346,234,111,67.8,-1252.2,2384.0,-0.53
2.0,2.0,65,2,150,short,361,232,129,64.3,-2319.1,3401.4,-0.68
2.0,2.0,65,3,150,both,705,467,237,66.3,-3099.4,4298.5,-0.72
2.0,2.0,65,3,150,long,346,235,110,68.1,-1198.5,2341.3,-0.51
2.0,2.0,65,3,150,short,359,232,127,64.6,-1900.9,2985.4,-0.64
2.0,2.0,65,4,150,both,703,465,237,66.2,-3170.4,4369.5,-0.73
2.0,2.0,65,4,150,long,345,234,110,68.0,-1179.2,2339.5,-0.5
2.0,2.0,65,4,150,short,358,231,127,64.5,-1991.2,3085.7,-0.65
2.0,2.0,75,1,150,both,704,461,242,65.6,-3253.5,4550.1,-0.72
2.0,2.0,75,1,150,long,343,228,114,66.7,-1414.3,2550.3,-0.55
2.0,2.0,75,1,150,short,361,233,128,64.5,-1839.2,3037.3,-0.61
2.0,2.0,75,2,150,both,700,458,241,65.5,-3281.8,4578.4,-0.72
2.0,2.0,75,2,150,long,341,227,113,66.8,-1334.4,2470.4,-0.54
2.0,2.0,75,2,150,short,359,231,128,64.3,-1947.4,3053.9,-0.64
2.0,2.0,75,3,150,both,697,458,238,65.8,-2840.0,4136.6,-0.69
2.0,2.0,75,3,150,long,341,228,112,67.1,-1272.1,2419.1,-0.53
2.0,2.0,75,3,150,short,356,230,126,64.6,-1567.9,2637.9,-0.59
2.0,2.0,75,4,150,both,694,455,238,65.7,-2936.9,4243.6,-0.69
2.0,2.0,75,4,150,long,339,226,112,66.9,-1278.7,2443.2,-0.52
2.0,2.0,75,4,150,short,355,229,126,64.5,-1658.2,2738.2,-0.61
2.0,2.0,85,1,150,both,695,454,240,65.4,-2931.4,4286.0,-0.68
2.0,2.0,85,1,150,long,340,226,113,66.7,-1049.9,2340.3,-0.45
2.0,2.0,85,1,150,short,355,228,127,64.2,-1881.5,3087.9,-0.61
2.0,2.0,85,2,150,both,692,453,238,65.6,-2582.2,3938.8,-0.66
2.0,2.0,85,2,150,long,339,226,112,66.9,-817.1,2107.5,-0.39
2.0,2.0,85,2,150,short,353,227,126,64.3,-1765.1,2879.9,-0.61
2.0,2.0,85,3,150,both,689,452,236,65.7,-2408.0,3781.0,-0.64
2.0,2.0,85,3,150,long,338,226,111,67.1,-814.4,2115.8,-0.38
2.0,2.0,85,3,150,short,351,226,125,64.4,-1593.6,2671.9,-0.6
2.0,2.0,85,4,150,both,688,451,236,65.6,-2390.2,3787.0,-0.63
2.0,2.0,85,4,150,long,337,225,111,67.0,-806.6,2135.3,-0.38
2.0,2.0,85,4,150,short,351,226,125,64.4,-1583.6,2671.9,-0.59
2.0,2.0,95,1,150,both,693,453,239,65.5,-2677.2,4088.1,-0.65
2.0,2.0,95,1,150,long,338,226,111,67.1,-1017.1,2354.0,-0.43
2.0,2.0,95,1,150,short,355,227,128,63.9,-1660.1,3012.2,-0.55
2.0,2.0,95,2,150,both,689,452,236,65.7,-2300.6,3743.2,-0.61
2.0,2.0,95,2,150,long,336,226,109,67.5,-756.9,2123.7,-0.36
2.0,2.0,95,2,150,short,353,226,127,64.0,-1543.7,2804.2,-0.55
2.0,2.0,95,3,150,both,688,453,234,65.9,-2036.1,3495.1,-0.58
2.0,2.0,95,3,150,long,336,227,108,67.8,-700.4,2101.1,-0.33
2.0,2.0,95,3,150,short,352,226,126,64.2,-1335.7,2596.2,-0.51
2.0,2.0,95,4,150,both,687,452,234,65.9,-2072.7,3587.2,-0.58
2.0,2.0,95,4,150,long,335,226,108,67.7,-768.7,2101.1,-0.37
2.0,2.0,95,4,150,short,352,226,126,64.2,-1304.0,2596.2,-0.5
2.0,0.5,55,1,200,both,838,407,430,48.6,-5881.1,6242.9,-0.94
2.0,0.5,55,1,200,long,411,197,213,48.0,-3510.4,3706.2,-0.95
2.0,0.5,55,1,200,short,427,210,217,49.2,-2370.7,2550.1,-0.93
2.0,0.5,55,2,200,both,804,400,403,49.8,-5007.7,5376.3,-0.93
2.0,0.5,55,2,200,long,397,194,202,49.0,-3236.6,3419.0,-0.95
2.0,0.5,55,2,200,short,407,206,201,50.6,-1771.1,2027.5,-0.87
2.0,0.5,55,3,200,both,790,395,394,50.1,-4763.7,5138.1,-0.93
2.0,0.5,55,3,200,long,388,189,198,48.8,-3265.0,3447.4,-0.95
2.0,0.5,55,3,200,short,402,206,196,51.2,-1498.7,1707.7,-0.88
2.0,0.5,55,4,200,both,775,389,385,50.3,-4676.3,4879.3,-0.96
2.0,0.5,55,4,200,long,380,184,195,48.5,-3233.5,3355.8,-0.96
2.0,0.5,55,4,200,short,395,205,190,51.9,-1442.8,1612.4,-0.89
2.0,0.5,65,1,200,both,830,401,428,48.4,-5244.4,5700.8,-0.92
2.0,0.5,65,1,200,long,406,194,211,47.9,-3084.2,3420.8,-0.9
2.0,0.5,65,1,200,short,424,207,217,48.8,-2160.2,2339.6,-0.92
2.0,0.5,65,2,200,both,796,393,402,49.4,-4388.2,4851.4,-0.9
2.0,0.5,65,2,200,long,390,190,199,48.8,-2782.3,3059.3,-0.91
2.0,0.5,65,2,200,short,406,203,203,50.0,-1605.9,1951.3,-0.82
2.0,0.5,65,3,200,both,782,389,392,49.8,-4064.7,4533.7,-0.9
2.0,0.5,65,3,200,long,383,187,195,49.0,-2761.2,3038.2,-0.91
2.0,0.5,65,3,200,short,399,202,197,50.6,-1303.5,1495.5,-0.87
2.0,0.5,65,4,200,both,767,381,385,49.7,-4182.3,4479.9,-0.93
2.0,0.5,65,4,200,long,375,182,192,48.7,-2732.8,2949.7,-0.93
2.0,0.5,65,4,200,short,392,199,193,50.8,-1449.5,1602.1,-0.9
2.0,0.5,75,1,200,both,822,393,428,47.9,-5076.6,5533.0,-0.92
2.0,0.5,75,1,200,long,400,187,212,46.9,-3123.7,3454.9,-0.9
2.0,0.5,75,1,200,short,422,206,216,48.8,-1952.9,2132.3,-0.92
2.0,0.5,75,2,200,both,789,382,406,48.5,-4640.6,5103.8,-0.91
2.0,0.5,75,2,200,long,385,181,203,47.1,-3082.9,3359.9,-0.92
2.0,0.5,75,2,200,short,404,201,203,49.8,-1557.7,1743.9,-0.89
2.0,0.5,75,3,200,both,775,379,395,49.0,-4210.7,4679.7,-0.9
2.0,0.5,75,3,200,long,379,180,198,47.6,-2916.7,3193.7,-0.91
2.0,0.5,75,3,200,short,396,199,197,50.3,-1294.0,1486.0,-0.87
2.0,0.5,75,4,200,both,761,371,389,48.8,-4393.9,4691.5,-0.94
2.0,0.5,75,4,200,long,372,175,196,47.2,-2953.9,3170.8,-0.93
2.0,0.5,75,4,200,short,389,196,193,50.4,-1440.0,1592.6,-0.9
2.0,0.5,85,1,200,both,815,387,427,47.5,-4830.0,5286.4,-0.91
2.0,0.5,85,1,200,long,399,186,212,46.7,-2878.7,3209.6,-0.9
2.0,0.5,85,1,200,short,416,201,215,48.3,-1951.3,2130.7,-0.92
2.0,0.5,85,2,200,both,782,377,404,48.3,-4319.4,4782.6,-0.9
2.0,0.5,85,2,200,long,384,180,203,47.0,-2837.9,3114.9,-0.91
2.0,0.5,85,2,200,short,398,197,201,49.5,-1481.5,1667.7,-0.89
2.0,0.5,85,3,200,both,769,374,394,48.7,-3984.1,4453.1,-0.89
2.0,0.5,85,3,200,long,378,179,198,47.5,-2708.3,2985.3,-0.91
2.0,0.5,85,3,200,short,391,195,196,49.9,-1275.8,1467.8,-0.87
2.0,0.5,85,4,200,both,755,366,388,48.5,-4167.3,4464.9,-0.93
2.0,0.5,85,4,200,long,371,174,196,47.0,-2745.5,2962.4,-0.93
2.0,0.5,85,4,200,short,384,192,192,50.0,-1421.8,1574.4,-0.9
2.0,0.5,95,1,200,both,814,387,426,47.6,-4535.0,4998.3,-0.91
2.0,0.5,95,1,200,long,398,187,210,47.1,-2829.3,3205.8,-0.88
2.0,0.5,95,1,200,short,416,200,216,48.1,-1705.7,2065.9,-0.83
2.0,0.5,95,2,200,both,780,378,401,48.5,-3833.8,4303.9,-0.89
2.0,0.5,95,2,200,long,382,182,199,47.8,-2597.9,2951.9,-0.88
2.0,0.5,95,2,200,short,398,196,202,49.2,-1235.9,1610.0,-0.77
2.0,0.5,95,3,200,both,768,375,392,48.9,-3542.0,4017.9,-0.88
2.0,0.5,95,3,200,long,376,180,195,48.0,-2550.5,2840.2,-0.9
2.0,0.5,95,3,200,short,392,195,197,49.7,-991.5,1208.7,-0.82
2.0,0.5,95,4,200,both,754,367,386,48.7,-3777.8,4139.1,-0.91
2.0,0.5,95,4,200,long,369,175,193,47.6,-2663.8,2893.3,-0.92
2.0,0.5,95,4,200,short,385,192,193,49.9,-1114.0,1419.1,-0.79
2.0,0.75,55,1,200,both,783,442,340,56.5,-5844.8,6325.4,-0.92
2.0,0.75,55,1,200,long,387,220,166,57.0,-2674.2,3227.9,-0.83
2.0,0.75,55,1,200,short,396,222,174,56.1,-3170.6,3368.1,-0.94
2.0,0.75,55,2,200,both,766,434,331,56.7,-5701.1,6181.7,-0.92
2.0,0.75,55,2,200,long,379,214,164,56.6,-2951.0,3463.1,-0.85
2.0,0.75,55,2,200,short,387,220,167,56.8,-2750.1,2947.6,-0.93
2.0,0.75,55,3,200,both,757,429,327,56.7,-5539.1,5962.9,-0.93
2.0,0.75,55,3,200,long,372,210,161,56.6,-2798.4,3264.7,-0.86
2.0,0.75,55,3,200,short,385,219,166,56.9,-2740.7,2938.2,-0.93
2.0,0.75,55,4,200,both,752,426,325,56.7,-5583.9,6007.7,-0.93
2.0,0.75,55,4,200,long,369,208,160,56.5,-2798.0,3281.8,-0.85
2.0,0.75,55,4,200,short,383,218,165,56.9,-2785.9,2983.4,-0.93
2.0,0.75,65,1,200,both,775,435,339,56.2,-5132.7,5707.9,-0.9
2.0,0.75,65,1,200,long,381,216,164,56.8,-2198.0,3056.2,-0.72
2.0,0.75,65,1,200,short,394,219,175,55.6,-2934.7,3132.2,-0.94
2.0,0.75,65,2,200,both,757,425,331,56.2,-5150.4,5725.6,-0.9
2.0,0.75,65,2,200,long,372,210,161,56.6,-2402.5,3219.1,-0.75
2.0,0.75,65,2,200,short,385,215,170,55.8,-2747.9,2945.4,-0.93
2.0,0.75,65,3,200,both,749,422,326,56.4,-4778.1,5296.5,-0.9
2.0,0.75,65,3,200,long,367,208,158,56.8,-2202.2,2973.0,-0.74
2.0,0.75,65,3,200,short,382,214,168,56.0,-2575.9,2773.4,-0.93
2.0,0.75,65,4,200,both,744,419,324,56.4,-4790.5,5308.9,-0.9
2.0,0.75,65,4,200,long,364,206,157,56.7,-2204.9,2993.2,-0.74
2.0,0.75,65,4,200,short,380,213,167,56.1,-2585.6,2783.1,-0.93
2.0,0.75,75,1,200,both,765,426,338,55.8,-5018.9,5594.1,-0.9
2.0,0.75,75,1,200,long,374,210,163,56.3,-2116.5,2958.1,-0.72
2.0,0.75,75,1,200,short,391,216,175,55.2,-2902.4,3099.9,-0.94
2.0,0.75,75,2,200,both,749,416,332,55.6,-5226.7,5801.9,-0.9
2.0,0.75,75,2,200,long,366,204,161,55.9,-2400.1,3200.1,-0.75
2.0,0.75,75,2,200,short,383,212,171,55.4,-2826.6,3024.1,-0.93
2.0,0.75,75,3,200,both,740,412,327,55.8,-4884.5,5402.9,-0.9
2.0,0.75,75,3,200,long,361,202,158,56.1,-2191.2,2945.4,-0.74
2.0,0.75,75,3,200,short,379,210,169,55.4,-2693.3,2890.8,-0.93
2.0,0.75,75,4,200,both,735,408,326,55.6,-5005.8,5524.2,-0.91
2.0,0.75,75,4,200,long,358,199,158,55.7,-2302.8,3074.5,-0.75
2.0,0.75,75,4,200,short,377,209,168,55.4,-2703.0,2900.5,-0.93
2.0,0.75,85,1,200,both,758,421,336,55.6,-4586.9,5162.1,-0.89
2.0,0.75,85,1,200,long,373,210,162,56.5,-1661.6,2722.3,-0.61
2.0,0.75,85,1,200,short,385,211,174,54.8,-2925.3,3122.8,-0.94
2.0,0.75,85,2,200,both,742,412,329,55.6,-4690.4,5265.6,-0.89
2.0,0.75,85,2,200,long,365,204,160,56.0,-1940.5,2959.6,-0.66
2.0,0.75,85,2,200,short,377,208,169,55.2,-2749.9,2947.4,-0.93
2.0,0.75,85,3,200,both,733,407,325,55.6,-4521.6,5040.0,-0.9
2.0,0.75,85,3,200,long,359,201,157,56.1,-1822.0,2795.3,-0.65
2.0,0.75,85,3,200,short,374,206,168,55.1,-2699.6,2897.1,-0.93
2.0,0.75,85,4,200,both,729,404,324,55.5,-4628.5,5146.9,-0.9
2.0,0.75,85,4,200,long,357,199,157,55.9,-1919.2,2910.0,-0.66
2.0,0.75,85,4,200,short,372,205,167,55.1,-2709.3,2906.8,-0.93
2.0,0.75,95,1,200,both,756,419,336,55.5,-4507.0,5021.3,-0.9
2.0,0.75,95,1,200,long,371,209,161,56.5,-1749.7,2754.9,-0.64
2.0,0.75,95,1,200,short,385,210,175,54.5,-2757.3,2952.4,-0.93
2.0,0.75,95,2,200,both,739,410,328,55.6,-4525.1,5039.4,-0.9
2.0,0.75,95,2,200,long,362,203,158,56.2,-1943.2,2917.8,-0.67
2.0,0.75,95,2,200,short,377,207,170,54.9,-2581.9,2777.0,-0.93
2.0,0.75,95,3,200,both,732,407,324,55.7,-4266.0,4780.3,-0.89
2.0,0.75,95,3,200,long,357,201,155,56.5,-1770.9,2706.2,-0.65
2.0,0.75,95,3,200,short,375,206,169,54.9,-2495.1,2690.2,-0.93
2.0,0.75,95,4,200,both,728,404,323,55.6,-4427.3,4941.6,-0.9
2.0,0.75,95,4,200,long,355,199,155,56.2,-1944.2,2787.4,-0.7
2.0,0.75,95,4,200,short,373,205,168,55.0,-2483.1,2678.2,-0.93
2.0,1.0,55,1,200,both,760,463,296,61.0,-5104.9,5905.8,-0.86
2.0,1.0,55,1,200,long,376,231,144,61.6,-2409.7,3155.2,-0.76
2.0,1.0,55,1,200,short,384,232,152,60.4,-2695.2,3238.6,-0.83
2.0,1.0,55,2,200,both,746,454,291,60.9,-5424.5,6199.5,-0.87
2.0,1.0,55,2,200,long,369,225,143,61.1,-2825.3,3570.8,-0.79
2.0,1.0,55,2,200,short,377,229,148,60.7,-2599.2,3156.1,-0.82
2.0,1.0,55,3,200,both,742,452,289,61.0,-5344.1,6073.3,-0.88
2.0,1.0,55,3,200,long,366,223,142,61.1,-2872.8,3572.5,-0.8
2.0,1.0,55,3,200,short,376,229,147,60.9,-2471.3,3028.2,-0.82
2.0,1.0,55,4,200,both,737,449,287,61.0,-5341.1,6046.3,-0.88
2.0,1.0,55,4,200,long,363,221,141,61.0,-2844.5,3520.2,-0.81
2.0,1.0,55,4,200,short,374,228,146,61.0,-2496.6,3053.5,-0.82
2.0,1.0,65,1,200,both,751,456,294,60.8,-4346.1,5282.4,-0.82
2.0,1.0,65,1,200,long,370,227,142,61.5,-1940.9,2984.0,-0.65
2.0,1.0,65,1,200,short,381,229,152,60.1,-2405.2,3137.8,-0.77
2.0,1.0,65,2,200,both,737,446,290,60.6,-4719.5,5629.9,-0.84
2.0,1.0,65,2,200,long,362,221,140,61.2,-2259.2,3263.0,-0.69
2.0,1.0,65,2,200,short,375,225,150,60.0,-2460.3,3018.2,-0.82
2.0,1.0,65,3,200,both,734,446,287,60.8,-4403.8,5268.4,-0.84
2.0,1.0,65,3,200,long,361,221,139,61.4,-2259.0,3217.0,-0.7
2.0,1.0,65,3,200,short,373,225,148,60.3,-2144.8,2702.7,-0.79
2.0,1.0,65,4,200,both,729,443,285,60.9,-4333.9,5174.5,-0.84
2.0,1.0,65,4,200,long,358,219,138,61.3,-2233.8,3167.8,-0.71
2.0,1.0,65,4,200,short,371,224,147,60.4,-2100.1,2681.8,-0.78
2.0,1.0,75,1,200,both,740,445,294,60.2,-4337.0,5361.7,-0.81
2.0,1.0,75,1,200,long,362,218,143,60.4,-2108.1,3231.2,-0.65
2.0,1.0,75,1,200,short,378,227,151,60.1,-2228.9,2926.5,-0.76
2.0,1.0,75,2,200,both,728,435,292,59.8,-4950.5,5949.3,-0.83
2.0,1.0,75,2,200,long,355,212,142,59.9,-2530.5,3614.3,-0.7
2.0,1.0,75,2,200,short,373,223,150,59.8,-2420.0,2914.9,-0.83
2.0,1.0,75,3,200,both,724,434,289,60.0,-4664.9,5617.9,-0.83
2.0,1.0,75,3,200,long,354,212,141,60.1,-2521.7,3559.7,-0.71
2.0,1.0,75,3,200,short,370,222,148,60.0,-2143.2,2635.1,-0.81
2.0,1.0,75,4,200,both,719,431,287,60.0,-4622.9,5551.9,-0.83
2.0,1.0,75,4,200,long,351,210,140,60.0,-2524.4,3538.4,-0.71
2.0,1.0,75,4,200,short,368,221,147,60.1,-2098.5,2590.4,-0.81
2.0,1.0,85,1,200,both,734,440,293,60.0,-3996.2,5020.6,-0.8
2.0,1.0,85,1,200,long,361,217,143,60.3,-1809.9,3152.1,-0.57
2.0,1.0,85,1,200,short,373,223,150,59.8,-2186.3,2977.1,-0.73
2.0,1.0,85,2,200,both,722,431,290,59.8,-4480.4,5478.9,-0.82
2.0,1.0,85,2,200,long,354,211,142,59.8,-2227.6,3530.5,-0.63
2.0,1.0,85,2,200,short,368,220,148,59.8,-2252.8,2840.9,-0.79
2.0,1.0,85,3,200,both,718,429,288,59.8,-4362.4,5315.1,-0.82
2.0,1.0,85,3,200,long,352,210,141,59.8,-2278.4,3535.5,-0.64
2.0,1.0,85,3,200,short,366,219,147,59.8,-2084.0,2633.4,-0.79
2.0,1.0,85,4,200,both,715,428,286,59.9,-4205.7,5134.4,-0.82
2.0,1.0,85,4,200,long,350,209,140,59.9,-2266.7,3499.8,-0.65
2.0,1.0,85,4,200,short,365,219,146,60.0,-1939.0,2521.4,-0.77
2.0,1.0,95,1,200,both,732,438,293,59.9,-3966.3,4981.7,-0.8
2.0,1.0,95,1,200,long,359,216,142,60.3,-1923.0,3184.7,-0.6
2.0,1.0,95,1,200,short,373,222,151,59.5,-2043.3,2926.3,-0.7
2.0,1.0,95,2,200,both,719,429,289,59.7,-4340.1,5331.2,-0.81
2.0,1.0,95,2,200,long,351,210,140,60.0,-2230.3,3463.7,-0.64
2.0,1.0,95,2,200,short,368,219,149,59.5,-2109.8,2790.1,-0.76
2.0,1.0,95,3,200,both,717,429,287,59.9,-4131.8,5083.6,-0.81
2.0,1.0,95,3,200,long,350,210,139,60.2,-2227.3,3421.4,-0.65
2.0,1.0,95,3,200,short,367,219,148,59.7,-1904.5,2637.0,-0.72
2.0,1.0,95,4,200,both,714,428,285,60.0,-4029.5,4847.7,-0.83
2.0,1.0,95,4,200,long,348,209,138,60.2,-2291.7,3352.2,-0.68
2.0,1.0,95,4,200,short,366,219,147,59.8,-1737.8,2528.7,-0.69
2.0,1.25,55,1,200,both,745,470,274,63.2,-4411.5,5010.0,-0.88
2.0,1.25,55,1,200,long,367,234,132,63.9,-2128.7,2723.8,-0.78
2.0,1.25,55,1,200,short,378,236,142,62.4,-2282.8,2766.2,-0.83
2.0,1.25,55,2,200,both,735,465,269,63.4,-4264.9,4863.4,-0.88
2.0,1.25,55,2,200,long,363,231,131,63.8,-2341.9,2897.7,-0.81
2.0,1.25,55,2,200,short,372,234,138,62.9,-1923.0,2638.8,-0.73
2.0,1.25,55,3,200,both,730,461,268,63.2,-4369.2,4910.9,-0.89
2.0,1.25,55,3,200,long,359,228,130,63.7,-2432.8,2942.8,-0.83
2.0,1.25,55,3,200,short,371,233,138,62.8,-1936.4,2654.4,-0.73
2.0,1.25,55,4,200,both,726,457,268,63.0,-4531.5,5073.2,-0.89
2.0,1.25,55,4,200,long,357,226,130,63.5,-2408.4,2935.9,-0.82
2.0,1.25,55,4,200,short,369,231,138,62.6,-2123.1,2851.1,-0.74
2.0,1.25,65,1,200,both,736,463,272,63.0,-3541.1,4234.2,-0.84
2.0,1.25,65,1,200,long,361,230,130,63.9,-1743.6,2559.5,-0.68
2.0,1.25,65,1,200,short,375,233,142,62.1,-1797.5,2497.5,-0.72
2.0,1.25,65,2,200,both,726,457,268,63.0,-3643.6,4336.7,-0.84
2.0,1.25,65,2,200,long,356,227,128,63.9,-1834.5,2611.1,-0.7
2.0,1.25,65,2,200,short,370,230,140,62.2,-1809.1,2578.5,-0.7
2.0,1.25,65,3,200,both,722,455,266,63.1,-3487.6,4123.9,-0.85
2.0,1.25,65,3,200,long,354,226,127,64.0,-1877.7,2608.5,-0.72
2.0,1.25,65,3,200,short,368,229,139,62.2,-1609.9,2381.5,-0.68
2.0,1.25,65,4,200,both,718,451,266,62.9,-3617.5,4267.1,-0.85
2.0,1.25,65,4,200,long,352,224,127,63.8,-1856.4,2604.7,-0.71
2.0,1.25,65,4,200,short,366,227,139,62.0,-1761.1,2542.7,-0.69
2.0,1.25,75,1,200,both,725,451,273,62.3,-3843.1,4610.7,-0.83
2.0,1.25,75,1,200,long,353,221,131,62.8,-1852.9,2556.2,-0.72
2.0,1.25,75,1,200,short,372,230,142,61.8,-1990.2,2685.4,-0.74
2.0,1.25,75,2,200,both,717,446,270,62.3,-3866.7,4634.3,-0.83
2.0,1.25,75,2,200,long,349,218,130,62.6,-2072.9,2736.9,-0.76
2.0,1.25,75,2,200,short,368,228,140,62.0,-1793.8,2530.4,-0.71
2.0,1.25,75,3,200,both,712,443,268,62.3,-3740.8,4461.3,-0.84
2.0,1.25,75,3,200,long,347,217,129,62.7,-2107.5,2725.7,-0.77
2.0,1.25,75,3,200,short,365,226,139,61.9,-1633.3,2333.4,-0.7
2.0,1.25,75,4,200,both,708,439,268,62.1,-3898.6,4636.6,-0.84
2.0,1.25,75,4,200,long,345,215,129,62.5,-2114.1,2749.8,-0.77
2.0,1.25,75,4,200,short,363,224,139,61.7,-1784.5,2494.6,-0.72
2.0,1.25,85,1,200,both,718,445,272,62.1,-3696.4,4464.0,-0.83
2.0,1.25,85,1,200,long,352,220,131,62.7,-1579.0,2500.1,-0.63
2.0,1.25,85,1,200,short,366,225,141,61.5,-2117.4,2736.0,-0.77
2.0,1.25,85,2,200,both,710,441,268,62.2,-3565.7,4333.3,-0.82
2.0,1.25,85,2,200,long,348,217,130,62.5,-1794.3,2676.1,-0.67
2.0,1.25,85,2,200,short,362,224,138,61.9,-1771.4,2431.4,-0.73
2.0,1.25,85,3,200,both,705,437,267,62.1,-3632.4,4352.6,-0.83
2.0,1.25,85,3,200,long,345,215,129,62.5,-1888.5,2724.5,-0.69
2.0,1.25,85,3,200,short,360,222,138,61.7,-1743.9,2367.4,-0.74
2.0,1.25,85,4,200,both,703,435,267,62.0,-3675.5,4413.2,-0.83
2.0,1.25,85,4,200,long,344,214,129,62.4,-1880.7,2734.2,-0.69
2.0,1.25,85,4,200,short,359,221,138,61.6,-1794.8,2428.3,-0.74
2.0,1.25,95,1,200,both,716,443,272,62.0,-3716.5,4367.1,-0.85
2.0,1.25,95,1,200,long,350,219,130,62.8,-1717.1,2626.4,-0.65
2.0,1.25,95,1,200,short,366,224,142,61.2,-1999.4,2730.3,-0.73
2.0,1.25,95,2,200,both,707,439,267,62.2,-3558.4,4220.0,-0.84
2.0,1.25,95,2,200,long,345,216,128,62.8,-1905.0,2825.3,-0.67
2.0,1.25,95,2,200,short,362,223,139,61.6,-1653.4,2425.7,-0.68
2.0,1.25,95,3,200,both,704,437,266,62.2,-3534.8,4157.1,-0.85
2.0,1.25,95,3,200,long,343,215,127,62.9,-1945.4,2826.4,-0.69
2.0,1.25,95,3,200,short,361,222,139,61.5,-1589.4,2361.7,-0.67
2.0,1.25,95,4,200,both,702,435,266,62.1,-3632.3,4196.9,-0.87
2.0,1.25,95,4,200,long,342,214,127,62.8,-2013.7,2802.6,-0.72
2.0,1.25,95,4,200,short,360,221,139,61.4,-1618.6,2422.6,-0.67
2.0,1.5,55,1,200,both,733,468,264,63.9,-5331.8,6167.1,-0.86
2.0,1.5,55,1,200,long,362,235,126,65.1,-2202.1,3027.1,-0.73
2.0,1.5,55,1,200,short,371,233,138,62.8,-3129.7,3666.3,-0.85
2.0,1.5,55,2,200,both,727,465,261,64.0,-5099.2,5934.5,-0.86
2.0,1.5,55,2,200,long,360,234,125,65.2,-2065.0,2850.7,-0.72
2.0,1.5,55,2,200,short,367,231,136,62.9,-3034.2,3779.6,-0.8
2.0,1.5,55,3,200,both,723,462,260,64.0,-5107.2,5885.7,-0.87
2.0,1.5,55,3,200,long,357,232,124,65.2,-2101.3,2841.2,-0.74
2.0,1.5,55,3,200,short,366,230,136,62.8,-3005.9,3751.3,-0.8
2.0,1.5,55,4,200,both,719,459,259,63.9,-5066.3,5844.8,-0.87
2.0,1.5,55,4,200,long,355,230,124,65.0,-2076.9,2834.3,-0.73
2.0,1.5,55,4,200,short,364,229,135,62.9,-2989.4,3734.8,-0.8
2.0,1.5,65,1,200,both,724,461,262,63.8,-4578.7,5508.6,-0.83
2.0,1.5,65,1,200,long,356,231,124,65.1,-1934.3,2980.1,-0.65
2.0,1.5,65,1,200,short,368,230,138,62.5,-2644.4,3327.0,-0.79
2.0,1.5,65,2,200,both,718,457,260,63.7,-4596.2,5526.1,-0.83
2.0,1.5,65,2,200,long,353,230,122,65.3,-1650.9,2657.4,-0.62
2.0,1.5,65,2,200,short,365,227,138,62.2,-2945.3,3582.5,-0.82
2.0,1.5,65,3,200,both,715,456,258,63.9,-4409.7,5282.8,-0.83
2.0,1.5,65,3,200,long,352,230,121,65.5,-1650.7,2611.4,-0.63
2.0,1.5,65,3,200,short,363,226,137,62.3,-2759.0,3396.2,-0.81
2.0,1.5,65,4,200,both,711,453,257,63.8,-4320.7,5193.8,-0.83
2.0,1.5,65,4,200,long,350,228,121,65.3,-1629.4,2607.6,-0.62
2.0,1.5,65,4,200,short,361,225,136,62.3,-2691.3,3328.5,-0.81
2.0,1.5,75,1,200,both,713,450,262,63.2,-4815.2,5819.6,-0.83
2.0,1.5,75,1,200,long,348,223,124,64.3,-1953.1,2861.3,-0.68
2.0,1.5,75,1,200,short,365,227,138,62.2,-2862.1,3539.9,-0.81
2.0,1.5,75,2,200,both,709,447,261,63.1,-4778.8,5783.2,-0.83
2.0,1.5,75,2,200,long,346,222,123,64.3,-1823.8,2692.7,-0.68
2.0,1.5,75,2,200,short,363,225,138,62.0,-2955.0,3541.2,-0.83
2.0,1.5,75,3,200,both,705,445,259,63.2,-4622.4,5570.0,-0.83
2.0,1.5,75,3,200,long,345,222,122,64.5,-1815.0,2638.1,-0.69
2.0,1.5,75,3,200,short,360,223,137,61.9,-2807.4,3357.1,-0.84
2.0,1.5,75,4,200,both,701,442,258,63.1,-4561.3,5508.9,-0.83
2.0,1.5,75,4,200,long,343,220,122,64.3,-1821.6,2662.2,-0.68
2.0,1.5,75,4,200,short,358,222,136,62.0,-2739.7,3299.4,-0.83
2.0,1.5,85,1,200,both,706,444,261,63.0,-4612.1,5616.5,-0.82
2.0,1.5,85,1,200,long,347,222,124,64.2,-1704.2,2737.3,-0.62
2.0,1.5,85,1,200,short,359,222,137,61.8,-2907.9,3592.2,-0.81
2.0,1.5,85,2,200,both,702,442,259,63.1,-4396.4,5400.8,-0.81
2.0,1.5,85,2,200,long,345,221,123,64.2,-1570.2,2564.0,-0.61
2.0,1.5,85,2,200,short,357,221,136,61.9,-2826.2,3418.9,-0.83
2.0,1.5,85,3,200,both,698,439,258,63.0,-4457.6,5405.2,-0.82
2.0,1.5,85,3,200,long,343,220,122,64.3,-1621.0,2569.0,-0.63
2.0,1.5,85,3,200,short,355,219,136,61.7,-2836.6,3392.8,-0.84
2.0,1.5,85,4,200,both,696,438,257,63.0,-4281.8,5229.4,-0.82
2.0,1.5,85,4,200,long,342,219,122,64.2,-1613.2,2578.7,-0.63
2.0,1.5,85,4,200,short,354,219,135,61.9,-2668.6,3234.8,-0.82
2.0,1.5,95,1,200,both,704,442,261,62.9,-4553.8,5512.3,-0.83
2.0,1.5,95,1,200,long,345,221,123,64.2,-1867.3,2799.2,-0.67
2.0,1.5,95,1,200,short,359,221,138,61.6,-2686.5,3516.5,-0.76
2.0,1.5,95,2,200,both,699,440,258,63.0,-4310.7,5269.2,-0.82
2.0,1.5,95,2,200,long,342,220,121,64.5,-1705.9,2648.8,-0.64
2.0,1.5,95,2,200,short,357,220,137,61.6,-2604.8,3343.2,-0.78
2.0,1.5,95,3,200,both,697,439,257,63.1,-4281.6,5183.3,-0.83
2.0,1.5,95,3,200,long,341,220,120,64.7,-1702.9,2606.5,-0.65
2.0,1.5,95,3,200,short,356,219,137,61.5,-2578.7,3317.1,-0.78
2.0,1.5,95,4,200,both,695,438,256,63.1,-4160.2,5099.3,-0.82
2.0,1.5,95,4,200,long,340,219,120,64.6,-1771.2,2582.7,-0.69
2.0,1.5,95,4,200,short,355,219,136,61.7,-2389.0,3159.1,-0.76
2.0,2.0,55,1,200,both,724,469,254,64.9,-6011.7,7134.2,-0.84
2.0,2.0,55,1,200,long,358,238,119,66.7,-2677.0,3424.3,-0.78
2.0,2.0,55,1,200,short,366,231,135,63.1,-3334.7,4104.1,-0.81
2.0,2.0,55,2,200,both,717,467,249,65.2,-5526.0,6648.5,-0.83
2.0,2.0,55,2,200,long,357,238,118,66.9,-2441.1,3188.4,-0.77
2.0,2.0,55,2,200,short,360,229,131,63.6,-3084.9,3983.7,-0.77
2.0,2.0,55,3,200,both,713,465,247,65.3,-5355.4,6421.1,-0.83
2.0,2.0,55,3,200,long,354,236,117,66.9,-2480.7,3182.2,-0.78
2.0,2.0,55,3,200,short,359,229,130,63.8,-2874.7,3773.5,-0.76
2.0,2.0,55,4,200,both,710,462,247,65.2,-5472.5,6538.2,-0.84
2.0,2.0,55,4,200,long,352,234,117,66.7,-2456.3,3175.3,-0.77
2.0,2.0,55,4,200,short,358,228,130,63.7,-3016.2,3915.0,-0.77
2.0,2.0,65,1,200,both,715,462,252,64.7,-5168.5,6385.6,-0.81
2.0,2.0,65,1,200,long,352,234,117,66.7,-2330.3,3281.7,-0.71
2.0,2.0,65,1,200,short,363,228,135,62.8,-2838.2,3835.4,-0.74
2.0,2.0,65,2,200,both,708,459,248,64.9,-4819.7,6036.8,-0.8
2.0,2.0,65,2,200,long,350,234,115,67.0,-1898.1,2849.5,-0.67
2.0,2.0,65,2,200,short,358,225,133,62.8,-2921.6,3880.0,-0.75
2.0,2.0,65,3,200,both,705,459,245,65.2,-4404.6,5564.9,-0.79
2.0,2.0,65,3,200,long,349,234,114,67.2,-1901.2,2806.8,-0.68
2.0,2.0,65,3,200,short,356,225,131,63.2,-2503.4,3464.0,-0.72
2.0,2.0,65,4,200,both,702,456,245,65.0,-4473.6,5633.9,-0.79
2.0,2.0,65,4,200,long,347,232,114,67.1,-1879.9,2803.0,-0.67
2.0,2.0,65,4,200,short,355,224,131,63.1,-2593.7,3564.3,-0.73
2.0,2.0,75,1,200,both,704,452,251,64.3,-4949.2,6240.8,-0.79
2.0,2.0,75,1,200,long,344,226,117,65.9,-2231.6,3188.8,-0.7
2.0,2.0,75,1,200,short,360,226,134,62.8,-2717.6,3710.0,-0.73
2.0,2.0,75,2,200,both,699,450,248,64.5,-4596.5,5888.1,-0.78
2.0,2.0,75,2,200,long,343,226,116,66.1,-2003.5,2960.7,-0.68
2.0,2.0,75,2,200,short,356,224,132,62.9,-2593.0,3518.6,-0.74
2.0,2.0,75,3,200,both,695,449,245,64.7,-4211.5,5446.3,-0.77
2.0,2.0,75,3,200,long,342,226,115,66.3,-1998.0,2909.4,-0.69
2.0,2.0,75,3,200,short,353,223,130,63.2,-2213.5,3102.6,-0.71
2.0,2.0,75,4,200,both,692,446,245,64.5,-4308.4,5543.2,-0.78
2.0,2.0,75,4,200,long,340,224,115,66.1,-2004.6,2933.5,-0.68
2.0,2.0,75,4,200,short,352,222,130,63.1,-2303.8,3202.9,-0.72
2.0,2.0,85,1,200,both,697,446,250,64.1,-4792.6,6084.2,-0.79
2.0,2.0,85,1,200,long,343,225,117,65.8,-2032.7,3088.9,-0.66
2.0,2.0,85,1,200,short,354,221,133,62.4,-2759.9,3760.6,-0.73
2.0,2.0,85,2,200,both,692,445,246,64.4,-4210.6,5502.2,-0.77
2.0,2.0,85,2,200,long,342,225,116,66.0,-1799.9,2856.1,-0.63
2.0,2.0,85,2,200,short,350,220,130,62.9,-2410.7,3344.6,-0.72
2.0,2.0,85,3,200,both,688,443,244,64.5,-4093.2,5328.0,-0.77
2.0,2.0,85,3,200,long,340,224,115,66.1,-1854.0,2864.4,-0.65
2.0,2.0,85,3,200,short,348,219,129,62.9,-2239.2,3136.6,-0.71
2.0,2.0,85,4,200,both,687,442,244,64.4,-4075.4,5310.2,-0.77
2.0,2.0,85,4,200,long,339,223,115,66.0,-1846.2,2874.1,-0.64
2.0,2.0,85,4,200,short,348,219,129,62.9,-2229.2,3136.6,-0.71
2.0,2.0,95,1,200,both,695,444,250,64.0,-4784.3,6030.0,-0.79
2.0,2.0,95,1,200,long,341,224,116,65.9,-2245.8,3290.1,-0.68
2.0,2.0,95,1,200,short,354,220,134,62.1,-2538.5,3684.9,-0.69
2.0,2.0,95,2,200,both,689,443,245,64.4,-4174.9,5420.6,-0.77
2.0,2.0,95,2,200,long,339,224,114,66.3,-1985.6,3040.9,-0.65
2.0,2.0,95,2,200,short,350,219,131,62.6,-2189.3,3268.9,-0.67
2.0,2.0,95,3,200,both,687,443,243,64.6,-3967.2,5156.1,-0.77
2.0,2.0,95,3,200,long,338,224,113,66.5,-1985.9,3001.9,-0.66
2.0,2.0,95,3,200,short,349,219,130,62.8,-1981.3,3060.9,-0.65
2.0,2.0,95,4,200,both,686,442,243,64.5,-4003.8,5192.7,-0.77
2.0,2.0,95,4,200,long,337,223,113,66.4,-2054.2,2978.1,-0.69
2.0,2.0,95,4,200,short,349,219,130,62.8,-1949.6,3060.9,-0.64
2.0,0.5,55,1,250,both,860,422,437,49.1,-5569.1,6110.3,-0.91
2.0,0.5,55,1,250,long,414,200,213,48.4,-3311.2,3636.3,-0.91
2.0,0.5,55,1,250,short,446,222,224,49.8,-2257.9,2552.3,-0.88
2.0,0.5,55,2,250,both,826,413,412,50.1,-4777.1,5329.3,-0.9
2.0,0.5,55,2,250,long,398,195,202,49.1,-3052.6,3323.6,-0.92
2.0,0.5,55,2,250,short,428,218,210,50.9,-1724.5,2046.9,-0.84
2.0,0.5,55,3,250,both,806,406,399,50.4,-4389.6,4947.6,-0.89
2.0,0.5,55,3,250,long,389,190,198,49.0,-3081.0,3352.0,-0.92
2.0,0.5,55,3,250,short,417,216,201,51.8,-1308.6,1636.8,-0.8
2.0,0.5,55,4,250,both,789,399,389,50.6,-4215.5,4554.1,-0.93
2.0,0.5,55,4,250,long,381,186,194,48.9,-2911.3,3096.3,-0.94
2.0,0.5,55,4,250,short,408,213,195,52.2,-1304.2,1499.0,-0.87
2.0,0.5,65,1,250,both,852,414,437,48.6,-5097.4,5733.2,-0.89
2.0,0.5,65,1,250,long,410,198,211,48.4,-2868.3,3328.8,-0.86
2.0,0.5,65,1,250,short,442,216,226,48.9,-2229.1,2523.5,-0.88
2.0,0.5,65,2,250,both,817,404,412,49.5,-4264.6,4911.4,-0.87
2.0,0.5,65,2,250,long,392,192,199,49.1,-2581.6,2947.2,-0.88
2.0,0.5,65,2,250,short,425,212,213,49.9,-1683.0,1988.4,-0.85
2.0,0.5,65,3,250,both,798,399,398,50.1,-3765.0,4417.6,-0.85
2.0,0.5,65,3,250,long,385,189,195,49.2,-2560.5,2926.1,-0.88
2.0,0.5,65,3,250,short,413,210,203,50.8,-1204.5,1515.7,-0.79
2.0,0.5,65,4,250,both,782,391,390,50.1,-3792.4,4225.6,-0.9
2.0,0.5,65,4,250,long,377,185,191,49.2,-2393.9,2673.5,-0.9
2.0,0.5,65,4,250,short,405,206,199,50.9,-1398.5,1576.3,-0.89
2.0,0.5,75,1,250,both,845,407,437,48.2,-4806.4,5442.2,-0.88
2.0,0.5,75,1,250,long,405,192,212,47.5,-2867.5,3328.0,-0.86
2.0,0.5,75,1,250,short,440,215,225,48.9,-1938.9,2233.3,-0.87
2.0,0.5,75,2,250,both,811,394,416,48.6,-4393.8,5040.6,-0.87
2.0,0.5,75,2,250,long,388,184,203,47.5,-2841.9,3207.5,-0.89
2.0,0.5,75,2,250,short,423,210,213,49.6,-1551.9,1857.3,-0.84
2.0,0.5,75,3,250,both,792,390,401,49.3,-3787.8,4440.4,-0.85
2.0,0.5,75,3,250,long,382,183,198,48.0,-2675.7,3041.3,-0.88
2.0,0.5,75,3,250,short,410,207,203,50.5,-1112.1,1423.3,-0.78
2.0,0.5,75,4,250,both,776,381,394,49.2,-3893.0,4326.2,-0.9
2.0,0.5,75,4,250,long,374,178,195,47.7,-2586.9,2866.5,-0.9
2.0,0.5,75,4,250,short,402,203,199,50.5,-1306.1,1483.9,-0.88
2.0,0.5,85,1,250,both,838,401,436,47.9,-4470.2,5106.0,-0.88
2.0,0.5,85,1,250,long,404,191,212,47.4,-2575.0,3035.2,-0.85
2.0,0.5,85,1,250,short,434,210,224,48.4,-1895.2,2189.6,-0.87
2.0,0.5,85,2,250,both,804,389,414,48.4,-3983.0,4629.8,-0.86
2.0,0.5,85,2,250,long,387,183,203,47.4,-2549.4,2915.0,-0.87
2.0,0.5,85,2,250,short,417,206,211,49.4,-1433.6,1739.0,-0.82
2.0,0.5,85,3,250,both,786,385,400,49.0,-3471.6,4124.2,-0.84
2.0,0.5,85,3,250,long,381,182,198,47.9,-2419.8,2785.4,-0.87
2.0,0.5,85,3,250,short,405,203,202,50.1,-1051.8,1363.0,-0.77
2.0,0.5,85,4,250,both,770,376,393,48.9,-3576.8,4010.0,-0.89
2.0,0.5,85,4,250,long,373,177,195,47.6,-2331.0,2610.6,-0.89
2.0,0.5,85,4,250,short,397,199,198,50.1,-1245.8,1423.6,-0.88
2.0,0.5,95,1,250,both,837,401,435,48.0,-4147.5,4791.2,-0.87
2.0,0.5,95,1,250,long,403,192,210,47.8,-2493.8,2999.6,-0.83
2.0,0.5,95,1,250,short,434,209,225,48.2,-1653.7,1957.6,-0.84
2.0,0.5,95,2,250,both,802,390,411,48.7,-3469.7,4120.5,-0.84
2.0,0.5,95,2,250,long,385,185,199,48.2,-2277.6,2696.0,-0.84
2.0,0.5,95,2,250,short,417,205,212,49.2,-1192.1,1585.5,-0.75
2.0,0.5,95,3,250,both,785,386,398,49.2,-3001.8,3658.4,-0.82
2.0,0.5,95,3,250,long,379,183,195,48.4,-2230.2,2608.4,-0.86
2.0,0.5,95,3,250,short,406,203,203,50.0,-771.6,1092.3,-0.71
2.0,0.5,95,4,250,both,769,377,391,49.1,-3159.6,3596.8,-0.88
2.0,0.5,95,4,250,long,371,178,192,48.1,-2217.5,2509.7,-0.88
2.0,0.5,95,4,250,short,398,199,199,50.0,-942.1,1231.5,-0.77
2.0,0.75,55,1,250,both,804,453,350,56.4,-6079.6,6639.2,-0.92
2.0,0.75,55,1,250,long,389,222,166,57.2,-2604.7,3183.4,-0.82
2.0,0.75,55,1,250,short,415,231,184,55.7,-3474.9,3687.0,-0.94
2.0,0.75,55,2,250,both,785,444,340,56.6,-5690.2,6254.0,-0.91
2.0,0.75,55,2,250,long,381,216,164,56.8,-2728.0,3283.2,-0.83
2.0,0.75,55,2,250,short,404,228,176,56.4,-2962.2,3178.5,-0.93
2.0,0.75,55,3,250,both,770,437,332,56.8,-5307.6,5814.6,-0.91
2.0,0.75,55,3,250,long,373,211,161,56.7,-2568.3,3077.7,-0.83
2.0,0.75,55,3,250,short,397,226,171,56.9,-2739.3,2955.6,-0.93
2.0,0.75,55,4,250,both,761,431,329,56.7,-5407.2,5866.2,-0.92
2.0,0.75,55,4,250,long,369,208,160,56.5,-2654.2,3181.1,-0.83
2.0,0.75,55,4,250,short,392,223,169,56.9,-2753.0,2921.3,-0.94
2.0,0.75,65,1,250,both,796,446,349,56.1,-5286.2,5940.4,-0.89
2.0,0.75,65,1,250,long,384,219,164,57.2,-2111.8,2995.0,-0.71
2.0,0.75,65,1,250,short,412,227,185,55.1,-3174.4,3386.5,-0.94
2.0,0.75,65,2,250,both,775,435,339,56.2,-5057.1,5715.5,-0.88
2.0,0.75,65,2,250,long,375,213,161,57.0,-2162.8,2939.5,-0.74
2.0,0.75,65,2,250,short,400,222,178,55.5,-2894.3,3110.6,-0.93
2.0,0.75,65,3,250,both,762,430,331,56.5,-4465.3,5066.9,-0.88
2.0,0.75,65,3,250,long,369,210,158,57.1,-1955.4,2686.3,-0.73
2.0,0.75,65,3,250,short,393,220,173,56.0,-2509.9,2726.2,-0.92
2.0,0.75,65,4,250,both,754,425,328,56.4,-4529.0,5082.6,-0.89
2.0,0.75,65,4,250,long,365,207,157,56.9,-2044.4,2792.8,-0.73
2.0,0.75,65,4,250,short,389,218,171,56.0,-2484.6,2652.9,-0.94
2.0,0.75,75,1,250,both,786,437,348,55.7,-5061.4,5715.6,-0.89
2.0,0.75,75,1,250,long,377,213,163,56.6,-2002.2,2862.4,-0.7
2.0,0.75,75,1,250,short,409,224,185,54.8,-3059.2,3271.3,-0.94
2.0,0.75,75,2,250,both,767,426,340,55.6,-5022.4,5680.8,-0.88
2.0,0.75,75,2,250,long,369,207,161,56.2,-2132.3,2886.0,-0.74
2.0,0.75,75,2,250,short,398,219,179,55.0,-2890.1,3106.4,-0.93
2.0,0.75,75,3,250,both,753,420,332,55.9,-4460.7,5062.3,-0.88
2.0,0.75,75,3,250,long,363,204,158,56.4,-1916.3,2624.2,-0.73
2.0,0.75,75,3,250,short,390,216,174,55.4,-2544.4,2760.7,-0.92
2.0,0.75,75,4,250,both,745,414,330,55.6,-4633.3,5186.9,-0.89
2.0,0.75,75,4,250,long,359,200,158,55.9,-2114.2,2839.6,-0.74
2.0,0.75,75,4,250,short,386,214,172,55.4,-2519.1,2687.4,-0.94
2.0,0.75,85,1,250,both,779,432,346,55.5,-4539.8,5194.0,-0.87
2.0,0.75,85,1,250,long,376,213,162,56.8,-1499.8,2579.1,-0.58
2.0,0.75,85,1,250,short,403,219,184,54.3,-3040.0,3252.1,-0.93
2.0,0.75,85,2,250,both,760,422,337,55.6,-4396.5,5054.9,-0.87
2.0,0.75,85,2,250,long,368,207,160,56.4,-1625.2,2598.0,-0.63
2.0,0.75,85,2,250,short,392,215,177,54.8,-2771.3,2987.6,-0.93
2.0,0.75,85,3,250,both,746,415,330,55.7,-4008.2,4609.8,-0.87
2.0,0.75,85,3,250,long,361,203,157,56.4,-1499.6,2426.6,-0.62
2.0,0.75,85,3,250,short,385,212,173,55.1,-2508.6,2724.9,-0.92
2.0,0.75,85,4,250,both,739,410,328,55.6,-4166.4,4720.0,-0.88
2.0,0.75,85,4,250,long,358,200,157,56.0,-1683.1,2627.6,-0.64
2.0,0.75,85,4,250,short,381,210,171,55.1,-2483.3,2651.6,-0.94
2.0,0.75,95,1,250,both,776,430,345,55.5,-4349.2,4971.8,-0.87
2.0,0.75,95,1,250,long,373,212,160,57.0,-1473.1,2579.9,-0.57
2.0,0.75,95,1,250,short,403,218,185,54.1,-2876.1,3024.0,-0.95
2.0,0.75,95,2,250,both,756,420,335,55.6,-4120.5,4747.3,-0.87
2.0,0.75,95,2,250,long,364,206,157,56.7,-1513.1,2524.4,-0.6
2.0,0.75,95,2,250,short,392,214,178,54.6,-2607.4,2759.5,-0.94
2.0,0.75,95,3,250,both,744,415,328,55.9,-3641.9,4211.9,-0.86
2.0,0.75,95,3,250,long,358,203,154,56.9,-1333.7,2305.7,-0.58
2.0,0.75,95,3,250,short,386,212,174,54.9,-2308.2,2460.3,-0.94
2.0,0.75,95,4,250,both,737,410,326,55.7,-3854.5,4376.5,-0.88
2.0,0.75,95,4,250,long,355,200,154,56.5,-1593.3,2473.2,-0.64
2.0,0.75,95,4,250,short,382,210,172,55.0,-2261.2,2370.1,-0.95
2.0,1.0,55,1,250,both,772,467,304,60.6,-5452.9,6124.3,-0.89
2.0,1.0,55,1,250,long,374,229,144,61.4,-2324.1,3134.0,-0.74
2.0,1.0,55,1,250,short,398,238,160,59.8,-3128.8,3452.7,-0.91
2.0,1.0,55,2,250,both,759,458,300,60.4,-5591.8,6237.3,-0.9
2.0,1.0,55,2,250,long,368,224,143,61.0,-2521.3,3331.2,-0.76
2.0,1.0,55,2,250,short,391,234,157,59.8,-3070.5,3414.2,-0.9
2.0,1.0,55,3,250,both,752,456,295,60.7,-5294.3,5894.0,-0.9
2.0,1.0,55,3,250,long,365,222,142,61.0,-2568.8,3332.9,-0.77
2.0,1.0,55,3,250,short,387,234,153,60.5,-2725.5,3069.2,-0.89
2.0,1.0,55,4,250,both,746,452,293,60.7,-5262.5,5903.1,-0.89
2.0,1.0,55,4,250,long,363,221,141,61.0,-2475.6,3280.6,-0.75
2.0,1.0,55,4,250,short,383,231,152,60.3,-2786.9,3130.6,-0.89
2.0,1.0,65,1,250,both,763,459,303,60.2,-4747.8,5554.6,-0.85
2.0,1.0,65,1,250,long,369,226,142,61.4,-1833.0,2811.2,-0.65
2.0,1.0,65,1,250,short,394,233,161,59.1,-2914.8,3355.7,-0.87
2.0,1.0,65,2,250,both,749,449,299,60.0,-4939.4,5720.3,-0.86
2.0,1.0,65,2,250,long,362,221,140,61.2,-1932.9,2878.2,-0.67
2.0,1.0,65,2,250,short,387,228,159,58.9,-3006.5,3304.5,-0.91
2.0,1.0,65,3,250,both,744,449,294,60.4,-4407.7,5142.8,-0.86
2.0,1.0,65,3,250,long,361,221,139,61.4,-1932.7,2832.2,-0.68
2.0,1.0,65,3,250,short,383,228,155,59.5,-2475.0,2849.2,-0.87
2.0,1.0,65,4,250,both,739,447,291,60.6,-4164.9,4940.9,-0.84
2.0,1.0,65,4,250,long,359,220,138,61.5,-1842.6,2783.0,-0.66
2.0,1.0,65,4,250,short,380,227,153,59.7,-2322.3,2720.3,-0.85
2.0,1.0,75,1,250,both,752,448,303,59.7,-4627.7,5522.9,-0.84
2.0,1.0,75,1,250,long,361,217,143,60.3,-1972.1,2991.9,-0.66
2.0,1.0,75,1,250,short,391,231,160,59.1,-2655.6,3150.9,-0.84
2.0,1.0,75,2,250,both,740,438,301,59.3,-5059.4,5928.7,-0.85
2.0,1.0,75,2,250,long,355,212,142,59.9,-2176.1,3195.9,-0.68
2.0,1.0,75,2,250,short,385,226,159,58.7,-2883.3,3181.3,-0.91
2.0,1.0,75,3,250,both,734,437,296,59.6,-4557.8,5381.3,-0.85
2.0,1.0,75,3,250,long,354,212,141,60.1,-2167.3,3141.3,-0.69
2.0,1.0,75,3,250,short,380,225,155,59.2,-2390.5,2745.9,-0.87
2.0,1.0,75,4,250,both,729,435,293,59.8,-4342.9,5207.3,-0.83
2.0,1.0,75,4,250,long,352,211,140,60.1,-2105.1,3120.0,-0.67
2.0,1.0,75,4,250,short,377,224,153,59.4,-2237.8,2617.0,-0.86
2.0,1.0,85,1,250,both,746,444,301,59.6,-4071.4,4966.3,-0.82
2.0,1.0,85,1,250,long,360,217,142,60.4,-1500.5,2712.2,-0.55
2.0,1.0,85,1,250,short,386,227,159,58.8,-2570.9,3164.0,-0.81
2.0,1.0,85,2,250,both,734,435,298,59.3,-4373.8,5242.8,-0.83
2.0,1.0,85,2,250,long,354,212,141,60.1,-1699.8,2872.2,-0.59
2.0,1.0,85,2,250,short,380,223,157,58.7,-2674.0,3057.9,-0.87
2.0,1.0,85,3,250,both,728,433,294,59.6,-4039.8,4863.0,-0.83
2.0,1.0,85,3,250,long,352,211,140,60.1,-1750.6,2877.2,-0.61
2.0,1.0,85,3,250,short,376,222,154,59.0,-2289.2,2742.4,-0.83
2.0,1.0,85,4,250,both,725,433,291,59.8,-3710.2,4574.3,-0.81
2.0,1.0,85,4,250,long,351,211,139,60.3,-1674.0,2841.5,-0.59
2.0,1.0,85,4,250,short,374,222,152,59.4,-2036.2,2513.2,-0.81
2.0,1.0,95,1,250,both,743,442,300,59.6,-3905.8,4710.3,-0.83
2.0,1.0,95,1,250,long,357,216,140,60.7,-1473.8,2713.0,-0.54
2.0,1.0,95,1,250,short,386,226,160,58.5,-2432.0,3161.0,-0.77
2.0,1.0,95,2,250,both,730,433,296,59.4,-4097.8,4887.4,-0.84
2.0,1.0,95,2,250,long,350,211,138,60.5,-1562.7,2773.6,-0.56
2.0,1.0,95,2,250,short,380,222,158,58.4,-2535.1,3028.3,-0.84
2.0,1.0,95,3,250,both,726,433,292,59.7,-3673.5,4423.8,-0.83
2.0,1.0,95,3,250,long,349,211,137,60.6,-1559.7,2731.3,-0.57
2.0,1.0,95,3,250,short,377,222,155,58.9,-2113.8,2730.8,-0.77
2.0,1.0,95,4,250,both,723,433,289,60.0,-3398.3,4079.9,-0.83
2.0,1.0,95,4,250,long,348,211,136,60.8,-1559.2,2662.1,-0.59
2.0,1.0,95,4,250,short,375,222,153,59.2,-1839.1,2511.6,-0.73
2.0,1.25,55,1,250,both,755,473,281,62.7,-4757.9,5291.8,-0.9
2.0,1.25,55,1,250,long,366,233,132,63.8,-1930.1,2573.6,-0.75
2.0,1.25,55,1,250,short,389,240,149,61.7,-2827.8,3053.1,-0.93
2.0,1.25,55,2,250,both,746,468,277,62.8,-4458.9,4927.9,-0.9
2.0,1.25,55,2,250,long,362,230,131,63.7,-1989.8,2568.4,-0.77
2.0,1.25,55,2,250,short,384,238,146,62.0,-2469.1,2907.4,-0.85
2.0,1.25,55,3,250,both,737,463,273,62.9,-4328.7,4740.9,-0.91
2.0,1.25,55,3,250,long,358,227,130,63.6,-2080.7,2613.5,-0.8
2.0,1.25,55,3,250,short,379,236,143,62.3,-2248.0,2822.6,-0.8
2.0,1.25,55,4,250,both,732,458,273,62.7,-4494.5,4906.7,-0.92
2.0,1.25,55,4,250,long,356,225,130,63.4,-2056.3,2606.6,-0.79
2.0,1.25,55,4,250,short,376,233,143,62.0,-2438.2,3022.8,-0.81
2.0,1.25,65,1,250,both,746,465,280,62.4,-3966.2,4594.7,-0.86
2.0,1.25,65,1,250,long,361,230,130,63.9,-1522.7,2387.0,-0.64
2.0,1.25,65,1,250,short,385,235,150,61.0,-2443.5,2935.2,-0.83
2.0,1.25,65,2,250,both,736,459,276,62.4,-3915.2,4478.8,-0.87
2.0,1.25,65,2,250,long,356,227,128,63.9,-1460.1,2259.5,-0.65
2.0,1.25,65,2,250,short,380,232,148,61.1,-2455.1,3016.2,-0.81
2.0,1.25,65,3,250,both,729,457,271,62.8,-3360.2,3867.0,-0.87
2.0,1.25,65,3,250,long,354,226,127,64.0,-1503.3,2256.9,-0.67
2.0,1.25,65,3,250,short,375,231,144,61.6,-1856.9,2553.2,-0.73
2.0,1.25,65,4,250,both,725,453,271,62.6,-3490.1,4010.2,-0.87
2.0,1.25,65,4,250,long,352,224,127,63.8,-1482.0,2253.1,-0.66
2.0,1.25,65,4,250,short,373,229,144,61.4,-2008.1,2714.4,-0.74
2.0,1.25,75,1,250,both,735,453,281,61.7,-4157.2,4860.2,-0.86
2.0,1.25,75,1,250,long,353,221,131,62.8,-1603.9,2362.7,-0.68
2.0,1.25,75,1,250,short,382,232,150,60.7,-2553.3,3123.1,-0.82
2.0,1.25,75,2,250,both,727,448,278,61.7,-4027.3,4665.4,-0.86
2.0,1.25,75,2,250,long,349,218,130,62.6,-1670.4,2364.3,-0.71
2.0,1.25,75,2,250,short,378,230,148,60.8,-2356.9,2968.1,-0.79
2.0,1.25,75,3,250,both,719,445,273,62.0,-3502.4,4093.4,-0.86
2.0,1.25,75,3,250,long,347,217,129,62.7,-1705.0,2353.1,-0.72
2.0,1.25,75,3,250,short,372,228,144,61.3,-1797.4,2505.1,-0.72
2.0,1.25,75,4,250,both,715,441,273,61.8,-3660.2,4268.7,-0.86
2.0,1.25,75,4,250,long,345,215,129,62.5,-1711.6,2377.2,-0.72
2.0,1.25,75,4,250,short,370,226,144,61.1,-1948.6,2666.3,-0.73
2.0,1.25,85,1,250,both,728,448,279,61.6,-3770.0,4473.0,-0.84
2.0,1.25,85,1,250,long,352,221,130,63.0,-1131.6,2024.2,-0.56
2.0,1.25,85,1,250,short,376,227,149,60.4,-2638.4,3136.2,-0.84
2.0,1.25,85,2,250,both,720,444,275,61.8,-3485.8,4123.9,-0.85
2.0,1.25,85,2,250,long,348,218,129,62.8,-1193.4,2027.8,-0.59
2.0,1.25,85,2,250,short,372,226,146,60.8,-2292.4,2831.6,-0.81
2.0,1.25,85,3,250,both,712,440,271,61.9,-3153.5,3744.2,-0.84
2.0,1.25,85,3,250,long,345,216,128,62.8,-1287.6,2092.6,-0.62
2.0,1.25,85,3,250,short,367,224,143,61.0,-1865.9,2501.6,-0.75
2.0,1.25,85,4,250,both,710,438,271,61.8,-3196.6,3804.8,-0.84
2.0,1.25,85,4,250,long,344,215,128,62.7,-1279.8,2126.1,-0.6
2.0,1.25,85,4,250,short,366,223,143,60.9,-1916.8,2562.5,-0.75
2.0,1.25,95,1,250,both,725,446,278,61.6,-3629.4,4215.4,-0.86
2.0,1.25,95,1,250,long,349,220,128,63.2,-1104.9,2068.3,-0.53
2.0,1.25,95,1,250,short,376,226,150,60.1,-2524.5,3167.2,-0.8
2.0,1.25,95,2,250,both,716,442,273,61.8,-3317.8,3866.0,-0.86
2.0,1.25,95,2,250,long,344,217,126,63.3,-1139.3,2080.5,-0.55
2.0,1.25,95,2,250,short,372,225,147,60.5,-2178.5,2862.6,-0.76
2.0,1.25,95,3,250,both,710,440,269,62.1,-2895.2,3388.0,-0.85
2.0,1.25,95,3,250,long,342,216,125,63.3,-1179.7,2098.0,-0.56
2.0,1.25,95,3,250,short,368,224,144,60.9,-1715.5,2532.6,-0.68
2.0,1.25,95,4,250,both,708,438,269,62.0,-2992.7,3484.1,-0.86
2.0,1.25,95,4,250,long,341,215,125,63.2,-1248.0,2098.0,-0.59
2.0,1.25,95,4,250,short,367,223,144,60.8,-1744.7,2593.5,-0.67
2.0,1.5,55,1,250,both,742,471,270,63.6,-5785.0,6555.7,-0.88
2.0,1.5,55,1,250,long,360,234,125,65.2,-1987.8,2771.8,-0.72
2.0,1.5,55,1,250,short,382,237,145,62.0,-3797.2,4132.2,-0.92
2.0,1.5,55,2,250,both,735,467,267,63.6,-5460.4,6166.2,-0.89
2.0,1.5,55,2,250,long,357,232,124,65.2,-1915.6,2634.7,-0.73
2.0,1.5,55,2,250,short,378,235,143,62.2,-3544.8,4088.6,-0.87
2.0,1.5,55,3,250,both,728,463,264,63.7,-5342.7,5991.7,-0.89
2.0,1.5,55,3,250,long,354,230,123,65.2,-1952.7,2626.0,-0.74
2.0,1.5,55,3,250,short,374,233,141,62.3,-3390.0,3933.8,-0.86
2.0,1.5,55,4,250,both,723,459,263,63.6,-5305.3,5954.3,-0.89
2.0,1.5,55,4,250,long,352,228,123,65.0,-1928.3,2619.1,-0.74
2.0,1.5,55,4,250,short,371,231,140,62.3,-3377.0,3920.8,-0.86
2.0,1.5,65,1,250,both,733,463,269,63.3,-5135.6,6000.9,-0.86
2.0,1.5,65,1,250,long,355,231,123,65.3,-1697.7,2702.5,-0.63
2.0,1.5,65,1,250,short,378,232,146,61.4,-3437.9,3845.5,-0.89
2.0,1.5,65,2,250,both,725,458,266,63.3,-5060.0,5860.4,-0.86
2.0,1.5,65,2,250,long,351,229,121,65.4,-1479.2,2419.1,-0.61
2.0,1.5,65,2,250,short,374,229,145,61.2,-3580.8,4069.3,-0.88
2.0,1.5,65,3,250,both,720,457,262,63.6,-4557.5,5301.1,-0.86
2.0,1.5,65,3,250,long,350,229,120,65.6,-1479.0,2373.1,-0.62
2.0,1.5,65,3,250,short,370,228,142,61.6,-3078.5,3569.2,-0.86
2.0,1.5,65,4,250,both,716,454,261,63.5,-4468.5,5212.1,-0.86
2.0,1.5,65,4,250,long,348,227,120,65.4,-1457.7,2369.3,-0.62
2.0,1.5,65,4,250,short,368,227,141,61.7,-3010.8,3511.5,-0.86
2.0,1.5,75,1,250,both,722,452,269,62.7,-5261.1,6200.9,-0.85
2.0,1.5,75,1,250,long,347,223,123,64.5,-1688.4,2634.0,-0.64
2.0,1.5,75,1,250,short,375,229,146,61.1,-3572.7,4044.9,-0.88
2.0,1.5,75,2,250,both,716,448,267,62.7,-5131.6,6006.5,-0.85
2.0,1.5,75,2,250,long,344,221,122,64.4,-1624.0,2504.7,-0.65
2.0,1.5,75,2,250,short,372,227,145,61.0,-3507.6,4046.2,-0.87
2.0,1.5,75,3,250,both,710,446,263,62.9,-4659.2,5477.3,-0.85
2.0,1.5,75,3,250,long,343,221,121,64.6,-1615.2,2450.1,-0.66
2.0,1.5,75,3,250,short,367,225,142,61.3,-3044.0,3546.1,-0.86
2.0,1.5,75,4,250,both,706,443,262,62.8,-4598.1,5416.2,-0.85
2.0,1.5,75,4,250,long,341,219,121,64.4,-1621.8,2474.2,-0.66
2.0,1.5,75,4,250,short,365,224,141,61.4,-2976.3,3488.4,-0.85
2.0,1.5,85,1,250,both,715,447,267,62.6,-4792.5,5732.3,-0.84
2.0,1.5,85,1,250,long,346,223,122,64.6,-1216.1,2244.8,-0.54
2.0,1.5,85,1,250,short,369,224,145,60.7,-3576.4,4059.7,-0.88
2.0,1.5,85,2,250,both,709,444,264,62.7,-4483.7,5358.6,-0.84
2.0,1.5,85,2,250,long,343,221,121,64.6,-1147.0,2110.8,-0.54
2.0,1.5,85,2,250,short,366,223,143,60.9,-3336.7,3886.4,-0.86
2.0,1.5,85,3,250,both,703,441,261,62.8,-4228.9,5047.0,-0.84
2.0,1.5,85,3,250,long,341,220,120,64.7,-1197.8,2115.8,-0.57
2.0,1.5,85,3,250,short,362,221,141,61.0,-3031.1,3544.3,-0.86
2.0,1.5,85,4,250,both,701,440,260,62.9,-4053.1,4871.2,-0.83
2.0,1.5,85,4,250,long,340,219,120,64.6,-1190.0,2125.5,-0.56
2.0,1.5,85,4,250,short,361,221,140,61.2,-2863.1,3386.3,-0.85
2.0,1.5,95,1,250,both,712,445,266,62.6,-4548.5,5444.8,-0.84
2.0,1.5,95,1,250,long,343,222,120,64.9,-1189.4,2264.6,-0.53
2.0,1.5,95,1,250,short,369,223,146,60.4,-3359.1,4012.3,-0.84
2.0,1.5,95,2,250,both,705,442,262,62.8,-4212.3,5075.4,-0.83
2.0,1.5,95,2,250,long,339,220,118,65.1,-1092.9,2114.2,-0.52
2.0,1.5,95,2,250,short,366,222,144,60.7,-3119.4,3839.0,-0.81
2.0,1.5,95,3,250,both,701,441,259,63.0,-3867.2,4689.9,-0.82
2.0,1.5,95,3,250,long,338,220,117,65.3,-1089.9,2071.9,-0.53
2.0,1.5,95,3,250,short,363,221,142,60.9,-2777.3,3496.9,-0.79
2.0,1.5,95,4,250,both,699,440,258,63.0,-3745.8,4624.0,-0.81
2.0,1.5,95,4,250,long,337,219,117,65.2,-1158.2,2048.1,-0.57
2.0,1.5,95,4,250,short,362,221,141,61.0,-2587.6,3338.9,-0.77
2.0,2.0,55,1,250,both,731,473,257,64.8,-6108.6,7101.6,-0.86
2.0,2.0,55,1,250,long,356,237,118,66.8,-2614.9,3426.6,-0.76
2.0,2.0,55,1,250,short,375,236,139,62.9,-3493.7,4143.8,-0.84
2.0,2.0,55,2,250,both,725,470,254,64.9,-5718.1,6711.1,-0.85
2.0,2.0,55,2,250,long,355,237,117,66.9,-2379.0,3190.7,-0.75
2.0,2.0,55,2,250,short,370,233,137,63.0,-3339.1,3980.0,-0.84
2.0,2.0,55,3,250,both,721,468,252,65.0,-5755.2,6691.4,-0.86
2.0,2.0,55,3,250,long,352,235,116,67.0,-2419.4,3185.3,-0.76
2.0,2.0,55,3,250,short,369,233,136,63.1,-3335.8,3980.0,-0.84
2.0,2.0,55,4,250,both,716,464,251,64.9,-5863.6,6799.8,-0.86
2.0,2.0,55,4,250,long,350,233,116,66.8,-2395.0,3178.4,-0.75
2.0,2.0,55,4,250,short,366,231,135,63.1,-3468.6,4135.0,-0.84
2.0,2.0,65,1,250,both,722,466,255,64.6,-5178.8,6266.4,-0.83
2.0,2.0,65,1,250,long,351,234,116,66.9,-2245.9,3193.0,-0.7
2.0,2.0,65,1,250,short,371,232,139,62.5,-2932.9,3878.6,-0.76
2.0,2.0,65,2,250,both,715,462,252,64.7,-4924.1,6011.7,-0.82
2.0,2.0,65,2,250,long,349,234,114,67.2,-1813.7,2760.8,-0.66
2.0,2.0,65,2,250,short,366,228,138,62.3,-3110.4,3923.2,-0.79
2.0,2.0,65,3,250,both,713,462,250,64.9,-4717.0,5747.8,-0.82
2.0,2.0,65,3,250,long,348,234,113,67.4,-1816.8,2718.1,-0.67
2.0,2.0,65,3,250,short,365,228,137,62.5,-2900.2,3715.2,-0.78
2.0,2.0,65,4,250,both,709,459,249,64.8,-4773.8,5804.6,-0.82
2.0,2.0,65,4,250,long,346,232,113,67.2,-1795.5,2714.3,-0.66
2.0,2.0,65,4,250,short,363,227,136,62.5,-2978.3,3815.5,-0.78
2.0,2.0,75,1,250,both,710,455,254,64.2,-4900.8,6062.9,-0.81
2.0,2.0,75,1,250,long,343,226,116,66.1,-2119.1,3140.7,-0.67
2.0,2.0,75,1,250,short,367,229,138,62.4,-2781.7,3753.2,-0.74
2.0,2.0,75,2,250,both,706,453,252,64.3,-4560.3,5722.4,-0.8
2.0,2.0,75,2,250,long,342,226,115,66.3,-1891.0,2912.6,-0.65
2.0,2.0,75,2,250,short,364,227,137,62.4,-2669.3,3561.8,-0.75
2.0,2.0,75,3,250,both,703,452,250,64.4,-4383.3,5488.6,-0.8
2.0,2.0,75,3,250,long,341,226,114,66.5,-1885.5,2861.3,-0.66
2.0,2.0,75,3,250,short,362,226,136,62.4,-2497.8,3353.8,-0.74
2.0,2.0,75,4,250,both,699,449,249,64.3,-4468.0,5573.3,-0.8
2.0,2.0,75,4,250,long,339,224,114,66.3,-1892.1,2885.4,-0.66
2.0,2.0,75,4,250,short,360,225,135,62.5,-2575.9,3454.1,-0.75
2.0,2.0,85,1,250,both,703,450,252,64.1,-4428.7,5590.8,-0.79
2.0,2.0,85,1,250,long,342,226,115,66.3,-1646.8,2687.7,-0.61
2.0,2.0,85,1,250,short,361,224,137,62.0,-2781.9,3766.3,-0.74
2.0,2.0,85,2,250,both,699,449,249,64.3,-3858.9,5021.0,-0.77
2.0,2.0,85,2,250,long,341,226,114,66.5,-1414.0,2454.9,-0.58
2.0,2.0,85,2,250,short,358,223,135,62.3,-2444.9,3350.3,-0.73
2.0,2.0,85,3,250,both,696,447,248,64.3,-3949.5,5054.8,-0.78
2.0,2.0,85,3,250,long,339,225,113,66.6,-1468.1,2463.2,-0.6
2.0,2.0,85,3,250,short,357,222,135,62.2,-2481.4,3350.3,-0.74
2.0,2.0,85,4,250,both,694,446,247,64.4,-3919.5,5024.8,-0.78
2.0,2.0,85,4,250,long,338,224,113,66.5,-1460.3,2472.9,-0.59
2.0,2.0,85,4,250,short,356,222,134,62.4,-2459.2,3350.3,-0.73
2.0,2.0,95,1,250,both,700,448,251,64.1,-4184.7,5300.9,-0.79
2.0,2.0,95,1,250,long,339,225,113,66.6,-1620.1,2707.5,-0.6
2.0,2.0,95,1,250,short,361,223,138,61.8,-2564.6,3690.6,-0.69
2.0,2.0,95,2,250,both,695,447,247,64.4,-3587.5,4703.7,-0.76
2.0,2.0,95,2,250,long,337,225,111,67.0,-1359.9,2458.3,-0.55
2.0,2.0,95,2,250,short,358,222,136,62.0,-2227.6,3274.6,-0.68
2.0,2.0,95,3,250,both,694,447,246,64.5,-3587.8,4647.2,-0.77
2.0,2.0,95,3,250,long,336,225,110,67.2,-1360.2,2419.3,-0.56
2.0,2.0,95,3,250,short,358,222,136,62.0,-2227.6,3274.6,-0.68
2.0,2.0,95,4,250,both,692,446,245,64.5,-3612.2,4671.6,-0.77
2.0,2.0,95,4,250,long,335,224,110,67.1,-1428.5,2395.5,-0.6
2.0,2.0,95,4,250,short,357,222,135,62.2,-2183.7,3274.6,-0.67
2.0,0.5,55,1,300,both,867,420,446,48.5,-6114.0,6461.9,-0.95
2.0,0.5,55,1,300,long,417,201,215,48.3,-3356.7,3569.7,-0.94
2.0,0.5,55,1,300,short,450,219,231,48.7,-2757.3,2916.4,-0.95
2.0,0.5,55,2,300,both,830,409,420,49.3,-5372.7,5731.6,-0.94
2.0,0.5,55,2,300,long,400,195,204,48.9,-3117.9,3330.9,-0.94
2.0,0.5,55,2,300,short,430,214,216,49.8,-2254.8,2424.9,-0.93
2.0,0.5,55,3,300,both,808,402,405,49.8,-4904.9,5327.6,-0.92
2.0,0.5,55,3,300,long,389,189,199,48.7,-3193.6,3406.6,-0.94
2.0,0.5,55,3,300,short,419,213,206,50.8,-1711.3,1945.2,-0.88
2.0,0.5,55,4,300,both,793,398,394,50.3,-4549.4,4865.6,-0.94
2.0,0.5,55,4,300,long,382,186,195,48.8,-2968.3,3150.9,-0.94
2.0,0.5,55,4,300,short,411,212,199,51.6,-1581.1,1741.7,-0.91
2.0,0.5,65,1,300,both,858,412,445,48.1,-5638.0,6080.5,-0.93
2.0,0.5,65,1,300,long,413,199,213,48.3,-2975.6,3304.2,-0.9
2.0,0.5,65,1,300,short,445,213,232,47.9,-2662.4,2821.5,-0.94
2.0,0.5,65,2,300,both,820,400,419,48.8,-4864.0,5317.5,-0.91
2.0,0.5,65,2,300,long,394,192,201,48.9,-2708.7,3016.3,-0.9
2.0,0.5,65,2,300,short,426,208,218,48.8,-2155.3,2325.4,-0.93
2.0,0.5,65,3,300,both,799,395,403,49.5,-4284.1,4801.4,-0.89
2.0,0.5,65,3,300,long,385,188,196,49.0,-2734.9,3042.5,-0.9
2.0,0.5,65,3,300,short,414,207,207,50.0,-1549.2,1783.1,-0.87
2.0,0.5,65,4,300,both,784,389,394,49.7,-4140.6,4551.4,-0.91
2.0,0.5,65,4,300,long,378,185,192,49.1,-2512.7,2789.9,-0.9
2.0,0.5,65,4,300,short,406,204,202,50.2,-1627.9,1788.5,-0.91
2.0,0.5,75,1,300,both,851,403,447,47.4,-5496.6,5939.1,-0.93
2.0,0.5,75,1,300,long,408,191,216,46.9,-3124.4,3432.0,-0.91
2.0,0.5,75,1,300,short,443,212,231,47.9,-2372.2,2531.3,-0.94
2.0,0.5,75,2,300,both,815,389,425,47.8,-5123.0,5576.5,-0.92
2.0,0.5,75,2,300,long,391,183,207,46.9,-3098.8,3406.4,-0.91
2.0,0.5,75,2,300,short,424,206,218,48.6,-2024.2,2194.3,-0.92
2.0,0.5,75,3,300,both,794,385,408,48.5,-4436.7,4954.0,-0.9
2.0,0.5,75,3,300,long,383,181,201,47.4,-2979.9,3287.5,-0.91
2.0,0.5,75,3,300,short,411,204,207,49.6,-1456.8,1690.7,-0.86
2.0,0.5,75,4,300,both,780,379,400,48.7,-4351.2,4762.0,-0.91
2.0,0.5,75,4,300,long,377,178,198,47.3,-2815.7,3092.9,-0.91
2.0,0.5,75,4,300,short,403,201,202,49.9,-1535.5,1696.1,-0.91
2.0,0.5,85,1,300,both,844,397,446,47.1,-5160.4,5602.9,-0.92
2.0,0.5,85,1,300,long,407,190,216,46.8,-2831.9,3139.5,-0.9
2.0,0.5,85,1,300,short,437,207,230,47.4,-2328.5,2487.6,-0.94
2.0,0.5,85,2,300,both,808,384,423,47.6,-4712.2,5165.7,-0.91
2.0,0.5,85,2,300,long,390,182,207,46.8,-2806.3,3113.9,-0.9
2.0,0.5,85,2,300,short,418,202,216,48.3,-1905.9,2076.0,-0.92
2.0,0.5,85,3,300,both,788,380,407,48.3,-4120.5,4637.8,-0.89
2.0,0.5,85,3,300,long,382,180,201,47.2,-2724.0,3031.6,-0.9
2.0,0.5,85,3,300,short,406,200,206,49.3,-1396.5,1630.4,-0.86
2.0,0.5,85,4,300,both,774,374,399,48.4,-4035.0,4445.8,-0.91
2.0,0.5,85,4,300,long,376,177,198,47.2,-2559.8,2837.0,-0.9
2.0,0.5,85,4,300,short,398,197,201,49.5,-1475.2,1635.8,-0.9
2.0,0.5,95,1,300,both,843,396,446,47.0,-4908.4,5354.9,-0.92
2.0,0.5,95,1,300,long,406,191,214,47.2,-2750.7,3082.5,-0.89
2.0,0.5,95,1,300,short,437,205,232,46.9,-2157.7,2367.0,-0.91
2.0,0.5,95,2,300,both,806,384,421,47.7,-4269.6,4727.1,-0.9
2.0,0.5,95,2,300,long,388,184,203,47.5,-2534.5,2854.7,-0.89
2.0,0.5,95,2,300,short,418,200,218,47.8,-1735.1,1944.4,-0.89
2.0,0.5,95,3,300,both,787,380,406,48.3,-3721.4,4242.7,-0.88
2.0,0.5,95,3,300,long,380,181,198,47.8,-2534.4,2854.6,-0.89
2.0,0.5,95,3,300,short,407,199,208,48.9,-1187.0,1449.7,-0.82
2.0,0.5,95,4,300,both,773,374,398,48.4,-3688.5,4103.3,-0.9
2.0,0.5,95,4,300,long,374,178,195,47.7,-2446.3,2736.1,-0.89
2.0,0.5,95,4,300,short,399,196,203,49.1,-1242.2,1455.4,-0.85
2.0,0.75,55,1,300,both,807,451,355,56.0,-6543.3,6876.9,-0.95
2.0,0.75,55,1,300,long,390,222,167,57.1,-2760.5,3313.1,-0.83
2.0,0.75,55,1,300,short,417,229,188,54.9,-3782.8,3933.6,-0.96
2.0,0.75,55,2,300,both,787,441,345,56.1,-6249.4,6610.0,-0.95
2.0,0.75,55,2,300,long,381,215,165,56.6,-2931.8,3377.9,-0.87
2.0,0.75,55,2,300,short,406,226,180,55.7,-3317.6,3491.2,-0.95
2.0,0.75,55,3,300,both,770,435,334,56.6,-5592.9,5979.7,-0.94
2.0,0.75,55,3,300,long,372,210,161,56.6,-2689.1,3089.4,-0.87
2.0,0.75,55,3,300,short,398,225,173,56.5,-2903.8,3082.5,-0.94
2.0,0.75,55,4,300,both,761,429,331,56.4,-5631.7,5971.7,-0.94
2.0,0.75,55,4,300,long,369,208,160,56.5,-2669.7,3087.5,-0.86
2.0,0.75,55,4,300,short,392,221,171,56.4,-2962.0,3093.9,-0.96
2.0,0.75,65,1,300,both,799,444,354,55.6,-5803.6,6233.7,-0.93
2.0,0.75,65,1,300,long,385,219,165,57.0,-2329.4,3186.5,-0.73
2.0,0.75,65,1,300,short,414,225,189,54.3,-3474.2,3626.9,-0.96
2.0,0.75,65,2,300,both,776,432,343,55.7,-5595.1,6029.4,-0.93
2.0,0.75,65,2,300,long,375,212,162,56.7,-2428.4,3179.0,-0.76
2.0,0.75,65,2,300,short,401,220,181,54.9,-3166.7,3319.4,-0.95
2.0,0.75,65,3,300,both,761,428,332,56.3,-4729.4,5189.9,-0.91
2.0,0.75,65,3,300,long,368,209,158,56.9,-2138.0,2842.8,-0.75
2.0,0.75,65,3,300,short,393,219,174,55.7,-2591.4,2749.2,-0.94
2.0,0.75,65,4,300,both,753,423,329,56.2,-4721.9,5156.5,-0.92
2.0,0.75,65,4,300,long,365,207,157,56.9,-2121.7,2844.0,-0.75
2.0,0.75,65,4,300,short,388,216,172,55.7,-2600.2,2732.1,-0.95
2.0,0.75,75,1,300,both,790,434,355,55.0,-5758.4,6188.5,-0.93
2.0,0.75,75,1,300,long,379,212,166,56.1,-2399.4,3150.8,-0.76
2.0,0.75,75,1,300,short,411,222,189,54.0,-3359.0,3511.7,-0.96
2.0,0.75,75,2,300,both,769,422,346,54.9,-5740.0,6174.3,-0.93
2.0,0.75,75,2,300,long,370,205,164,55.6,-2577.5,3222.4,-0.8
2.0,0.75,75,2,300,short,399,217,182,54.4,-3162.5,3315.2,-0.95
2.0,0.75,75,3,300,both,752,416,335,55.4,-4918.8,5379.3,-0.91
2.0,0.75,75,3,300,long,362,201,160,55.7,-2292.9,2892.0,-0.79
2.0,0.75,75,3,300,short,390,215,175,55.1,-2625.9,2783.7,-0.94
2.0,0.75,75,4,300,both,745,411,333,55.2,-5005.8,5440.4,-0.92
2.0,0.75,75,4,300,long,360,199,160,55.4,-2371.1,2987.7,-0.79
2.0,0.75,75,4,300,short,385,212,173,55.1,-2634.7,2766.6,-0.95
2.0,0.75,85,1,300,both,783,428,354,54.7,-5321.5,5716.4,-0.93
2.0,0.75,85,1,300,long,378,211,166,56.0,-1981.7,2867.5,-0.69
2.0,0.75,85,1,300,short,405,217,188,53.6,-3339.8,3457.3,-0.97
2.0,0.75,85,2,300,both,761,416,344,54.7,-5213.2,5612.3,-0.93
2.0,0.75,85,2,300,long,368,203,164,55.3,-2169.5,2948.8,-0.74
2.0,0.75,85,2,300,short,393,213,180,54.2,-3043.7,3161.2,-0.96
2.0,0.75,85,3,300,both,746,411,334,55.2,-4536.6,4961.9,-0.91
2.0,0.75,85,3,300,long,361,200,160,55.6,-1946.5,2680.0,-0.73
2.0,0.75,85,3,300,short,385,211,174,54.8,-2590.1,2712.7,-0.95
2.0,0.75,85,4,300,both,740,407,332,55.1,-4588.4,5023.0,-0.91
2.0,0.75,85,4,300,long,359,198,160,55.3,-2024.7,2775.7,-0.73
2.0,0.75,85,4,300,short,381,209,172,54.9,-2563.7,2695.6,-0.95
2.0,0.75,95,1,300,both,781,425,355,54.5,-5309.6,5672.9,-0.94
2.0,0.75,95,1,300,long,376,210,165,56.0,-2038.0,2868.3,-0.71
2.0,0.75,95,1,300,short,405,215,190,53.1,-3271.6,3389.1,-0.97
2.0,0.75,95,2,300,both,758,414,343,54.7,-5018.5,5386.0,-0.93
2.0,0.75,95,2,300,long,365,203,161,55.8,-2043.0,2860.8,-0.71
2.0,0.75,95,2,300,short,393,211,182,53.7,-2975.5,3093.0,-0.96
2.0,0.75,95,3,300,both,744,410,333,55.2,-4266.0,4659.7,-0.92
2.0,0.75,95,3,300,long,358,200,157,56.0,-1780.6,2559.1,-0.7
2.0,0.75,95,3,300,short,386,210,176,54.4,-2485.4,2602.9,-0.95
2.0,0.75,95,4,300,both,738,406,331,55.1,-4372.2,4775.2,-0.92
2.0,0.75,95,4,300,long,356,198,157,55.8,-1934.9,2621.3,-0.74
2.0,0.75,95,4,300,short,382,208,174,54.5,-2437.3,2554.8,-0.95
2.0,1.0,55,1,300,both,774,465,308,60.2,-5858.3,6410.5,-0.91
2.0,1.0,55,1,300,long,375,229,145,61.2,-2390.0,3123.4,-0.77
2.0,1.0,55,1,300,short,399,236,163,59.1,-3468.3,3761.8,-0.92
2.0,1.0,55,2,300,both,762,457,304,60.1,-5938.8,6513.8,-0.91
2.0,1.0,55,2,300,long,369,224,144,60.9,-2587.2,3320.6,-0.78
2.0,1.0,55,2,300,short,393,233,160,59.3,-3351.6,3580.0,-0.94
2.0,1.0,55,3,300,both,752,454,297,60.5,-5585.5,6114.7,-0.91
2.0,1.0,55,3,300,long,364,221,142,60.9,-2632.0,3319.6,-0.79
2.0,1.0,55,3,300,short,388,233,155,60.1,-2953.5,3181.9,-0.93
2.0,1.0,55,4,300,both,745,448,296,60.2,-5763.5,6303.0,-0.91
2.0,1.0,55,4,300,long,362,220,141,60.9,-2538.8,3267.3,-0.78
2.0,1.0,55,4,300,short,383,228,155,59.5,-3224.7,3443.5,-0.94
2.0,1.0,65,1,300,both,765,458,306,59.9,-5074.4,5763.9,-0.88
2.0,1.0,65,1,300,long,370,226,143,61.2,-1960.7,2970.4,-0.66
2.0,1.0,65,1,300,short,395,232,163,58.7,-3113.7,3691.9,-0.84
2.0,1.0,65,2,300,both,751,448,302,59.7,-5240.2,5929.7,-0.88
2.0,1.0,65,2,300,long,363,221,141,61.0,-2060.6,3031.0,-0.68
2.0,1.0,65,2,300,short,388,227,161,58.5,-3179.6,3464.3,-0.92
2.0,1.0,65,3,300,both,743,447,295,60.2,-4652.7,5296.4,-0.88
2.0,1.0,65,3,300,long,360,220,139,61.3,-2057.7,2982.3,-0.69
2.0,1.0,65,3,300,short,383,227,156,59.3,-2595.0,3014.8,-0.86
2.0,1.0,65,4,300,both,737,443,293,60.2,-4609.3,5284.2,-0.87
2.0,1.0,65,4,300,long,358,219,138,61.3,-1967.6,2933.1,-0.67
2.0,1.0,65,4,300,short,379,224,155,59.1,-2641.7,3136.1,-0.84
2.0,1.0,75,1,300,both,755,447,307,59.3,-5064.8,5842.7,-0.87
2.0,1.0,75,1,300,long,363,217,145,59.9,-2210.3,3153.6,-0.7
2.0,1.0,75,1,300,short,392,230,162,58.7,-2854.5,3510.8,-0.81
2.0,1.0,75,2,300,both,743,437,305,58.9,-5470.7,6248.6,-0.88
2.0,1.0,75,2,300,long,357,212,144,59.6,-2414.3,3357.6,-0.72
2.0,1.0,75,2,300,short,386,225,161,58.3,-3056.4,3391.2,-0.9
2.0,1.0,75,3,300,both,733,434,298,59.3,-4927.7,5659.8,-0.87
2.0,1.0,75,3,300,long,353,210,142,59.7,-2417.2,3314.7,-0.73
2.0,1.0,75,3,300,short,380,224,156,58.9,-2510.5,2941.7,-0.85
2.0,1.0,75,4,300,both,728,431,296,59.3,-4897.8,5661.1,-0.87
2.0,1.0,75,4,300,long,352,210,141,59.8,-2340.6,3279.0,-0.71
2.0,1.0,75,4,300,short,376,221,155,58.8,-2557.2,3063.0,-0.83
2.0,1.0,85,1,300,both,749,442,306,59.1,-4618.2,5386.1,-0.86
2.0,1.0,85,1,300,long,362,216,145,59.8,-1848.4,2901.6,-0.64
2.0,1.0,85,1,300,short,387,226,161,58.4,-2769.8,3523.9,-0.79
2.0,1.0,85,2,300,both,736,432,303,58.8,-4909.2,5677.1,-0.86
2.0,1.0,85,2,300,long,355,210,144,59.3,-2062.1,3076.0,-0.67
2.0,1.0,85,2,300,short,381,222,159,58.3,-2847.1,3279.7,-0.87
2.0,1.0,85,3,300,both,728,430,297,59.1,-4505.0,5227.1,-0.86
2.0,1.0,85,3,300,long,352,209,142,59.5,-2095.8,3063.9,-0.68
2.0,1.0,85,3,300,short,376,221,155,58.8,-2409.2,2938.2,-0.82
2.0,1.0,85,4,300,both,725,429,295,59.3,-4339.6,5102.6,-0.85
2.0,1.0,85,4,300,long,351,209,141,59.7,-2019.2,3028.2,-0.67
2.0,1.0,85,4,300,short,374,220,154,58.8,-2320.4,2959.2,-0.78
2.0,1.0,95,1,300,both,746,439,306,58.9,-4573.3,5250.8,-0.87
2.0,1.0,95,1,300,long,359,215,143,60.1,-1821.7,2902.4,-0.63
2.0,1.0,95,1,300,short,387,224,163,57.9,-2751.6,3585.1,-0.77
2.0,1.0,95,2,300,both,733,430,302,58.7,-4739.5,5428.0,-0.87
2.0,1.0,95,2,300,long,352,210,141,59.8,-1910.6,2963.0,-0.64
2.0,1.0,95,2,300,short,381,220,161,57.7,-2828.9,3340.9,-0.85
2.0,1.0,95,3,300,both,726,429,296,59.2,-4259.4,4908.6,-0.87
2.0,1.0,95,3,300,long,349,209,139,60.1,-1904.9,2918.0,-0.65
2.0,1.0,95,3,300,short,377,220,157,58.4,-2354.5,2999.4,-0.78
2.0,1.0,95,4,300,both,723,428,294,59.3,-4148.4,4728.9,-0.88
2.0,1.0,95,4,300,long,348,209,138,60.2,-1904.4,2848.8,-0.67
2.0,1.0,95,4,300,short,375,219,156,58.4,-2244.0,3020.4,-0.74
2.0,1.25,55,1,300,both,752,471,280,62.7,-4824.4,5230.4,-0.92
2.0,1.25,55,1,300,long,365,231,133,63.5,-2027.3,2563.1,-0.79
2.0,1.25,55,1,300,short,387,240,147,62.0,-2797.1,3186.8,-0.88
2.0,1.25,55,2,300,both,743,465,277,62.7,-4658.5,5005.2,-0.93
2.0,1.25,55,2,300,long,361,228,132,63.3,-2087.0,2557.9,-0.82
2.0,1.25,55,2,300,short,382,237,145,62.0,-2571.5,2909.9,-0.88
2.0,1.25,55,3,300,both,736,461,274,62.7,-4532.3,4833.2,-0.94
2.0,1.25,55,3,300,long,357,225,131,63.2,-2177.9,2603.0,-0.84
2.0,1.25,55,3,300,short,379,236,143,62.3,-2354.4,2956.8,-0.8
2.0,1.25,55,4,300,both,727,454,272,62.5,-4638.0,4950.8,-0.94
2.0,1.25,55,4,300,long,355,223,131,63.0,-2153.5,2596.1,-0.83
2.0,1.25,55,4,300,short,372,231,141,62.1,-2484.5,3062.7,-0.81
2.0,1.25,65,1,300,both,743,463,279,62.4,-4094.5,4635.9,-0.88
2.0,1.25,65,1,300,long,360,228,131,63.5,-1681.7,2438.3,-0.69
2.0,1.25,65,1,300,short,383,235,148,61.4,-2412.8,3087.2,-0.78
2.0,1.25,65,2,300,both,732,456,275,62.4,-4043.6,4520.1,-0.89
2.0,1.25,65,2,300,long,355,225,129,63.6,-1619.1,2310.8,-0.7
2.0,1.25,65,2,300,short,377,231,146,61.3,-2424.5,3018.7,-0.8
2.0,1.25,65,3,300,both,727,455,271,62.7,-3492.6,3923.3,-0.89
2.0,1.25,65,3,300,long,353,224,128,63.6,-1662.3,2308.2,-0.72
2.0,1.25,65,3,300,short,374,231,143,61.8,-1830.3,2687.4,-0.68
2.0,1.25,65,4,300,both,719,449,269,62.5,-3552.0,4000.2,-0.89
2.0,1.25,65,4,300,long,351,222,128,63.4,-1641.0,2304.4,-0.71
2.0,1.25,65,4,300,short,368,227,141,61.7,-1911.0,2764.8,-0.69
2.0,1.25,75,1,300,both,733,452,280,61.7,-4281.8,4911.6,-0.87
2.0,1.25,75,1,300,long,353,220,132,62.5,-1759.2,2416.5,-0.73
2.0,1.25,75,1,300,short,380,232,148,61.1,-2522.6,3275.1,-0.77
2.0,1.25,75,2,300,both,724,446,277,61.7,-4152.0,4716.9,-0.88
2.0,1.25,75,2,300,long,349,217,131,62.4,-1825.7,2418.1,-0.76
2.0,1.25,75,2,300,short,375,229,146,61.1,-2326.3,2970.6,-0.78
2.0,1.25,75,3,300,both,717,443,273,61.9,-3645.5,4164.6,-0.88
2.0,1.25,75,3,300,long,346,215,130,62.3,-1874.7,2421.3,-0.77
2.0,1.25,75,3,300,short,371,228,143,61.5,-1770.8,2639.3,-0.67
2.0,1.25,75,4,300,both,710,438,271,61.8,-3718.4,4255.0,-0.87
2.0,1.25,75,4,300,long,345,214,130,62.2,-1866.9,2431.0,-0.77
2.0,1.25,75,4,300,short,365,224,141,61.4,-1851.5,2716.7,-0.68
2.0,1.25,85,1,300,both,726,446,279,61.5,-3967.0,4596.5,-0.86
2.0,1.25,85,1,300,long,352,219,132,62.4,-1359.3,2135.7,-0.64
2.0,1.25,85,1,300,short,374,227,147,60.7,-2607.7,3288.2,-0.79
2.0,1.25,85,2,300,both,716,440,275,61.5,-3697.3,4261.9,-0.87
2.0,1.25,85,2,300,long,347,215,131,62.1,-1435.5,2147.0,-0.67
2.0,1.25,85,2,300,short,369,225,144,61.0,-2261.8,2834.1,-0.8
2.0,1.25,85,3,300,both,711,438,272,61.7,-3354.6,3873.4,-0.87
2.0,1.25,85,3,300,long,345,214,130,62.2,-1515.3,2181.0,-0.69
2.0,1.25,85,3,300,short,366,224,142,61.2,-1839.3,2635.8,-0.7
2.0,1.25,85,4,300,both,706,435,270,61.7,-3292.0,3828.3,-0.86
2.0,1.25,85,4,300,long,344,213,130,62.1,-1507.5,2190.7,-0.69
2.0,1.25,85,4,300,short,362,222,140,61.3,-1784.5,2612.9,-0.68
2.0,1.25,95,1,300,both,723,443,279,61.4,-3898.7,4412.8,-0.88
2.0,1.25,95,1,300,long,349,218,130,62.6,-1332.6,2155.5,-0.62
2.0,1.25,95,1,300,short,374,225,149,60.2,-2566.1,3374.4,-0.76
2.0,1.25,95,2,300,both,713,438,274,61.5,-3587.2,4047.4,-0.89
2.0,1.25,95,2,300,long,344,215,128,62.7,-1367.0,2136.0,-0.64
2.0,1.25,95,2,300,short,369,223,146,60.4,-2220.2,2920.3,-0.76
2.0,1.25,95,3,300,both,709,437,271,61.7,-3168.6,3589.5,-0.88
2.0,1.25,95,3,300,long,342,214,127,62.8,-1407.4,2137.1,-0.66
2.0,1.25,95,3,300,short,367,223,144,60.8,-1761.2,2722.0,-0.65
2.0,1.25,95,4,300,both,704,434,269,61.7,-3160.4,3489.2,-0.91
2.0,1.25,95,4,300,long,341,213,127,62.6,-1475.7,2113.3,-0.7
2.0,1.25,95,4,300,short,363,221,142,60.9,-1684.7,2699.1,-0.62
2.0,1.5,55,1,300,both,738,467,270,63.4,-5836.5,6432.3,-0.91
2.0,1.5,55,1,300,long,359,232,126,64.8,-2063.5,2821.1,-0.73
2.0,1.5,55,1,300,short,379,235,144,62.0,-3773.0,4199.3,-0.9
2.0,1.5,55,2,300,both,732,465,266,63.6,-5155.9,5709.6,-0.9
2.0,1.5,55,2,300,long,356,230,125,64.8,-1991.3,2684.0,-0.74
2.0,1.5,55,2,300,short,376,235,141,62.5,-3164.6,3753.8,-0.84
2.0,1.5,55,3,300,both,724,460,263,63.6,-5291.5,5799.4,-0.91
2.0,1.5,55,3,300,long,353,228,124,64.8,-2028.4,2675.3,-0.76
2.0,1.5,55,3,300,short,371,232,139,62.5,-3263.1,3859.4,-0.85
2.0,1.5,55,4,300,both,719,456,262,63.5,-5287.6,5768.5,-0.92
2.0,1.5,55,4,300,long,351,226,124,64.6,-2004.0,2668.4,-0.75
2.0,1.5,55,4,300,short,368,230,138,62.5,-3283.6,3721.7,-0.88
2.0,1.5,65,1,300,both,729,459,269,63.0,-5248.9,5982.0,-0.88
2.0,1.5,65,1,300,long,354,229,124,64.9,-1835.2,2813.6,-0.65
2.0,1.5,65,1,300,short,375,230,145,61.3,-3413.7,3990.7,-0.86
2.0,1.5,65,2,300,both,721,456,264,63.3,-4771.4,5439.6,-0.88
2.0,1.5,65,2,300,long,350,227,122,65.0,-1616.7,2530.2,-0.64
2.0,1.5,65,2,300,short,371,229,142,61.7,-3154.7,3862.5,-0.82
2.0,1.5,65,3,300,both,715,454,260,63.6,-4522.2,5144.6,-0.88
2.0,1.5,65,3,300,long,349,227,121,65.2,-1616.5,2484.2,-0.65
2.0,1.5,65,3,300,short,366,227,139,62.0,-2905.7,3644.6,-0.8
2.0,1.5,65,4,300,both,711,451,259,63.5,-4344.2,4960.5,-0.88
2.0,1.5,65,4,300,long,347,225,121,65.0,-1595.2,2480.4,-0.64
2.0,1.5,65,4,300,short,364,226,138,62.1,-2749.0,3462.7,-0.79
2.0,1.5,75,1,300,both,719,449,269,62.5,-5370.7,6192.2,-0.87
2.0,1.5,75,1,300,long,347,222,124,64.2,-1822.2,2747.6,-0.66
2.0,1.5,75,1,300,short,372,227,145,61.0,-3548.5,4203.6,-0.84
2.0,1.5,75,2,300,both,713,447,265,62.8,-4839.3,5595.9,-0.86
2.0,1.5,75,2,300,long,344,220,123,64.1,-1757.8,2618.3,-0.67
2.0,1.5,75,2,300,short,369,227,142,61.5,-3081.5,3839.4,-0.8
2.0,1.5,75,3,300,both,705,443,261,62.9,-4634.6,5345.4,-0.87
2.0,1.5,75,3,300,long,342,219,122,64.2,-1763.4,2578.1,-0.68
2.0,1.5,75,3,300,short,363,224,139,61.7,-2871.2,3621.5,-0.79
2.0,1.5,75,4,300,both,702,441,260,62.9,-4470.1,5174.8,-0.86
2.0,1.5,75,4,300,long,341,218,122,64.1,-1755.6,2587.8,-0.68
2.0,1.5,75,4,300,short,361,223,138,61.8,-2714.5,3439.6,-0.79
2.0,1.5,85,1,300,both,712,443,268,62.3,-4974.5,5772.1,-0.86
2.0,1.5,85,1,300,long,346,221,124,64.1,-1422.3,2395.5,-0.59
2.0,1.5,85,1,300,short,366,222,144,60.7,-3552.2,4218.4,-0.84
2.0,1.5,85,2,300,both,705,441,263,62.6,-4278.2,5010.9,-0.85
2.0,1.5,85,2,300,long,342,218,123,63.9,-1367.6,2275.9,-0.6
2.0,1.5,85,2,300,short,363,223,140,61.4,-2910.6,3679.6,-0.79
2.0,1.5,85,3,300,both,699,438,260,62.8,-4262.3,4949.2,-0.86
2.0,1.5,85,3,300,long,341,218,122,64.1,-1404.0,2266.5,-0.62
2.0,1.5,85,3,300,short,358,220,138,61.5,-2858.3,3619.7,-0.79
2.0,1.5,85,4,300,both,698,438,259,62.8,-3962.3,4666.7,-0.85
2.0,1.5,85,4,300,long,340,217,122,64.0,-1396.2,2276.2,-0.61
2.0,1.5,85,4,300,short,358,221,137,61.7,-2566.1,3337.5,-0.77
2.0,1.5,95,1,300,both,709,440,268,62.1,-4802.8,5588.4,-0.86
2.0,1.5,95,1,300,long,343,220,122,64.3,-1395.6,2415.3,-0.58
2.0,1.5,95,1,300,short,366,220,146,60.1,-3407.2,4201.2,-0.81
2.0,1.5,95,2,300,both,702,439,262,62.6,-4064.7,4796.4,-0.85
2.0,1.5,95,2,300,long,339,218,120,64.5,-1299.1,2264.9,-0.57
2.0,1.5,95,2,300,short,363,221,142,60.9,-2765.6,3662.4,-0.76
2.0,1.5,95,3,300,both,697,437,259,62.8,-3972.9,4665.3,-0.85
2.0,1.5,95,3,300,long,338,218,119,64.7,-1296.1,2222.6,-0.58
2.0,1.5,95,3,300,short,359,219,140,61.0,-2676.8,3602.5,-0.74
2.0,1.5,95,4,300,both,696,437,258,62.9,-3727.3,4327.6,-0.86
2.0,1.5,95,4,300,long,337,217,119,64.6,-1364.4,2198.8,-0.62
2.0,1.5,95,4,300,short,359,220,139,61.3,-2362.9,3320.3,-0.71
2.0,2.0,55,1,300,both,725,469,255,64.8,-5823.1,6582.3,-0.88
2.0,2.0,55,1,300,long,355,235,119,66.4,-2611.2,3402.7,-0.77
2.0,2.0,55,1,300,short,370,234,136,63.2,-3211.9,3953.8,-0.81
2.0,2.0,55,2,300,both,720,466,253,64.8,-5603.2,6385.2,-0.88
2.0,2.0,55,2,300,long,354,235,118,66.6,-2375.3,3166.8,-0.75
2.0,2.0,55,2,300,short,366,231,135,63.1,-3227.9,3914.7,-0.82
2.0,2.0,55,3,300,both,716,465,250,65.0,-5308.1,6033.3,-0.88
2.0,2.0,55,3,300,long,351,233,117,66.6,-2415.7,3161.4,-0.76
2.0,2.0,55,3,300,short,365,232,133,63.6,-2892.4,3582.5,-0.81
2.0,2.0,55,4,300,both,709,459,249,64.8,-5635.2,6315.9,-0.89
2.0,2.0,55,4,300,long,349,231,117,66.4,-2391.3,3154.5,-0.76
2.0,2.0,55,4,300,short,360,228,132,63.3,-3243.9,3851.2,-0.84
2.0,2.0,65,1,300,both,716,462,253,64.6,-4955.1,5810.8,-0.85
2.0,2.0,65,1,300,long,350,232,117,66.5,-2304.0,3230.9,-0.71
2.0,2.0,65,1,300,short,366,230,136,62.8,-2651.1,3688.6,-0.72
2.0,2.0,65,2,300,both,709,458,250,64.7,-4825.1,5680.8,-0.85
2.0,2.0,65,2,300,long,348,232,115,66.9,-1871.8,2798.7,-0.67
2.0,2.0,65,2,300,short,361,226,135,62.6,-2953.3,3857.9,-0.77
2.0,2.0,65,3,300,both,707,459,247,65.0,-4285.8,5084.7,-0.84
2.0,2.0,65,3,300,long,347,232,114,67.1,-1874.9,2756.0,-0.68
2.0,2.0,65,3,300,short,360,227,133,63.1,-2410.9,3317.7,-0.73
2.0,2.0,65,4,300,both,701,454,246,64.9,-4513.2,5288.5,-0.85
2.0,2.0,65,4,300,long,345,230,114,66.9,-1853.6,2752.2,-0.67
2.0,2.0,65,4,300,short,356,224,132,62.9,-2659.6,3542.2,-0.75
2.0,2.0,75,1,300,both,705,452,252,64.2,-4673.4,5603.6,-0.83
2.0,2.0,75,1,300,long,343,225,117,65.8,-2173.5,3174.9,-0.68
2.0,2.0,75,1,300,short,362,227,135,62.7,-2499.9,3563.2,-0.7
2.0,2.0,75,2,300,both,701,450,250,64.3,-4457.6,5387.8,-0.83
2.0,2.0,75,2,300,long,342,225,116,66.0,-1945.4,2946.8,-0.66
2.0,2.0,75,2,300,short,359,225,134,62.7,-2512.2,3496.5,-0.72
2.0,2.0,75,3,300,both,697,449,247,64.5,-3962.8,4836.2,-0.82
2.0,2.0,75,3,300,long,340,224,115,66.1,-1954.3,2909.9,-0.67
2.0,2.0,75,3,300,short,357,225,132,63.0,-2008.5,2956.3,-0.68
2.0,2.0,75,4,300,both,692,445,246,64.4,-4203.7,5053.5,-0.83
2.0,2.0,75,4,300,long,339,223,115,66.0,-1946.5,2919.6,-0.67
2.0,2.0,75,4,300,short,353,222,131,62.9,-2257.2,3180.8,-0.71
2.0,2.0,85,1,300,both,698,446,251,64.0,-4273.7,5180.3,-0.82
2.0,2.0,85,1,300,long,342,224,117,65.7,-1773.6,2794.3,-0.63
2.0,2.0,85,1,300,short,356,222,134,62.4,-2500.1,3576.3,-0.7
2.0,2.0,85,2,300,both,693,444,248,64.2,-3843.0,4749.6,-0.81
2.0,2.0,85,2,300,long,340,223,116,65.8,-1555.2,2575.9,-0.6
2.0,2.0,85,2,300,short,353,221,132,62.6,-2287.8,3285.0,-0.7
2.0,2.0,85,3,300,both,691,444,246,64.3,-3587.0,4436.8,-0.81
2.0,2.0,85,3,300,long,339,223,115,66.0,-1594.9,2569.8,-0.62
2.0,2.0,85,3,300,short,352,221,131,62.8,-1992.1,2952.8,-0.67
2.0,2.0,85,4,300,both,688,442,245,64.3,-3694.2,4544.0,-0.81
2.0,2.0,85,4,300,long,338,222,115,65.9,-1587.1,2579.5,-0.62
2.0,2.0,85,4,300,short,350,220,130,62.9,-2107.1,3077.0,-0.68
2.0,2.0,95,1,300,both,695,443,251,63.8,-4102.0,4962.7,-0.83
2.0,2.0,95,1,300,long,339,223,115,66.0,-1746.9,2814.1,-0.62
2.0,2.0,95,1,300,short,356,220,136,61.8,-2355.1,3559.1,-0.66
2.0,2.0,95,2,300,both,690,442,247,64.2,-3629.5,4490.2,-0.81
2.0,2.0,95,2,300,long,337,223,113,66.4,-1486.7,2564.9,-0.58
2.0,2.0,95,2,300,short,353,219,134,62.0,-2142.8,3267.8,-0.66
2.0,2.0,95,3,300,both,689,443,245,64.4,-3297.6,4105.0,-0.8
2.0,2.0,95,3,300,long,336,223,112,66.6,-1487.0,2525.9,-0.59
2.0,2.0,95,3,300,short,353,220,133,62.3,-1810.6,2935.6,-0.62
2.0,2.0,95,4,300,both,686,441,244,64.4,-3459.2,4263.1,-0.81
2.0,2.0,95,4,300,long,335,222,112,66.5,-1555.3,2502.1,-0.62
2.0,2.0,95,4,300,short,351,219,132,62.4,-1903.9,3059.8,-0.62
2.25,0.5,55,1,100,both,601,310,290,51.7,-1843.3,2553.0,-0.72
2.25,0.5,55,1,100,long,308,161,146,52.4,-773.1,1868.9,-0.41
2.25,0.5,55,1,100,short,293,149,144,50.9,-1070.2,1363.8,-0.78
2.25,0.5,55,2,100,both,591,309,281,52.4,-1290.4,1927.8,-0.67
2.25,0.5,55,2,100,long,304,161,142,53.1,-488.9,1584.7,-0.31
2.25,0.5,55,2,100,short,287,148,139,51.6,-801.5,1277.6,-0.63
2.25,0.5,55,3,100,both,583,305,277,52.4,-1453.5,2032.2,-0.72
2.25,0.5,55,3,100,long,299,158,140,53.0,-677.6,1659.3,-0.41
2.25,0.5,55,3,100,short,284,147,137,51.8,-775.9,1160.2,-0.67
2.25,0.5,55,4,100,both,580,303,276,52.3,-1564.0,2012.0,-0.78
2.25,0.5,55,4,100,long,297,157,139,53.0,-746.4,1593.2,-0.47
2.25,0.5,55,4,100,short,283,146,137,51.6,-817.6,1201.9,-0.68
2.25,0.5,65,1,100,both,593,298,294,50.3,-1958.7,2695.9,-0.73
2.25,0.5,65,1,100,long,303,154,148,51.0,-973.8,1944.4,-0.5
2.25,0.5,65,1,100,short,290,144,146,49.7,-984.9,1266.1,-0.78
2.25,0.5,65,2,100,both,584,296,287,50.8,-1640.3,2305.2,-0.71
2.25,0.5,65,2,100,long,300,154,145,51.5,-747.6,1718.2,-0.44
2.25,0.5,65,2,100,short,284,142,142,50.0,-892.7,1181.0,-0.76
2.25,0.5,65,3,100,both,575,291,283,50.7,-1861.7,2436.7,-0.76
2.25,0.5,65,3,100,long,295,151,143,51.4,-938.3,1813.0,-0.52
2.25,0.5,65,3,100,short,280,140,140,50.0,-923.4,1119.9,-0.82
2.25,0.5,65,4,100,both,572,290,281,50.8,-1885.2,2325.3,-0.81
2.25,0.5,65,4,100,long,293,151,141,51.7,-915.9,1655.7,-0.55
2.25,0.5,65,4,100,short,279,139,140,49.8,-969.3,1165.8,-0.83
2.25,0.5,75,1,100,both,591,295,295,50.0,-1686.7,2536.1,-0.67
2.25,0.5,75,1,100,long,303,152,150,50.3,-910.6,1832.3,-0.5
2.25,0.5,75,1,100,short,288,143,145,49.7,-776.1,1057.3,-0.73
2.25,0.5,75,2,100,both,582,294,287,50.6,-1436.0,2072.2,-0.69
2.25,0.5,75,2,100,long,300,152,147,50.8,-684.4,1710.5,-0.4
2.25,0.5,75,2,100,short,282,142,140,50.4,-751.6,1039.9,-0.72
2.25,0.5,75,3,100,both,574,290,283,50.6,-1616.1,2199.9,-0.73
2.25,0.5,75,3,100,long,295,150,144,51.0,-775.8,1725.3,-0.45
2.25,0.5,75,3,100,short,279,140,139,50.2,-840.3,1036.8,-0.81
2.25,0.5,75,4,100,both,570,287,282,50.4,-1780.2,2229.1,-0.8
2.25,0.5,75,4,100,long,292,148,143,50.9,-894.0,1708.6,-0.52
2.25,0.5,75,4,100,short,278,139,139,50.0,-886.2,1082.7,-0.82
2.25,0.5,85,1,100,both,588,292,295,49.7,-1241.1,2131.9,-0.58
2.25,0.5,85,1,100,long,301,150,150,50.0,-813.0,1879.7,-0.43
2.25,0.5,85,1,100,short,287,142,145,49.5,-428.1,908.4,-0.47
2.25,0.5,85,2,100,both,578,291,286,50.4,-932.4,1712.7,-0.54
2.25,0.5,85,2,100,long,297,150,146,50.7,-528.8,1763.7,-0.3
2.25,0.5,85,2,100,short,281,141,140,50.2,-403.6,908.4,-0.44
2.25,0.5,85,3,100,both,571,286,284,50.2,-1269.8,1939.7,-0.65
2.25,0.5,85,3,100,long,293,147,145,50.3,-777.5,1935.8,-0.4
2.25,0.5,85,3,100,short,278,139,139,50.0,-492.3,850.4,-0.58
2.25,0.5,85,4,100,both,568,285,282,50.3,-1342.7,2024.6,-0.66
2.25,0.5,85,4,100,long,291,146,144,50.3,-854.4,1877.8,-0.46
2.25,0.5,85,4,100,short,277,139,138,50.2,-488.3,888.1,-0.55
2.25,0.5,95,1,100,both,583,285,297,49.0,-681.5,1774.5,-0.38
2.25,0.5,95,1,100,long,298,146,151,49.2,-645.6,1582.0,-0.41
2.25,0.5,95,1,100,short,285,139,146,48.8,-35.9,790.7,-0.05
2.25,0.5,95,2,100,both,573,285,287,49.8,-290.9,1288.4,-0.23
2.25,0.5,95,2,100,long,294,146,147,49.8,-361.4,1466.0,-0.25
2.25,0.5,95,2,100,short,279,139,140,49.8,70.5,664.1,0.11
2.25,0.5,95,3,100,both,567,281,285,49.6,-651.9,1582.3,-0.41
2.25,0.5,95,3,100,long,291,144,146,49.7,-572.2,1684.7,-0.34
2.25,0.5,95,3,100,short,276,137,139,49.6,-79.7,664.1,-0.12
2.25,0.5,95,4,100,both,564,280,283,49.7,-724.8,1652.7,-0.44
2.25,0.5,95,4,100,long,289,143,145,49.7,-649.1,1626.7,-0.4
2.25,0.5,95,4,100,short,275,137,138,49.8,-75.7,792.5,-0.1
2.25,0.75,55,1,100,both,589,360,228,61.2,-132.4,1652.1,-0.08
2.25,0.75,55,1,100,long,301,186,114,62.0,-129.5,1407.0,-0.09
2.25,0.75,55,1,100,short,288,174,114,60.4,-2.9,1160.0,-0.0
2.25,0.75,55,2,100,both,579,356,222,61.6,-24.7,1548.6,-0.02
2.25,0.75,55,2,100,long,297,185,111,62.5,-8.1,1204.3,-0.01
2.25,0.75,55,2,100,short,282,171,111,60.6,-16.6,1203.0,-0.01
2.25,0.75,55,3,100,both,575,355,219,61.8,-33.1,1472.5,-0.02
2.25,0.75,55,3,100,long,294,184,109,62.8,-100.9,1250.1,-0.08
2.25,0.75,55,3,100,short,281,171,110,60.9,67.8,1154.7,0.06
2.25,0.75,55,4,100,both,575,355,219,61.8,-20.8,1460.2,-0.01
2.25,0.75,55,4,100,long,294,184,109,62.8,-92.8,1242.0,-0.07
2.25,0.75,55,4,100,short,281,171,110,60.9,72.0,1150.5,0.06
2.25,0.75,65,1,100,both,581,348,232,60.0,-362.8,1976.1,-0.18
2.25,0.75,65,1,100,long,296,179,116,60.7,-380.2,1604.0,-0.24
2.25,0.75,65,1,100,short,285,169,116,59.3,17.4,1113.4,0.02
2.25,0.75,65,2,100,both,571,343,227,60.2,-422.3,1929.3,-0.22
2.25,0.75,65,2,100,long,293,178,114,61.0,-341.8,1484.3,-0.23
2.25,0.75,65,2,100,short,278,165,113,59.4,-80.5,1211.3,-0.07
2.25,0.75,65,3,100,both,567,342,224,60.4,-434.1,1856.6,-0.23
2.25,0.75,65,3,100,long,290,177,112,61.2,-436.6,1532.1,-0.28
2.25,0.75,65,3,100,short,277,165,112,59.6,2.5,1128.3,0.0
2.25,0.75,65,4,100,both,567,342,224,60.4,-417.1,1839.6,-0.23
2.25,0.75,65,4,100,long,290,177,112,61.2,-419.6,1515.1,-0.28
2.25,0.75,65,4,100,short,277,165,112,59.6,2.5,1128.3,0.0
2.25,0.75,75,1,100,both,578,345,232,59.8,-114.6,1920.7,-0.06
2.25,0.75,75,1,100,long,295,177,117,60.2,-340.8,1642.9,-0.21
2.25,0.75,75,1,100,short,283,168,115,59.4,226.2,911.9,0.25
2.25,0.75,75,2,100,both,568,341,226,60.1,-216.8,1778.6,-0.12
2.25,0.75,75,2,100,long,292,176,115,60.5,-302.4,1541.3,-0.2
2.25,0.75,75,2,100,short,276,165,111,59.8,85.6,1071.0,0.08
2.25,0.75,75,3,100,both,565,340,224,60.3,-294.6,1872.0,-0.16
2.25,0.75,75,3,100,long,289,175,113,60.8,-380.2,1572.1,-0.24
2.25,0.75,75,3,100,short,276,165,111,59.8,85.6,1071.0,0.08
2.25,0.75,75,4,100,both,564,339,224,60.2,-335.9,1913.3,-0.18
2.25,0.75,75,4,100,long,288,174,113,60.6,-421.5,1613.4,-0.26
2.25,0.75,75,4,100,short,276,165,111,59.8,85.6,1071.0,0.08
2.25,0.75,85,1,100,both,575,345,229,60.1,564.3,1533.7,0.37
2.25,0.75,85,1,100,long,293,176,116,60.3,-140.6,1686.1,-0.08
2.25,0.75,85,1,100,short,282,169,113,59.9,704.9,817.3,0.86
2.25,0.75,85,2,100,both,564,340,223,60.4,452.7,1529.1,0.3
2.25,0.75,85,2,100,long,289,175,113,60.8,-19.2,1603.1,-0.01
2.25,0.75,85,2,100,short,275,165,110,60.0,471.9,941.0,0.5
2.25,0.75,85,3,100,both,561,339,221,60.5,357.9,1555.0,0.23
2.25,0.75,85,3,100,long,286,174,111,61.1,-114.0,1650.9,-0.07
2.25,0.75,85,3,100,short,275,165,110,60.0,471.9,941.0,0.5
2.25,0.75,85,4,100,both,561,339,221,60.5,392.4,1555.0,0.25
2.25,0.75,85,4,100,long,286,174,111,61.1,-114.0,1650.9,-0.07
2.25,0.75,85,4,100,short,275,165,110,60.0,506.4,941.0,0.54
2.25,0.75,95,1,100,both,570,339,230,59.6,1132.6,1309.8,0.86
2.25,0.75,95,1,100,long,290,173,116,59.9,81.9,1453.5,0.06
2.25,0.75,95,1,100,short,280,166,114,59.3,1050.7,641.6,1.64
2.25,0.75,95,2,100,both,559,334,224,59.9,971.9,1320.9,0.74
2.25,0.75,95,2,100,long,286,172,113,60.4,203.3,1370.5,0.15
2.25,0.75,95,2,100,short,273,162,111,59.3,768.6,748.4,1.03
2.25,0.75,95,3,100,both,557,334,222,60.1,961.6,1346.8,0.71
2.25,0.75,95,3,100,long,284,172,111,60.8,193.0,1418.3,0.14
2.25,0.75,95,3,100,short,273,162,111,59.3,768.6,748.4,1.03
2.25,0.75,95,4,100,both,557,334,222,60.1,996.1,1346.8,0.74
2.25,0.75,95,4,100,long,284,172,111,60.8,193.0,1418.3,0.14
2.25,0.75,95,4,100,short,273,162,111,59.3,803.1,748.4,1.07
2.25,1.0,55,1,100,both,581,380,200,65.5,339.0,1901.7,0.18
2.25,1.0,55,1,100,long,297,195,101,65.9,-399.7,1760.9,-0.23
2.25,1.0,55,1,100,short,284,185,99,65.1,738.7,837.6,0.88
2.25,1.0,55,2,100,both,573,376,196,65.7,283.1,1760.2,0.16
2.25,1.0,55,2,100,long,294,194,99,66.2,-311.3,1626.6,-0.19
2.25,1.0,55,2,100,short,279,182,97,65.2,594.4,837.6,0.71
2.25,1.0,55,3,100,both,571,376,194,66.0,342.0,1648.8,0.21
2.25,1.0,55,3,100,long,293,194,98,66.4,-356.3,1624.6,-0.22
2.25,1.0,55,3,100,short,278,182,96,65.5,698.3,836.2,0.84
2.25,1.0,55,4,100,both,571,376,194,66.0,359.9,1640.7,0.22
2.25,1.0,55,4,100,long,293,194,98,66.4,-348.2,1616.5,-0.22
2.25,1.0,55,4,100,short,278,182,96,65.5,708.1,836.2,0.85
2.25,1.0,65,1,100,both,573,369,203,64.5,193.6,2068.4,0.09
2.25,1.0,65,1,100,long,292,188,103,64.6,-685.9,1968.4,-0.35
2.25,1.0,65,1,100,short,281,181,100,64.4,879.5,828.1,1.06
2.25,1.0,65,2,100,both,566,365,200,64.6,0.4,2034.9,0.0
2.25,1.0,65,2,100,long,290,187,102,64.7,-705.5,1942.1,-0.36
2.25,1.0,65,2,100,short,276,178,98,64.5,705.9,828.1,0.85
2.25,1.0,65,3,100,both,564,365,198,64.8,55.9,1926.9,0.03
2.25,1.0,65,3,100,long,289,187,101,64.9,-752.5,1942.1,-0.39
2.25,1.0,65,3,100,short,275,178,97,64.7,808.4,828.1,0.98
2.25,1.0,65,4,100,both,564,365,198,64.8,78.5,1909.9,0.04
2.25,1.0,65,4,100,long,289,187,101,64.9,-735.5,1925.1,-0.38
2.25,1.0,65,4,100,short,275,178,97,64.7,814.0,828.1,0.98
2.25,1.0,75,1,100,both,569,366,202,64.4,518.8,1892.9,0.27
2.25,1.0,75,1,100,long,291,187,103,64.5,-415.2,1804.7,-0.23
2.25,1.0,75,1,100,short,278,179,99,64.4,934.0,785.9,1.19
2.25,1.0,75,2,100,both,562,363,198,64.7,306.2,1712.9,0.18
2.25,1.0,75,2,100,long,289,186,102,64.6,-434.8,1831.6,-0.24
2.25,1.0,75,2,100,short,273,177,96,64.8,741.0,785.9,0.94
2.25,1.0,75,3,100,both,561,363,197,64.8,276.2,1695.9,0.16
2.25,1.0,75,3,100,long,288,186,101,64.8,-464.8,1814.6,-0.26
2.25,1.0,75,3,100,short,273,177,96,64.8,741.0,785.9,0.94
2.25,1.0,75,4,100,both,560,362,197,64.8,234.9,1737.2,0.14
2.25,1.0,75,4,100,long,287,185,101,64.7,-506.1,1855.9,-0.27
2.25,1.0,75,4,100,short,273,177,96,64.8,741.0,785.9,0.94
2.25,1.0,85,1,100,both,566,366,199,64.8,1197.7,1541.3,0.78
2.25,1.0,85,1,100,long,289,186,102,64.6,-215.0,1784.3,-0.12
2.25,1.0,85,1,100,short,277,180,97,65.0,1412.7,785.9,1.8
2.25,1.0,85,2,100,both,558,361,196,64.8,878.6,1453.7,0.6
2.25,1.0,85,2,100,long,286,184,101,64.6,-248.7,1800.5,-0.14
2.25,1.0,85,2,100,short,272,177,95,65.1,1127.3,785.9,1.43
2.25,1.0,85,3,100,both,557,361,195,64.9,831.6,1453.7,0.57
2.25,1.0,85,3,100,long,285,184,100,64.8,-295.7,1800.5,-0.16
2.25,1.0,85,3,100,short,272,177,95,65.1,1127.3,785.9,1.43
2.25,1.0,85,4,100,both,557,361,195,64.9,866.1,1453.7,0.6
2.25,1.0,85,4,100,long,285,184,100,64.8,-295.7,1800.5,-0.16
2.25,1.0,85,4,100,short,272,177,95,65.1,1161.8,785.9,1.48
2.25,1.0,95,1,100,both,561,360,200,64.3,1691.9,1379.7,1.23
2.25,1.0,95,1,100,long,286,183,102,64.2,7.5,1551.7,0.0
2.25,1.0,95,1,100,short,275,177,98,64.4,1684.4,785.9,2.14
2.25,1.0,95,2,100,both,553,355,197,64.3,1372.8,1302.5,1.05
2.25,1.0,95,2,100,long,283,181,101,64.2,-26.2,1567.9,-0.02
2.25,1.0,95,2,100,short,270,174,96,64.4,1399.0,785.9,1.78
2.25,1.0,95,3,100,both,553,356,196,64.5,1410.3,1302.5,1.08
2.25,1.0,95,3,100,long,283,182,100,64.5,11.3,1567.9,0.01
2.25,1.0,95,3,100,short,270,174,96,64.4,1399.0,785.9,1.78
2.25,1.0,95,4,100,both,553,356,196,64.5,1444.8,1302.5,1.11
2.25,1.0,95,4,100,long,283,182,100,64.5,11.3,1567.9,0.01
2.25,1.0,95,4,100,short,270,174,96,64.4,1433.5,785.9,1.82
2.25,1.25,55,1,100,both,576,388,187,67.5,275.4,1467.8,0.19
2.25,1.25,55,1,100,long,294,201,92,68.6,-278.9,1653.5,-0.17
2.25,1.25,55,1,100,short,282,187,95,66.3,554.3,956.5,0.58
2.25,1.25,55,2,100,both,571,385,185,67.5,163.4,1552.9,0.11
2.25,1.25,55,2,100,long,293,201,91,68.8,-138.6,1520.5,-0.09
2.25,1.25,55,2,100,short,278,184,94,66.2,302.0,1162.5,0.26
2.25,1.25,55,3,100,both,569,385,183,67.8,247.3,1516.3,0.16
2.25,1.25,55,3,100,long,292,201,90,69.1,-183.6,1518.5,-0.12
2.25,1.25,55,3,100,short,277,184,93,66.4,430.9,1166.6,0.37
2.25,1.25,55,4,100,both,569,385,183,67.8,265.2,1506.5,0.18
2.25,1.25,55,4,100,long,292,201,90,69.1,-175.5,1510.4,-0.12
2.25,1.25,55,4,100,short,277,184,93,66.4,440.7,1156.8,0.38
2.25,1.25,65,1,100,both,568,377,190,66.5,126.4,1638.1,0.08
2.25,1.25,65,1,100,long,289,194,94,67.4,-543.7,1814.6,-0.3
2.25,1.25,65,1,100,short,279,183,96,65.6,670.1,862.1,0.78
2.25,1.25,65,2,100,both,564,374,189,66.4,-147.9,1755.0,-0.08
2.25,1.25,65,2,100,long,289,194,94,67.4,-536.4,1814.6,-0.3
2.25,1.25,65,2,100,short,275,180,95,65.5,388.5,954.5,0.41
2.25,1.25,65,3,100,both,562,374,187,66.7,-67.4,1632.4,-0.04
2.25,1.25,65,3,100,long,288,194,93,67.6,-583.4,1814.6,-0.32
2.25,1.25,65,3,100,short,274,180,94,65.7,516.0,960.0,0.54
2.25,1.25,65,4,100,both,562,374,187,66.7,-44.8,1609.8,-0.03
2.25,1.25,65,4,100,long,288,194,93,67.6,-566.4,1797.6,-0.32
2.25,1.25,65,4,100,short,274,180,94,65.7,521.6,954.4,0.55
2.25,1.25,75,1,100,both,564,374,189,66.4,402.3,1488.0,0.27
2.25,1.25,75,1,100,long,288,193,94,67.2,-297.3,1675.4,-0.18
2.25,1.25,75,1,100,short,276,181,95,65.6,699.6,819.9,0.85
2.25,1.25,75,2,100,both,560,372,187,66.5,133.6,1627.8,0.08
2.25,1.25,75,2,100,long,288,193,94,67.2,-290.0,1675.4,-0.17
2.25,1.25,75,2,100,short,272,179,93,65.8,423.6,987.2,0.43
2.25,1.25,75,3,100,both,559,372,186,66.7,103.6,1621.6,0.06
2.25,1.25,75,3,100,long,287,193,93,67.5,-320.0,1658.4,-0.19
2.25,1.25,75,3,100,short,272,179,93,65.8,423.6,987.2,0.43
2.25,1.25,75,4,100,both,558,371,186,66.6,62.3,1662.9,0.04
2.25,1.25,75,4,100,long,286,192,93,67.4,-361.3,1699.7,-0.21
2.25,1.25,75,4,100,short,272,179,93,65.8,423.6,987.2,0.43
2.25,1.25,85,1,100,both,561,374,186,66.8,1081.2,1356.5,0.8
2.25,1.25,85,1,100,long,286,192,93,67.4,-97.1,1737.2,-0.06
2.25,1.25,85,1,100,short,275,182,93,66.2,1178.3,819.9,1.44
2.25,1.25,85,2,100,both,556,370,185,66.7,706.0,1623.6,0.43
2.25,1.25,85,2,100,long,285,191,93,67.3,-103.9,1737.2,-0.06
2.25,1.25,85,2,100,short,271,179,92,66.1,809.9,892.6,0.91
2.25,1.25,85,3,100,both,555,370,184,66.8,659.0,1623.6,0.41
2.25,1.25,85,3,100,long,284,191,92,67.5,-150.9,1737.2,-0.09
2.25,1.25,85,3,100,short,271,179,92,66.1,809.9,892.6,0.91
2.25,1.25,85,4,100,both,555,370,184,66.8,693.5,1623.6,0.43
2.25,1.25,85,4,100,long,284,191,92,67.5,-150.9,1737.2,-0.09
2.25,1.25,85,4,100,short,271,179,92,66.1,844.4,892.6,0.95
2.25,1.25,95,1,100,both,556,367,188,66.1,1385.7,1245.6,1.11
2.25,1.25,95,1,100,long,283,188,94,66.7,-39.3,1669.3,-0.02
2.25,1.25,95,1,100,short,273,179,94,65.6,1425.0,819.9,1.74
2.25,1.25,95,2,100,both,551,363,187,66.0,1010.5,1430.6,0.71
2.25,1.25,95,2,100,long,282,187,94,66.5,-46.1,1669.3,-0.03
2.25,1.25,95,2,100,short,269,176,93,65.4,1056.6,819.9,1.29
2.25,1.25,95,3,100,both,551,364,186,66.2,1048.0,1430.6,0.73
2.25,1.25,95,3,100,long,282,188,93,66.9,-8.6,1669.3,-0.01
2.25,1.25,95,3,100,short,269,176,93,65.4,1056.6,819.9,1.29
2.25,1.25,95,4,100,both,551,364,186,66.2,1082.5,1430.6,0.76
2.25,1.25,95,4,100,long,282,188,93,66.9,-8.6,1669.3,-0.01
2.25,1.25,95,4,100,short,269,176,93,65.4,1091.1,819.9,1.33
2.25,1.5,55,1,100,both,575,391,183,68.1,-802.0,2338.4,-0.34
2.25,1.5,55,1,100,long,294,204,89,69.6,-412.9,1923.7,-0.21
2.25,1.5,55,1,100,short,281,187,94,66.5,-389.1,1654.2,-0.24
2.25,1.5,55,2,100,both,571,389,181,68.2,-820.4,2393.4,-0.34
2.25,1.5,55,2,100,long,293,204,88,69.9,-247.6,1765.7,-0.14
2.25,1.5,55,2,100,short,278,185,93,66.5,-572.8,1791.6,-0.32
2.25,1.5,55,3,100,both,569,389,179,68.5,-603.2,2213.7,-0.27
2.25,1.5,55,3,100,long,292,204,87,70.1,-184.3,1655.4,-0.11
2.25,1.5,55,3,100,short,277,185,92,66.8,-418.9,1755.8,-0.24
2.25,1.5,55,4,100,both,569,389,179,68.5,-585.3,2195.8,-0.27
2.25,1.5,55,4,100,long,292,204,87,70.1,-176.2,1647.3,-0.11
2.25,1.5,55,4,100,short,277,185,92,66.8,-409.1,1746.0,-0.23
2.25,1.5,65,1,100,both,567,380,186,67.1,-858.0,2464.6,-0.35
2.25,1.5,65,1,100,long,289,197,91,68.4,-559.7,2084.8,-0.27
2.25,1.5,65,1,100,short,278,183,95,65.8,-298.3,1446.2,-0.21
2.25,1.5,65,2,100,both,564,378,185,67.1,-1063.7,2677.6,-0.4
2.25,1.5,65,2,100,long,289,197,91,68.4,-552.4,2084.8,-0.26
2.25,1.5,65,2,100,short,275,181,94,65.8,-511.3,1583.6,-0.32
2.25,1.5,65,3,100,both,562,378,183,67.4,-849.9,2501.3,-0.34
2.25,1.5,65,3,100,long,288,197,90,68.6,-491.1,1976.5,-0.25
2.25,1.5,65,3,100,short,274,181,93,66.1,-358.8,1549.2,-0.23
2.25,1.5,65,4,100,both,562,378,183,67.4,-827.3,2478.7,-0.33
2.25,1.5,65,4,100,long,288,197,90,68.6,-474.1,1959.5,-0.24
2.25,1.5,65,4,100,short,274,181,93,66.1,-353.2,1543.6,-0.23
2.25,1.5,75,1,100,both,563,378,184,67.3,-375.4,2142.2,-0.18
2.25,1.5,75,1,100,long,288,197,90,68.6,-200.7,1751.2,-0.11
2.25,1.5,75,1,100,short,275,181,94,65.8,-174.7,1279.3,-0.14
2.25,1.5,75,2,100,both,560,377,182,67.4,-550.5,2324.6,-0.24
2.25,1.5,75,2,100,long,288,197,90,68.6,-193.4,1751.2,-0.11
2.25,1.5,75,2,100,short,272,180,92,66.2,-357.1,1542.5,-0.23
2.25,1.5,75,3,100,both,559,377,181,67.6,-472.2,2283.8,-0.21
2.25,1.5,75,3,100,long,287,197,89,68.9,-115.1,1625.9,-0.07
2.25,1.5,75,3,100,short,272,180,92,66.2,-357.1,1542.5,-0.23
2.25,1.5,75,4,100,both,558,376,181,67.5,-513.5,2325.1,-0.22
2.25,1.5,75,4,100,long,286,196,89,68.8,-156.4,1667.2,-0.09
2.25,1.5,75,4,100,short,272,180,92,66.2,-357.1,1542.5,-0.23
2.25,1.5,85,1,100,both,560,378,181,67.6,303.5,1742.4,0.17
2.25,1.5,85,1,100,long,286,196,89,68.8,-0.5,1813.0,-0.0
2.25,1.5,85,1,100,short,274,182,92,66.4,304.0,1125.5,0.27
2.25,1.5,85,2,100,both,556,375,180,67.6,21.9,1945.9,0.01
2.25,1.5,85,2,100,long,285,195,89,68.7,-7.3,1813.0,-0.0
2.25,1.5,85,2,100,short,271,180,91,66.4,29.2,1412.5,0.02
2.25,1.5,85,3,100,both,555,375,179,67.7,83.2,1908.9,0.04
2.25,1.5,85,3,100,long,284,195,88,68.9,54.0,1704.7,0.03
2.25,1.5,85,3,100,short,271,180,91,66.4,29.2,1412.5,0.02
2.25,1.5,85,4,100,both,555,375,179,67.7,117.7,1908.9,0.06
2.25,1.5,85,4,100,long,284,195,88,68.9,54.0,1704.7,0.03
2.25,1.5,85,4,100,short,271,180,91,66.4,63.7,1412.5,0.05
2.25,1.5,95,1,100,both,555,371,183,67.0,668.4,1660.6,0.4
2.25,1.5,95,1,100,long,283,192,90,68.1,155.1,1647.3,0.09
2.25,1.5,95,1,100,short,272,179,93,65.8,513.3,1046.8,0.49
2.25,1.5,95,2,100,both,551,368,182,66.9,386.8,1784.9,0.22
2.25,1.5,95,2,100,long,282,191,90,68.0,148.3,1647.3,0.09
2.25,1.5,95,2,100,short,269,177,92,65.8,238.5,1154.4,0.21
2.25,1.5,95,3,100,both,551,369,181,67.1,424.3,1784.9,0.24
2.25,1.5,95,3,100,long,282,192,89,68.3,185.8,1647.3,0.11
2.25,1.5,95,3,100,short,269,177,92,65.8,238.5,1154.4,0.21
2.25,1.5,95,4,100,both,551,369,181,67.1,458.8,1784.9,0.26
2.25,1.5,95,4,100,long,282,192,89,68.3,185.8,1647.3,0.11
2.25,1.5,95,4,100,short,269,177,92,65.8,273.0,1154.4,0.24
2.25,2.0,55,1,100,both,574,396,177,69.1,-574.5,2597.1,-0.22
2.25,2.0,55,1,100,long,294,206,87,70.3,-832.9,2298.2,-0.36
2.25,2.0,55,1,100,short,280,190,90,67.9,258.4,1483.8,0.17
2.25,2.0,55,2,100,both,570,394,175,69.2,-532.4,2454.2,-0.22
2.25,2.0,55,2,100,long,293,206,86,70.5,-607.1,2072.4,-0.29
2.25,2.0,55,2,100,short,277,188,89,67.9,74.7,1509.6,0.05
2.25,2.0,55,3,100,both,568,394,173,69.5,-352.4,2221.7,-0.16
2.25,2.0,55,3,100,long,292,206,85,70.8,-631.0,2011.8,-0.31
2.25,2.0,55,3,100,short,276,188,88,68.1,278.6,1393.3,0.2
2.25,2.0,55,4,100,both,568,394,173,69.5,-334.5,2213.6,-0.15
2.25,2.0,55,4,100,long,292,206,85,70.8,-622.9,2003.7,-0.31
2.25,2.0,55,4,100,short,276,188,88,68.1,288.4,1383.5,0.21
2.25,2.0,65,1,100,both,566,385,180,68.1,-680.5,2822.9,-0.24
2.25,2.0,65,1,100,long,289,199,89,69.1,-979.7,2362.8,-0.41
2.25,2.0,65,1,100,short,277,186,91,67.1,299.2,1488.2,0.2
2.25,2.0,65,2,100,both,563,383,179,68.1,-875.7,2888.0,-0.3
2.25,2.0,65,2,100,long,289,199,89,69.1,-961.9,2345.0,-0.41
2.25,2.0,65,2,100,short,274,184,90,67.2,86.2,1488.2,0.06
2.25,2.0,65,3,100,both,561,383,177,68.4,-699.1,2658.9,-0.26
2.25,2.0,65,3,100,long,288,199,88,69.3,-987.8,2302.2,-0.43
2.25,2.0,65,3,100,short,273,184,89,67.4,288.7,1367.8,0.21
2.25,2.0,65,4,100,both,561,383,177,68.4,-676.5,2641.9,-0.26
2.25,2.0,65,4,100,long,288,199,88,69.3,-970.8,2285.2,-0.42
2.25,2.0,65,4,100,short,273,184,89,67.4,294.3,1367.8,0.22
2.25,2.0,75,1,100,both,562,383,178,68.3,-246.2,2439.4,-0.1
2.25,2.0,75,1,100,long,288,199,88,69.3,-670.7,2088.2,-0.32
2.25,2.0,75,1,100,short,274,184,90,67.2,424.5,1445.6,0.29
2.25,2.0,75,2,100,both,559,382,176,68.5,-360.8,2256.9,-0.16
2.25,2.0,75,2,100,long,288,199,88,69.3,-652.9,2077.7,-0.31
2.25,2.0,75,2,100,short,271,183,88,67.5,292.1,1325.6,0.22
2.25,2.0,75,3,100,both,558,382,175,68.6,-369.7,2218.8,-0.17
2.25,2.0,75,3,100,long,287,199,87,69.6,-661.8,2039.6,-0.32
2.25,2.0,75,3,100,short,271,183,88,67.5,292.1,1325.6,0.22
2.25,2.0,75,4,100,both,557,381,175,68.5,-411.0,2260.1,-0.18
2.25,2.0,75,4,100,long,286,198,87,69.5,-703.1,2080.9,-0.34
2.25,2.0,75,4,100,short,271,183,88,67.5,292.1,1325.6,0.22
2.25,2.0,85,1,100,both,559,383,175,68.6,432.7,2098.4,0.21
2.25,2.0,85,1,100,long,286,198,87,69.5,-470.5,2150.0,-0.22
2.25,2.0,85,1,100,short,273,185,88,67.8,903.2,1421.8,0.64
2.25,2.0,85,2,100,both,555,380,174,68.6,211.6,2008.3,0.11
2.25,2.0,85,2,100,long,285,197,87,69.4,-466.8,2139.5,-0.22
2.25,2.0,85,2,100,short,270,183,87,67.8,678.4,1325.6,0.51
2.25,2.0,85,3,100,both,554,380,173,68.7,185.7,1987.2,0.09
2.25,2.0,85,3,100,long,284,197,86,69.6,-492.7,2118.4,-0.23
2.25,2.0,85,3,100,short,270,183,87,67.8,678.4,1325.6,0.51
2.25,2.0,85,4,100,both,554,380,173,68.7,220.2,1987.2,0.11
2.25,2.0,85,4,100,long,284,197,86,69.6,-492.7,2118.4,-0.23
2.25,2.0,85,4,100,short,270,183,87,67.8,712.9,1325.6,0.54
2.25,2.0,95,1,100,both,554,376,177,68.0,760.0,2150.6,0.35
2.25,2.0,95,1,100,long,283,194,88,68.8,-314.9,1984.3,-0.16
2.25,2.0,95,1,100,short,271,182,89,67.2,1074.9,1393.9,0.77
2.25,2.0,95,2,100,both,550,373,176,67.9,528.4,2071.0,0.26
2.25,2.0,95,2,100,long,282,193,88,68.7,-321.7,1984.3,-0.16
2.25,2.0,95,2,100,short,268,180,88,67.2,850.1,1325.6,0.64
2.25,2.0,95,3,100,both,550,374,175,68.1,565.9,2071.0,0.27
2.25,2.0,95,3,100,long,282,194,87,69.0,-284.2,1984.3,-0.14
2.25,2.0,95,3,100,short,268,180,88,67.2,850.1,1325.6,0.64
2.25,2.0,95,4,100,both,550,374,175,68.1,600.4,2071.0,0.29
2.25,2.0,95,4,100,long,282,194,87,69.0,-284.2,1984.3,-0.14
2.25,2.0,95,4,100,short,268,180,88,67.2,884.6,1325.6,0.67
2.25,0.5,55,1,150,both,650,336,313,51.8,-1919.2,2664.6,-0.72
2.25,0.5,55,1,150,long,323,167,155,51.9,-881.0,1932.6,-0.46
2.25,0.5,55,1,150,short,327,169,158,51.7,-1038.2,1573.7,-0.66
2.25,0.5,55,2,150,both,633,332,300,52.5,-1312.3,2407.4,-0.55
2.25,0.5,55,2,150,long,317,167,149,52.8,-455.8,1720.5,-0.26
2.25,0.5,55,2,150,short,316,165,151,52.2,-856.5,1534.9,-0.56
2.25,0.5,55,3,150,both,623,327,295,52.6,-1453.1,2495.8,-0.58
2.25,0.5,55,3,150,long,311,163,147,52.6,-680.2,1888.8,-0.36
2.25,0.5,55,3,150,short,312,164,148,52.6,-772.9,1359.5,-0.57
2.25,0.5,55,4,150,both,620,325,294,52.5,-1563.6,2500.8,-0.63
2.25,0.5,55,4,150,long,309,162,146,52.6,-749.0,1822.7,-0.41
2.25,0.5,55,4,150,short,311,163,148,52.4,-814.6,1401.2,-0.58
2.25,0.5,65,1,150,both,641,324,316,50.6,-1978.4,2802.5,-0.71
2.25,0.5,65,1,150,long,317,159,157,50.3,-1118.0,2102.4,-0.53
2.25,0.5,65,1,150,short,324,165,159,50.9,-860.4,1381.7,-0.62
2.25,0.5,65,2,150,both,625,320,304,51.3,-1482.1,2541.0,-0.58
2.25,0.5,65,2,150,long,312,160,151,51.4,-626.9,1835.3,-0.34
2.25,0.5,65,2,150,short,313,160,153,51.1,-855.2,1344.0,-0.64
2.25,0.5,65,3,150,both,614,314,299,51.2,-1681.2,2632.8,-0.64
2.25,0.5,65,3,150,long,306,156,149,51.1,-853.3,2043.1,-0.42
2.25,0.5,65,3,150,short,308,158,150,51.3,-827.9,1224.9,-0.68
2.25,0.5,65,4,150,both,611,313,297,51.3,-1704.7,2550.6,-0.67
2.25,0.5,65,4,150,long,304,156,147,51.5,-830.9,1885.8,-0.44
2.25,0.5,65,4,150,short,307,157,150,51.1,-873.8,1270.8,-0.69
2.25,0.5,75,1,150,both,638,318,319,49.9,-1822.3,2937.0,-0.62
2.25,0.5,75,1,150,long,315,154,160,49.0,-1250.4,2261.2,-0.55
2.25,0.5,75,1,150,short,323,164,159,50.8,-571.9,1212.3,-0.47
2.25,0.5,75,2,150,both,623,317,305,51.0,-1199.5,2382.0,-0.5
2.25,0.5,75,2,150,long,311,157,153,50.6,-554.2,1861.1,-0.3
2.25,0.5,75,2,150,short,312,160,152,51.3,-645.3,1268.9,-0.51
2.25,0.5,75,3,150,both,613,312,300,51.0,-1357.3,2432.5,-0.56
2.25,0.5,75,3,150,long,305,154,150,50.7,-681.3,1969.6,-0.35
2.25,0.5,75,3,150,short,308,158,150,51.3,-676.0,1207.8,-0.56
2.25,0.5,75,4,150,both,609,309,299,50.8,-1521.4,2530.0,-0.6
2.25,0.5,75,4,150,long,302,152,149,50.5,-799.5,1952.9,-0.41
2.25,0.5,75,4,150,short,307,157,150,51.1,-721.9,1253.7,-0.58
2.25,0.5,85,1,150,both,635,314,320,49.5,-1469.3,2612.9,-0.56
2.25,0.5,85,1,150,long,313,152,160,48.7,-1152.8,2314.4,-0.5
2.25,0.5,85,1,150,short,322,162,160,50.3,-316.5,1157.8,-0.27
2.25,0.5,85,2,150,both,619,313,305,50.6,-788.5,2057.9,-0.38
2.25,0.5,85,2,150,long,308,155,152,50.5,-398.6,1848.6,-0.22
2.25,0.5,85,2,150,short,311,158,153,50.8,-389.9,1155.5,-0.34
2.25,0.5,85,3,150,both,610,307,302,50.4,-1103.6,2207.7,-0.5
2.25,0.5,85,3,150,long,303,151,151,50.0,-683.0,2056.4,-0.33
2.25,0.5,85,3,150,short,307,156,151,50.8,-420.6,1097.5,-0.38
2.25,0.5,85,4,150,both,607,306,300,50.5,-1176.5,2341.8,-0.5
2.25,0.5,85,4,150,long,301,150,150,50.0,-759.9,1998.4,-0.38
2.25,0.5,85,4,150,short,306,156,150,51.0,-416.6,1176.1,-0.35
2.25,0.5,95,1,150,both,631,306,324,48.6,-1069.2,2450.3,-0.44
2.25,0.5,95,1,150,long,312,148,163,47.6,-1101.4,2132.7,-0.52
2.25,0.5,95,1,150,short,319,158,161,49.5,32.2,978.2,0.03
2.25,0.5,95,2,150,both,616,307,308,49.9,-263.0,1769.9,-0.15
2.25,0.5,95,2,150,long,307,151,155,49.3,-347.2,1666.9,-0.21
2.25,0.5,95,2,150,short,309,156,153,50.5,84.2,852.2,0.1
2.25,0.5,95,3,150,both,608,302,305,49.8,-601.7,1966.3,-0.31
2.25,0.5,95,3,150,long,303,148,154,49.0,-593.7,1921.3,-0.31
2.25,0.5,95,3,150,short,305,154,151,50.5,-8.0,794.2,-0.01
2.25,0.5,95,4,150,both,605,301,303,49.8,-674.6,2036.7,-0.33
2.25,0.5,95,4,150,long,301,147,153,49.0,-670.6,1863.3,-0.36
2.25,0.5,95,4,150,short,304,154,150,50.7,-4.0,833.3,-0.0
2.25,0.75,55,1,150,both,627,384,242,61.3,-381.9,1955.1,-0.2
2.25,0.75,55,1,150,long,310,191,118,61.8,-152.7,1558.7,-0.1
2.25,0.75,55,1,150,short,317,193,124,60.9,-229.2,1585.1,-0.14
2.25,0.75,55,2,150,both,616,378,237,61.5,-382.6,2075.4,-0.18
2.25,0.75,55,2,150,long,307,190,116,62.1,-31.7,1369.2,-0.02
2.25,0.75,55,2,150,short,309,188,121,60.8,-350.9,1635.7,-0.21
2.25,0.75,55,3,150,both,612,378,233,61.9,-277.9,2004.0,-0.14
2.25,0.75,55,3,150,long,304,189,114,62.4,-124.5,1415.0,-0.09
2.25,0.75,55,3,150,short,308,189,119,61.4,-153.4,1522.7,-0.1
2.25,0.75,55,4,150,both,612,378,233,61.9,-265.6,1991.7,-0.13
2.25,0.75,55,4,150,long,304,189,114,62.4,-116.4,1406.9,-0.08
2.25,0.75,55,4,150,short,308,189,119,61.4,-149.2,1522.7,-0.1
2.25,0.75,65,1,150,both,618,373,244,60.5,-382.2,2058.6,-0.19
2.25,0.75,65,1,150,long,304,184,119,60.7,-290.8,1719.4,-0.17
2.25,0.75,65,1,150,short,314,189,125,60.2,-91.4,1487.2,-0.06
2.25,0.75,65,2,150,both,607,366,240,60.4,-550.1,2279.6,-0.24
2.25,0.75,65,2,150,long,302,183,118,60.8,-252.8,1619.6,-0.16
2.25,0.75,65,2,150,short,305,183,122,60.0,-297.3,1592.7,-0.19
2.25,0.75,65,3,150,both,603,366,236,60.8,-448.8,2215.8,-0.2
2.25,0.75,65,3,150,long,299,182,116,61.1,-347.6,1667.4,-0.21
2.25,0.75,65,3,150,short,304,184,120,60.5,-101.2,1479.6,-0.07
2.25,0.75,65,4,150,both,603,366,236,60.8,-431.8,2198.8,-0.2
2.25,0.75,65,4,150,long,299,182,116,61.1,-330.6,1650.4,-0.2
2.25,0.75,65,4,150,short,304,184,120,60.5,-101.2,1479.6,-0.07
2.25,0.75,75,1,150,both,614,369,244,60.2,67.0,1875.0,0.04
2.25,0.75,75,1,150,long,302,181,120,60.1,-241.9,1726.8,-0.14
2.25,0.75,75,1,150,short,312,188,124,60.3,308.9,1294.6,0.24
2.25,0.75,75,2,150,both,603,363,239,60.3,-154.5,2083.2,-0.07
2.25,0.75,75,2,150,long,300,180,119,60.2,-203.9,1650.9,-0.12
2.25,0.75,75,2,150,short,303,183,120,60.4,49.4,1540.7,0.03
2.25,0.75,75,3,150,both,600,363,236,60.6,-119.2,2085.4,-0.06
2.25,0.75,75,3,150,long,297,179,117,60.5,-281.7,1681.7,-0.17
2.25,0.75,75,3,150,short,303,184,119,60.7,162.5,1478.5,0.11
2.25,0.75,75,4,150,both,599,362,236,60.5,-160.5,2126.7,-0.08
2.25,0.75,75,4,150,long,296,178,117,60.3,-323.0,1723.0,-0.19
2.25,0.75,75,4,150,short,303,184,119,60.7,162.5,1478.5,0.11
2.25,0.75,85,1,150,both,611,368,242,60.3,628.3,1534.0,0.41
2.25,0.75,85,1,150,long,300,180,119,60.2,-41.7,1723.4,-0.02
2.25,0.75,85,1,150,short,311,188,123,60.5,670.0,1301.3,0.51
2.25,0.75,85,2,150,both,599,361,237,60.4,397.4,1835.5,0.22
2.25,0.75,85,2,150,long,297,179,117,60.5,79.3,1712.7,0.05
2.25,0.75,85,2,150,short,302,182,120,60.3,318.1,1512.0,0.21
2.25,0.75,85,3,150,both,596,361,234,60.7,415.7,1770.2,0.23
2.25,0.75,85,3,150,long,294,178,115,60.8,-15.5,1760.5,-0.01
2.25,0.75,85,3,150,short,302,183,119,60.6,431.2,1485.2,0.29
2.25,0.75,85,4,150,both,596,361,234,60.7,450.2,1770.2,0.25
2.25,0.75,85,4,150,long,294,178,115,60.8,-15.5,1760.5,-0.01
2.25,0.75,85,4,150,short,302,183,119,60.6,465.7,1485.2,0.31
2.25,0.75,95,1,150,both,607,362,244,59.7,1112.6,1404.3,0.79
2.25,0.75,95,1,150,long,299,178,120,59.7,140.3,1531.3,0.09
2.25,0.75,95,1,150,short,308,184,124,59.7,972.3,982.5,0.99
2.25,0.75,95,2,150,both,596,356,239,59.8,876.1,1585.2,0.55
2.25,0.75,95,2,150,long,296,177,118,60.0,261.3,1520.6,0.17
2.25,0.75,95,2,150,short,300,179,121,59.7,614.8,1232.8,0.5
2.25,0.75,95,3,150,both,594,357,236,60.2,978.9,1519.9,0.64
2.25,0.75,95,3,150,long,294,177,116,60.4,251.0,1568.4,0.16
2.25,0.75,95,3,150,short,300,180,120,60.0,727.9,1206.0,0.6
2.25,0.75,95,4,150,both,594,357,236,60.2,1013.4,1519.9,0.67
2.25,0.75,95,4,150,long,294,177,116,60.4,251.0,1568.4,0.16
2.25,0.75,95,4,150,short,300,180,120,60.0,762.4,1206.0,0.63
2.25,1.0,55,1,150,both,617,405,211,65.7,17.4,2463.5,0.01
2.25,1.0,55,1,150,long,306,203,102,66.6,-170.6,1914.7,-0.09
2.25,1.0,55,1,150,short,311,202,109,65.0,188.0,1239.4,0.15
2.25,1.0,55,2,150,both,608,399,208,65.7,-230.4,2478.1,-0.09
2.25,1.0,55,2,150,long,303,202,100,66.9,-82.2,1761.8,-0.05
2.25,1.0,55,2,150,short,305,197,108,64.6,-148.2,1575.2,-0.09
2.25,1.0,55,3,150,both,606,400,205,66.1,-132.5,2333.2,-0.06
2.25,1.0,55,3,150,long,302,202,99,67.1,-127.2,1759.8,-0.07
2.25,1.0,55,3,150,short,304,198,106,65.1,-5.3,1432.3,-0.0
2.25,1.0,55,4,150,both,606,400,205,66.1,-109.9,2310.6,-0.05
2.25,1.0,55,4,150,long,302,202,99,67.1,-114.4,1747.0,-0.07
2.25,1.0,55,4,150,short,304,198,106,65.1,4.5,1422.5,0.0
2.25,1.0,65,1,150,both,608,394,213,64.9,28.0,2415.0,0.01
2.25,1.0,65,1,150,long,300,195,104,65.2,-443.3,2020.8,-0.22
2.25,1.0,65,1,150,short,308,199,109,64.6,471.3,1171.1,0.4
2.25,1.0,65,2,150,both,600,388,211,64.8,-357.1,2456.6,-0.15
2.25,1.0,65,2,150,long,298,194,103,65.3,-462.9,2047.7,-0.23
2.25,1.0,65,2,150,short,302,194,108,64.2,105.8,1338.3,0.08
2.25,1.0,65,3,150,both,598,389,208,65.2,-262.6,2315.1,-0.11
2.25,1.0,65,3,150,long,297,194,102,65.5,-509.9,2047.7,-0.25
2.25,1.0,65,3,150,short,301,195,106,64.8,247.3,1343.8,0.18
2.25,1.0,65,4,150,both,598,389,208,65.2,-235.3,2287.8,-0.1
2.25,1.0,65,4,150,long,297,194,102,65.5,-488.2,2026.0,-0.24
2.25,1.0,65,4,150,short,301,195,106,64.8,252.9,1338.2,0.19
2.25,1.0,75,1,150,both,603,390,212,64.8,622.1,2089.5,0.3
2.25,1.0,75,1,150,long,298,193,104,65.0,-84.3,1924.5,-0.04
2.25,1.0,75,1,150,short,305,197,108,64.6,706.4,1177.0,0.6
2.25,1.0,75,2,150,both,595,385,209,64.8,217.6,2154.0,0.1
2.25,1.0,75,2,150,long,296,192,103,65.1,-103.9,1951.4,-0.05
2.25,1.0,75,2,150,short,299,193,106,64.5,321.5,1395.0,0.23
2.25,1.0,75,3,150,both,594,386,207,65.1,226.6,2098.0,0.11
2.25,1.0,75,3,150,long,295,192,102,65.3,-133.9,1934.4,-0.07
2.25,1.0,75,3,150,short,299,194,105,64.9,360.5,1395.0,0.26
2.25,1.0,75,4,150,both,593,385,207,65.0,190.0,2134.6,0.09
2.25,1.0,75,4,150,long,294,191,102,65.2,-170.5,1971.0,-0.09
2.25,1.0,75,4,150,short,299,194,105,64.9,360.5,1395.0,0.26
2.25,1.0,85,1,150,both,600,389,210,64.9,1158.4,1748.5,0.66
2.25,1.0,85,1,150,long,296,192,103,65.1,115.9,1893.4,0.06
2.25,1.0,85,1,150,short,304,197,107,64.8,1042.5,1125.7,0.93
2.25,1.0,85,2,150,both,591,382,208,64.7,647.4,1860.3,0.35
2.25,1.0,85,2,150,long,293,190,102,65.1,82.2,1920.3,0.04
2.25,1.0,85,2,150,short,298,192,106,64.4,565.2,1343.7,0.42
2.25,1.0,85,3,150,both,590,383,206,65.0,639.4,1821.3,0.35
2.25,1.0,85,3,150,long,292,190,101,65.3,35.2,1920.3,0.02
2.25,1.0,85,3,150,short,298,193,105,64.8,604.2,1343.7,0.45
2.25,1.0,85,4,150,both,590,383,206,65.0,678.6,1816.6,0.37
2.25,1.0,85,4,150,long,292,190,101,65.3,39.9,1915.6,0.02
2.25,1.0,85,4,150,short,298,193,105,64.8,638.7,1343.7,0.48
2.25,1.0,95,1,150,both,597,384,212,64.4,1587.1,1587.9,1.0
2.25,1.0,95,1,150,long,295,190,104,64.6,272.9,1726.3,0.16
2.25,1.0,95,1,150,short,302,194,108,64.2,1314.2,859.6,1.53
2.25,1.0,95,2,150,both,588,377,210,64.2,1076.1,1660.0,0.65
2.25,1.0,95,2,150,long,292,188,103,64.6,239.2,1753.2,0.14
2.25,1.0,95,2,150,short,296,189,107,63.9,836.9,1064.5,0.79
2.25,1.0,95,3,150,both,588,379,208,64.6,1152.6,1621.0,0.71
2.25,1.0,95,3,150,long,292,189,102,64.9,276.7,1753.2,0.16
2.25,1.0,95,3,150,short,296,190,106,64.2,875.9,1064.5,0.82
2.25,1.0,95,4,150,both,588,379,208,64.6,1191.8,1616.3,0.74
2.25,1.0,95,4,150,long,292,189,102,64.9,281.4,1748.5,0.16
2.25,1.0,95,4,150,short,296,190,106,64.2,910.4,1064.5,0.86
2.25,1.25,55,1,150,both,604,409,194,67.8,-276.1,2198.2,-0.13
2.25,1.25,55,1,150,long,298,207,90,69.7,225.1,1556.6,0.14
2.25,1.25,55,1,150,short,306,202,104,66.0,-501.2,1685.2,-0.3
2.25,1.25,55,2,150,both,598,405,192,67.8,-399.9,2358.6,-0.17
2.25,1.25,55,2,150,long,297,207,89,69.9,365.4,1423.6,0.26
2.25,1.25,55,2,150,short,301,198,103,65.8,-765.3,1903.0,-0.4
2.25,1.25,55,3,150,both,595,405,189,68.2,-183.0,2094.7,-0.09
2.25,1.25,55,3,150,long,296,207,88,70.2,320.4,1421.6,0.23
2.25,1.25,55,3,150,short,299,198,101,66.2,-503.4,1683.4,-0.3
2.25,1.25,55,4,150,both,595,405,189,68.2,-165.1,2076.8,-0.08
2.25,1.25,55,4,150,long,296,207,88,70.2,328.5,1413.5,0.23
2.25,1.25,55,4,150,short,298,197,101,66.1,-528.2,1673.6,-0.32
2.25,1.25,65,1,150,both,595,398,196,67.0,-273.7,2102.0,-0.13
2.25,1.25,65,1,150,long,292,199,92,68.4,-55.8,1717.7,-0.03
2.25,1.25,65,1,150,short,303,199,104,65.7,-217.9,1499.7,-0.15
2.25,1.25,65,2,150,both,590,394,195,66.9,-559.8,2395.4,-0.23
2.25,1.25,65,2,150,long,292,199,92,68.4,-48.5,1717.7,-0.03
2.25,1.25,65,2,150,short,298,195,103,65.4,-511.3,1705.7,-0.3
2.25,1.25,65,3,150,both,587,394,192,67.2,-346.3,2208.4,-0.16
2.25,1.25,65,3,150,long,291,199,91,68.6,-95.5,1717.7,-0.06
2.25,1.25,65,3,150,short,296,195,101,65.9,-250.8,1578.2,-0.16
2.25,1.25,65,4,150,both,587,394,192,67.2,-323.7,2185.8,-0.15
2.25,1.25,65,4,150,long,291,199,91,68.6,-78.5,1700.7,-0.05
2.25,1.25,65,4,150,short,295,194,101,65.8,-279.8,1572.6,-0.18
2.25,1.25,75,1,150,both,590,394,195,66.9,197.2,1909.1,0.1
2.25,1.25,75,1,150,long,290,197,92,68.2,278.9,1617.7,0.17
2.25,1.25,75,1,150,short,300,197,103,65.7,-81.7,1491.5,-0.05
2.25,1.25,75,2,150,both,585,391,193,67.0,-83.3,2196.9,-0.04
2.25,1.25,75,2,150,long,290,197,92,68.2,286.2,1617.7,0.18
2.25,1.25,75,2,150,short,295,194,101,65.8,-369.5,1762.4,-0.21
2.25,1.25,75,3,150,both,583,391,191,67.2,19.7,2120.4,0.01
2.25,1.25,75,3,150,long,289,197,91,68.4,256.2,1600.7,0.16
2.25,1.25,75,3,150,short,294,194,100,66.0,-236.5,1629.4,-0.15
2.25,1.25,75,4,150,both,582,390,191,67.1,-21.6,2161.7,-0.01
2.25,1.25,75,4,150,long,288,196,91,68.3,214.9,1642.0,0.13
2.25,1.25,75,4,150,short,293,193,100,65.9,-271.1,1629.4,-0.17
2.25,1.25,85,1,150,both,587,393,193,67.1,834.2,1579.7,0.53
2.25,1.25,85,1,150,long,288,196,91,68.3,479.1,1679.5,0.29
2.25,1.25,85,1,150,short,299,197,102,65.9,355.1,1404.2,0.25
2.25,1.25,85,2,150,both,581,388,192,66.9,447.2,1959.9,0.23
2.25,1.25,85,2,150,long,287,195,91,68.2,472.3,1679.5,0.28
2.25,1.25,85,2,150,short,294,193,101,65.6,-25.1,1675.1,-0.01
2.25,1.25,85,3,150,both,579,388,190,67.1,533.2,1826.9,0.29
2.25,1.25,85,3,150,long,286,195,90,68.4,425.3,1679.5,0.25
2.25,1.25,85,3,150,short,293,193,100,65.9,107.9,1542.1,0.07
2.25,1.25,85,4,150,both,579,388,190,67.1,567.7,1826.9,0.31
2.25,1.25,85,4,150,long,286,195,90,68.4,425.3,1679.5,0.25
2.25,1.25,85,4,150,short,292,193,99,66.1,149.7,1534.8,0.1
2.25,1.25,95,1,150,both,583,386,196,66.3,1001.0,1641.3,0.61
2.25,1.25,95,1,150,long,286,192,93,67.4,399.2,1749.3,0.23
2.25,1.25,95,1,150,short,297,194,103,65.3,601.8,1085.4,0.55
2.25,1.25,95,2,150,both,577,381,195,66.1,614.0,2021.5,0.3
2.25,1.25,95,2,150,long,285,191,93,67.3,392.4,1749.3,0.22
2.25,1.25,95,2,150,short,292,190,102,65.1,221.6,1395.9,0.16
2.25,1.25,95,3,150,both,576,382,193,66.4,784.5,1888.5,0.42
2.25,1.25,95,3,150,long,285,192,92,67.6,429.9,1749.3,0.25
2.25,1.25,95,3,150,short,291,190,101,65.3,354.6,1262.9,0.28
2.25,1.25,95,4,150,both,576,382,193,66.4,819.0,1888.5,0.43
2.25,1.25,95,4,150,long,285,192,92,67.6,429.9,1749.3,0.25
2.25,1.25,95,4,150,short,290,190,100,65.5,396.4,1255.6,0.32
2.25,1.5,55,1,150,both,602,413,188,68.7,-1044.9,2821.7,-0.37
2.25,1.5,55,1,150,long,297,209,87,70.6,-59.0,1940.5,-0.03
2.25,1.5,55,1,150,short,305,204,101,66.9,-985.9,2132.6,-0.46
2.25,1.5,55,2,150,both,597,410,186,68.8,-1064.2,2874.0,-0.37
2.25,1.5,55,2,150,long,296,209,86,70.8,106.3,1782.5,0.06
2.25,1.5,55,2,150,short,301,201,100,66.8,-1170.5,2316.8,-0.51
2.25,1.5,55,3,150,both,595,410,184,69.0,-841.0,2688.3,-0.31
2.25,1.5,55,3,150,long,295,209,85,71.1,169.6,1672.2,0.1
2.25,1.5,55,3,150,short,300,201,99,67.0,-1010.6,2156.9,-0.47
2.25,1.5,55,4,150,both,594,409,184,69.0,-872.6,2719.9,-0.32
2.25,1.5,55,4,150,long,295,209,85,71.1,177.7,1664.1,0.11
2.25,1.5,55,4,150,short,299,200,99,66.9,-1050.3,2196.6,-0.48
2.25,1.5,65,1,150,both,593,402,190,67.9,-924.5,2805.6,-0.33
2.25,1.5,65,1,150,long,291,201,89,69.3,-221.9,2101.6,-0.11
2.25,1.5,65,1,150,short,302,201,101,66.6,-702.6,1821.2,-0.39
2.25,1.5,65,2,150,both,589,399,189,67.9,-1131.1,2987.9,-0.38
2.25,1.5,65,2,150,long,291,201,89,69.3,-214.6,2101.6,-0.1
2.25,1.5,65,2,150,short,298,198,100,66.4,-916.5,2005.4,-0.46
2.25,1.5,65,3,150,both,587,399,187,68.1,-911.3,2805.6,-0.32
2.25,1.5,65,3,150,long,290,201,88,69.6,-153.3,1993.3,-0.08
2.25,1.5,65,3,150,short,297,198,99,66.7,-758.0,1846.9,-0.41
2.25,1.5,65,4,150,both,586,398,187,68.0,-938.2,2832.5,-0.33
2.25,1.5,65,4,150,long,290,201,88,69.6,-136.3,1976.3,-0.07
2.25,1.5,65,4,150,short,296,197,99,66.6,-801.9,1890.8,-0.42
2.25,1.5,75,1,150,both,588,399,188,68.0,-236.0,2350.0,-0.1
2.25,1.5,75,1,150,long,289,200,88,69.4,225.4,1917.0,0.12
2.25,1.5,75,1,150,short,299,199,100,66.6,-461.4,1643.4,-0.28
2.25,1.5,75,2,150,both,584,397,186,68.1,-416.9,2538.2,-0.16
2.25,1.5,75,2,150,long,289,200,88,69.4,232.7,1917.0,0.12
2.25,1.5,75,2,150,short,295,197,98,66.8,-649.6,1841.5,-0.35
2.25,1.5,75,3,150,both,582,396,185,68.2,-388.1,2546.9,-0.15
2.25,1.5,75,3,150,long,288,200,87,69.7,311.0,1791.7,0.17
2.25,1.5,75,3,150,short,294,196,98,66.7,-699.1,1891.0,-0.37
2.25,1.5,75,4,150,both,581,395,185,68.1,-429.4,2588.2,-0.17
2.25,1.5,75,4,150,long,287,199,87,69.6,269.7,1833.0,0.15
2.25,1.5,75,4,150,short,294,196,98,66.7,-699.1,1891.0,-0.37
2.25,1.5,85,1,150,both,585,398,186,68.2,401.0,2024.0,0.2
2.25,1.5,85,1,150,long,287,199,87,69.6,425.6,1978.8,0.22
2.25,1.5,85,1,150,short,298,199,99,66.8,-24.6,1530.9,-0.02
2.25,1.5,85,2,150,both,580,394,185,68.0,113.6,2173.9,0.05
2.25,1.5,85,2,150,long,286,198,87,69.5,418.8,1978.8,0.21
2.25,1.5,85,2,150,short,294,196,98,66.7,-305.2,1601.5,-0.19
2.25,1.5,85,3,150,both,578,393,184,68.1,125.4,2184.4,0.06
2.25,1.5,85,3,150,long,285,198,86,69.7,480.1,1870.5,0.26
2.25,1.5,85,3,150,short,293,195,98,66.6,-354.7,1651.0,-0.21
2.25,1.5,85,4,150,both,578,393,184,68.1,159.9,2184.4,0.07
2.25,1.5,85,4,150,long,285,198,86,69.7,480.1,1870.5,0.26
2.25,1.5,85,4,150,short,293,195,98,66.6,-320.2,1651.0,-0.19
2.25,1.5,95,1,150,both,580,390,189,67.4,699.0,2159.0,0.32
2.25,1.5,95,1,150,long,285,195,89,68.7,557.8,1836.5,0.3
2.25,1.5,95,1,150,short,295,195,100,66.1,141.2,1330.8,0.11
2.25,1.5,95,2,150,both,575,386,188,67.2,405.6,2182.5,0.19
2.25,1.5,95,2,150,long,284,194,89,68.6,551.0,1836.5,0.3
2.25,1.5,95,2,150,short,291,192,99,66.0,-145.4,1522.8,-0.1
2.25,1.5,95,3,150,both,575,387,187,67.4,443.1,2182.5,0.2
2.25,1.5,95,3,150,long,284,195,88,68.9,588.5,1836.5,0.32
2.25,1.5,95,3,150,short,291,192,99,66.0,-145.4,1522.8,-0.1
2.25,1.5,95,4,150,both,575,387,187,67.4,477.6,2182.5,0.22
2.25,1.5,95,4,150,long,284,195,88,68.9,588.5,1836.5,0.32
2.25,1.5,95,4,150,short,291,192,99,66.0,-110.9,1522.8,-0.07
2.25,2.0,55,1,150,both,598,416,181,69.7,-973.3,3353.6,-0.29
2.25,2.0,55,1,150,long,296,210,85,71.2,-527.4,2291.4,-0.23
2.25,2.0,55,1,150,short,302,206,96,68.2,-445.9,1790.8,-0.25
2.25,2.0,55,2,150,both,593,413,179,69.8,-943.0,3210.7,-0.29
2.25,2.0,55,2,150,long,295,210,84,71.4,-301.6,2065.6,-0.15
2.25,2.0,55,2,150,short,298,203,95,68.1,-641.4,1918.7,-0.33
2.25,2.0,55,3,150,both,590,413,176,70.1,-555.0,2978.2,-0.19
2.25,2.0,55,3,150,long,294,210,83,71.7,-325.5,2005.0,-0.16
2.25,2.0,55,3,150,short,296,203,93,68.6,-229.5,1581.4,-0.15
2.25,2.0,55,4,150,both,590,413,176,70.1,-537.1,2970.1,-0.18
2.25,2.0,55,4,150,long,294,210,83,71.7,-317.4,1996.9,-0.16
2.25,2.0,55,4,150,short,296,203,93,68.6,-219.7,1581.4,-0.14
2.25,2.0,65,1,150,both,589,405,183,68.9,-852.9,3346.8,-0.25
2.25,2.0,65,1,150,long,290,202,87,69.9,-690.3,2356.0,-0.29
2.25,2.0,65,1,150,short,299,203,96,67.9,-162.6,1795.2,-0.09
2.25,2.0,65,2,150,both,585,402,182,68.8,-1059.9,3411.9,-0.31
2.25,2.0,65,2,150,long,290,202,87,69.9,-672.5,2338.2,-0.29
2.25,2.0,65,2,150,short,295,200,95,67.8,-387.4,1795.2,-0.22
2.25,2.0,65,3,150,both,582,402,179,69.2,-675.3,3182.8,-0.21
2.25,2.0,65,3,150,long,289,202,86,70.1,-698.4,2279.6,-0.31
2.25,2.0,65,3,150,short,293,200,93,68.3,23.1,1587.2,0.01
2.25,2.0,65,4,150,both,582,402,179,69.2,-652.7,3165.8,-0.21
2.25,2.0,65,4,150,long,289,202,86,70.1,-681.4,2262.6,-0.3
2.25,2.0,65,4,150,short,293,200,93,68.3,28.7,1587.2,0.02
2.25,2.0,75,1,150,both,584,402,181,69.0,-223.6,2886.1,-0.08
2.25,2.0,75,1,150,long,288,201,86,70.0,-293.0,2158.0,-0.14
2.25,2.0,75,1,150,short,296,201,95,67.9,69.4,1752.6,0.04
2.25,2.0,75,2,150,both,580,400,179,69.1,-350.0,2703.6,-0.13
2.25,2.0,75,2,150,long,288,201,86,70.0,-275.2,2147.5,-0.13
2.25,2.0,75,2,150,short,292,199,93,68.2,-74.8,1544.6,-0.05
2.25,2.0,75,3,150,both,578,400,177,69.3,-150.9,2665.5,-0.06
2.25,2.0,75,3,150,long,287,201,85,70.3,-284.1,2109.4,-0.13
2.25,2.0,75,3,150,short,291,199,92,68.4,133.2,1544.6,0.09
2.25,2.0,75,4,150,both,577,399,177,69.3,-192.2,2706.8,-0.07
2.25,2.0,75,4,150,long,286,200,85,70.2,-325.4,2150.7,-0.15
2.25,2.0,75,4,150,short,291,199,92,68.4,133.2,1544.6,0.09
2.25,2.0,85,1,150,both,581,401,179,69.1,413.4,2657.9,0.16
2.25,2.0,85,1,150,long,286,200,85,70.2,-92.8,2219.8,-0.04
2.25,2.0,85,1,150,short,295,201,94,68.1,506.2,1728.8,0.29
2.25,2.0,85,2,150,both,576,397,178,69.0,180.5,2455.0,0.07
2.25,2.0,85,2,150,long,285,199,85,70.1,-89.1,2209.3,-0.04
2.25,2.0,85,2,150,short,291,198,93,68.0,269.6,1520.8,0.18
2.25,2.0,85,3,150,both,574,397,176,69.3,362.6,2433.9,0.15
2.25,2.0,85,3,150,long,284,199,84,70.3,-115.0,2188.2,-0.05
2.25,2.0,85,3,150,short,290,198,92,68.3,477.6,1520.8,0.31
2.25,2.0,85,4,150,both,574,397,176,69.3,397.1,2433.9,0.16
2.25,2.0,85,4,150,long,284,199,84,70.3,-115.0,2188.2,-0.05
2.25,2.0,85,4,150,short,290,198,92,68.3,512.1,1520.8,0.34
2.25,2.0,95,1,150,both,577,394,182,68.4,717.3,2787.0,0.26
2.25,2.0,95,1,150,long,284,196,87,69.3,39.4,2077.5,0.02
2.25,2.0,95,1,150,short,293,198,95,67.6,677.9,1762.8,0.38
2.25,2.0,95,2,150,both,572,390,181,68.3,473.9,2579.0,0.18
2.25,2.0,95,2,150,long,283,195,87,69.1,32.6,2077.5,0.02
2.25,2.0,95,2,150,short,289,195,94,67.5,441.3,1554.8,0.28
2.25,2.0,95,3,150,both,571,391,179,68.6,719.4,2579.0,0.28
2.25,2.0,95,3,150,long,283,196,86,69.5,70.1,2077.5,0.03
2.25,2.0,95,3,150,short,288,195,93,67.7,649.3,1554.8,0.42
2.25,2.0,95,4,150,both,571,391,179,68.6,753.9,2579.0,0.29
2.25,2.0,95,4,150,long,283,196,86,69.5,70.1,2077.5,0.03
2.25,2.0,95,4,150,short,288,195,93,67.7,683.8,1554.8,0.44
2.25,0.5,55,1,200,both,680,348,331,51.3,-2410.0,3232.8,-0.75
2.25,0.5,55,1,200,long,337,172,164,51.2,-1125.8,2174.4,-0.52
2.25,0.5,55,1,200,short,343,176,167,51.3,-1284.2,1819.7,-0.71
2.25,0.5,55,2,200,both,661,345,315,52.3,-1579.5,2520.0,-0.63
2.25,0.5,55,2,200,long,330,173,156,52.6,-490.4,1768.3,-0.28
2.25,0.5,55,2,200,short,331,172,159,52.0,-1089.1,1767.5,-0.62
2.25,0.5,55,3,200,both,646,339,306,52.6,-1567.3,2382.9,-0.66
2.25,0.5,55,3,200,long,321,167,153,52.2,-851.1,1878.6,-0.45
2.25,0.5,55,3,200,short,325,172,153,52.9,-716.2,1370.9,-0.52
2.25,0.5,55,4,200,both,643,336,306,52.3,-1815.7,2631.3,-0.69
2.25,0.5,55,4,200,long,319,165,153,51.9,-1057.8,1921.6,-0.55
2.25,0.5,55,4,200,short,324,171,153,52.8,-757.9,1370.9,-0.55
2.25,0.5,65,1,200,both,672,337,334,50.2,-2411.2,3263.1,-0.74
2.25,0.5,65,1,200,long,331,164,166,49.7,-1378.9,2360.3,-0.58
2.25,0.5,65,1,200,short,341,173,168,50.7,-1032.3,1671.1,-0.62
2.25,0.5,65,2,200,both,653,332,320,50.9,-1971.5,2801.4,-0.7
2.25,0.5,65,2,200,long,325,165,159,50.9,-815.5,1997.4,-0.41
2.25,0.5,65,2,200,short,328,167,161,50.9,-1156.0,1620.0,-0.71
2.25,0.5,65,3,200,both,637,325,311,51.1,-2017.6,2719.6,-0.74
2.25,0.5,65,3,200,long,316,159,156,50.5,-1178.2,2109.7,-0.56
2.25,0.5,65,3,200,short,321,166,155,51.7,-839.4,1368.7,-0.61
2.25,0.5,65,4,200,both,634,324,309,51.2,-2041.1,2743.1,-0.74
2.25,0.5,65,4,200,long,314,159,154,50.8,-1155.8,1952.4,-0.59
2.25,0.5,65,4,200,short,320,165,155,51.6,-885.3,1368.7,-0.65
2.25,0.5,75,1,200,both,668,331,336,49.6,-2239.8,3254.4,-0.69
2.25,0.5,75,1,200,long,329,160,168,48.8,-1419.0,2349.5,-0.6
2.25,0.5,75,1,200,short,339,171,168,50.4,-820.8,1478.4,-0.56
2.25,0.5,75,2,200,both,650,329,320,50.7,-1673.6,2663.2,-0.63
2.25,0.5,75,2,200,long,324,163,160,50.5,-650.5,1867.3,-0.35
2.25,0.5,75,2,200,short,326,166,160,50.9,-1023.1,1521.6,-0.67
2.25,0.5,75,3,200,both,635,323,311,50.9,-1678.4,2543.1,-0.66
2.25,0.5,75,3,200,long,315,158,156,50.3,-913.9,1917.8,-0.48
2.25,0.5,75,3,200,short,320,165,155,51.6,-764.5,1374.6,-0.56
2.25,0.5,75,4,200,both,631,320,310,50.8,-1842.5,2707.2,-0.68
2.25,0.5,75,4,200,long,312,156,155,50.2,-1032.1,1901.1,-0.54
2.25,0.5,75,4,200,short,319,164,155,51.4,-810.4,1374.6,-0.59
2.25,0.5,85,1,200,both,666,328,337,49.3,-1821.1,2802.0,-0.65
2.25,0.5,85,1,200,long,328,159,168,48.6,-1255.7,2298.2,-0.55
2.25,0.5,85,1,200,short,338,169,169,50.0,-565.4,1388.3,-0.41
2.25,0.5,85,2,200,both,647,326,320,50.5,-1196.9,2210.8,-0.54
2.25,0.5,85,2,200,long,322,162,159,50.5,-429.2,1854.8,-0.23
2.25,0.5,85,2,200,short,325,164,161,50.5,-767.7,1464.5,-0.52
2.25,0.5,85,3,200,both,632,319,312,50.6,-1301.0,2190.0,-0.59
2.25,0.5,85,3,200,long,313,156,156,50.0,-791.9,2004.6,-0.4
2.25,0.5,85,3,200,short,319,163,156,51.1,-509.1,1443.3,-0.35
2.25,0.5,85,4,200,both,629,318,310,50.6,-1373.9,2395.3,-0.57
2.25,0.5,85,4,200,long,311,155,155,50.0,-868.8,1946.6,-0.45
2.25,0.5,85,4,200,short,318,163,155,51.3,-505.1,1443.3,-0.35
2.25,0.5,95,1,200,both,662,321,340,48.6,-1342.2,2409.1,-0.56
2.25,0.5,95,1,200,long,327,156,170,47.9,-1066.5,2033.8,-0.52
2.25,0.5,95,1,200,short,335,165,170,49.3,-275.7,1159.4,-0.24
2.25,0.5,95,2,200,both,644,321,322,49.9,-592.6,1692.5,-0.35
2.25,0.5,95,2,200,long,321,159,161,49.7,-240.0,1590.4,-0.15
2.25,0.5,95,2,200,short,323,162,161,50.2,-352.6,1275.2,-0.28
2.25,0.5,95,3,200,both,629,314,314,50.0,-812.2,1787.2,-0.45
2.25,0.5,95,3,200,long,313,154,158,49.4,-564.8,1786.8,-0.32
2.25,0.5,95,3,200,short,316,160,156,50.6,-247.4,1254.0,-0.2
2.25,0.5,95,4,200,both,626,313,312,50.1,-885.1,1992.5,-0.44
2.25,0.5,95,4,200,long,311,153,157,49.4,-641.7,1728.8,-0.37
2.25,0.5,95,4,200,short,315,160,155,50.8,-243.4,1254.0,-0.19
2.25,0.75,55,1,200,both,643,389,253,60.6,-987.1,2361.4,-0.42
2.25,0.75,55,1,200,long,317,193,123,61.1,-335.2,1780.5,-0.19
2.25,0.75,55,1,200,short,326,196,130,60.1,-651.9,1927.4,-0.34
2.25,0.75,55,2,200,both,631,382,248,60.6,-1007.2,2481.7,-0.41
2.25,0.75,55,2,200,long,314,192,121,61.3,-214.2,1652.5,-0.13
2.25,0.75,55,2,200,short,317,190,127,59.9,-793.0,1995.0,-0.4
2.25,0.75,55,3,200,both,625,381,243,61.1,-918.8,2326.9,-0.39
2.25,0.75,55,3,200,long,309,189,119,61.4,-510.9,1743.8,-0.29
2.25,0.75,55,3,200,short,316,192,124,60.8,-407.9,1819.3,-0.22
2.25,0.75,55,4,200,both,624,380,243,61.0,-944.6,2314.6,-0.41
2.25,0.75,55,4,200,long,308,188,119,61.2,-540.9,1735.7,-0.31
2.25,0.75,55,4,200,short,316,192,124,60.8,-403.7,1819.3,-0.22
2.25,0.75,65,1,200,both,634,378,255,59.7,-1071.7,2428.9,-0.44
2.25,0.75,65,1,200,long,311,186,124,60.0,-489.4,1926.4,-0.25
2.25,0.75,65,1,200,short,323,192,131,59.4,-582.3,1872.9,-0.31
2.25,0.75,65,2,200,both,622,370,251,59.6,-1259.0,2706.4,-0.47
2.25,0.75,65,2,200,long,309,185,123,60.1,-451.4,1881.4,-0.24
2.25,0.75,65,2,200,short,313,185,128,59.1,-807.6,1995.4,-0.4
2.25,0.75,65,3,200,both,616,369,246,60.0,-1174.0,2600.7,-0.45
2.25,0.75,65,3,200,long,304,182,121,60.1,-750.1,1974.7,-0.38
2.25,0.75,65,3,200,short,312,187,125,59.9,-423.9,1817.1,-0.23
2.25,0.75,65,4,200,both,615,368,246,59.9,-1195.1,2583.7,-0.46
2.25,0.75,65,4,200,long,303,181,121,59.9,-771.2,1957.7,-0.39
2.25,0.75,65,4,200,short,312,187,125,59.9,-423.9,1817.1,-0.23
2.25,0.75,75,1,200,both,630,375,254,59.6,-505.2,2059.4,-0.25
2.25,0.75,75,1,200,long,309,184,124,59.7,-323.2,1895.3,-0.17
2.25,0.75,75,1,200,short,321,191,130,59.5,-182.0,1644.3,-0.11
2.25,0.75,75,2,200,both,618,368,249,59.6,-746.1,2390.6,-0.31
2.25,0.75,75,2,200,long,307,183,123,59.8,-285.2,1857.3,-0.15
2.25,0.75,75,2,200,short,311,185,126,59.5,-460.9,1889.0,-0.24
2.25,0.75,75,3,200,both,613,367,245,60.0,-727.1,2353.0,-0.31
2.25,0.75,75,3,200,long,302,180,121,59.8,-566.9,1942.1,-0.29
2.25,0.75,75,3,200,short,311,187,124,60.1,-160.2,1823.0,-0.09
2.25,0.75,75,4,200,both,611,365,245,59.8,-806.5,2394.3,-0.34
2.25,0.75,75,4,200,long,300,178,121,59.5,-646.3,1983.4,-0.33
2.25,0.75,75,4,200,short,311,187,124,60.1,-160.2,1823.0,-0.09
2.25,0.75,85,1,200,both,628,375,252,59.8,121.8,1668.7,0.07
2.25,0.75,85,1,200,long,308,184,123,59.9,-57.3,1847.7,-0.03
2.25,0.75,85,1,200,short,320,191,129,59.7,179.1,1591.8,0.11
2.25,0.75,85,2,200,both,615,367,247,59.8,-128.5,2072.9,-0.06
2.25,0.75,85,2,200,long,305,183,121,60.2,63.7,1824.4,0.03
2.25,0.75,85,2,200,short,310,184,126,59.4,-192.2,1860.3,-0.1
2.25,0.75,85,3,200,both,610,366,243,60.1,-126.5,1914.9,-0.07
2.25,0.75,85,3,200,long,300,180,119,60.2,-235.0,1955.2,-0.12
2.25,0.75,85,3,200,short,310,186,124,60.0,108.5,1829.7,0.06
2.25,0.75,85,4,200,both,609,365,243,60.0,-130.1,1914.9,-0.07
2.25,0.75,85,4,200,long,299,179,119,60.1,-273.1,1955.2,-0.14
2.25,0.75,85,4,200,short,310,186,124,60.0,143.0,1829.7,0.08
2.25,0.75,95,1,200,both,624,369,254,59.2,597.8,1359.2,0.44
2.25,0.75,95,1,200,long,307,182,124,59.5,175.4,1660.0,0.11
2.25,0.75,95,1,200,short,317,187,130,59.0,422.4,1316.6,0.32
2.25,0.75,95,2,200,both,612,362,249,59.2,341.9,1769.0,0.19
2.25,0.75,95,2,200,long,304,181,122,59.7,296.4,1636.7,0.18
2.25,0.75,95,2,200,short,308,181,127,58.8,45.5,1640.4,0.03
2.25,0.75,95,3,200,both,607,361,245,59.6,336.5,1691.0,0.2
2.25,0.75,95,3,200,long,300,179,120,59.9,82.2,1767.5,0.05
2.25,0.75,95,3,200,short,307,182,125,59.3,254.3,1640.4,0.16
2.25,0.75,95,4,200,both,606,360,245,59.5,332.9,1691.0,0.2
2.25,0.75,95,4,200,long,299,178,120,59.7,44.1,1767.5,0.02
2.25,0.75,95,4,200,short,307,182,125,59.3,288.8,1640.4,0.18
2.25,1.0,55,1,200,both,627,406,220,64.9,-774.0,2527.4,-0.31
2.25,1.0,55,1,200,long,312,204,107,65.6,-466.2,2180.9,-0.21
2.25,1.0,55,1,200,short,315,202,113,64.1,-307.8,1545.1,-0.2
2.25,1.0,55,2,200,both,620,401,218,64.8,-1094.8,2884.8,-0.38
2.25,1.0,55,2,200,long,310,203,106,65.7,-485.8,2200.5,-0.22
2.25,1.0,55,2,200,short,310,198,112,63.9,-609.0,1845.9,-0.33
2.25,1.0,55,3,200,both,615,401,213,65.3,-811.7,2423.4,-0.33
2.25,1.0,55,3,200,long,307,201,105,65.7,-666.2,2161.0,-0.31
2.25,1.0,55,3,200,short,308,200,108,64.9,-145.5,1515.7,-0.1
2.25,1.0,55,4,200,both,615,401,213,65.3,-789.1,2400.8,-0.33
2.25,1.0,55,4,200,long,307,201,105,65.7,-653.4,2148.2,-0.3
2.25,1.0,55,4,200,short,308,200,108,64.9,-135.7,1505.9,-0.09
2.25,1.0,65,1,200,both,618,396,221,64.2,-786.6,2442.0,-0.32
2.25,1.0,65,1,200,long,306,197,108,64.6,-693.9,2217.3,-0.31
2.25,1.0,65,1,200,short,312,199,113,63.8,-92.7,1357.3,-0.07
2.25,1.0,65,2,200,both,612,391,220,64.0,-1192.3,2811.8,-0.42
2.25,1.0,65,2,200,long,305,196,108,64.5,-821.5,2344.9,-0.35
2.25,1.0,65,2,200,short,307,195,112,63.5,-370.8,1559.8,-0.24
2.25,1.0,65,3,200,both,607,391,215,64.5,-912.6,2434.7,-0.37
2.25,1.0,65,3,200,long,302,194,107,64.5,-1003.9,2307.4,-0.44
2.25,1.0,65,3,200,short,305,197,108,64.6,91.3,1434.9,0.06
2.25,1.0,65,4,200,both,607,391,215,64.5,-885.3,2407.4,-0.37
2.25,1.0,65,4,200,long,302,194,107,64.5,-982.2,2285.7,-0.43
2.25,1.0,65,4,200,short,305,197,108,64.6,96.9,1429.3,0.07
2.25,1.0,75,1,200,both,614,393,220,64.1,-254.5,2178.5,-0.12
2.25,1.0,75,1,200,long,304,195,108,64.4,-473.9,2169.0,-0.22
2.25,1.0,75,1,200,short,310,198,112,63.9,219.4,1355.5,0.16
2.25,1.0,75,2,200,both,608,389,218,64.1,-679.6,2571.2,-0.26
2.25,1.0,75,2,200,long,303,194,108,64.2,-601.5,2303.9,-0.26
2.25,1.0,75,2,200,short,305,195,110,63.9,-78.1,1594.1,-0.05
2.25,1.0,75,3,200,both,604,389,214,64.5,-485.4,2285.5,-0.21
2.25,1.0,75,3,200,long,300,192,107,64.2,-766.9,2286.9,-0.34
2.25,1.0,75,3,200,short,304,197,107,64.8,281.5,1486.1,0.19
2.25,1.0,75,4,200,both,603,388,214,64.5,-522.0,2322.1,-0.22
2.25,1.0,75,4,200,long,299,191,107,64.1,-803.5,2323.5,-0.35
2.25,1.0,75,4,200,short,304,197,107,64.8,281.5,1486.1,0.19
2.25,1.0,85,1,200,both,612,393,218,64.3,347.5,1826.9,0.19
2.25,1.0,85,1,200,long,303,195,107,64.6,-208.0,2165.1,-0.1
2.25,1.0,85,1,200,short,309,198,111,64.1,555.5,1304.2,0.43
2.25,1.0,85,2,200,both,605,387,217,64.1,-184.1,2276.6,-0.08
2.25,1.0,85,2,200,long,301,193,107,64.3,-349.7,2300.0,-0.15
2.25,1.0,85,2,200,short,304,194,110,63.8,165.6,1542.8,0.11
2.25,1.0,85,3,200,both,601,387,213,64.5,-6.9,1917.0,-0.0
2.25,1.0,85,3,200,long,298,191,106,64.3,-532.1,2300.0,-0.23
2.25,1.0,85,3,200,short,303,196,107,64.7,525.2,1434.8,0.37
2.25,1.0,85,4,200,both,601,387,213,64.5,32.3,1912.3,0.02
2.25,1.0,85,4,200,long,298,191,106,64.3,-527.4,2295.3,-0.23
2.25,1.0,85,4,200,short,303,196,107,64.7,559.7,1434.8,0.39
2.25,1.0,95,1,200,both,609,388,220,63.8,767.9,1640.8,0.47
2.25,1.0,95,1,200,long,302,193,108,64.1,-0.3,2002.4,-0.0
2.25,1.0,95,1,200,short,307,195,112,63.5,768.2,1128.0,0.68
2.25,1.0,95,2,200,both,602,382,219,63.6,236.3,2022.7,0.12
2.25,1.0,95,2,200,long,300,191,108,63.9,-142.0,2137.3,-0.07
2.25,1.0,95,2,200,short,302,191,111,63.2,378.3,1353.5,0.28
2.25,1.0,95,3,200,both,598,382,215,64.0,406.1,1755.0,0.23
2.25,1.0,95,3,200,long,298,190,107,64.0,-239.9,2137.3,-0.11
2.25,1.0,95,3,200,short,300,192,108,64.0,646.0,1245.5,0.52
2.25,1.0,95,4,200,both,598,382,215,64.0,445.3,1750.3,0.25
2.25,1.0,95,4,200,long,298,190,107,64.0,-235.2,2132.6,-0.11
2.25,1.0,95,4,200,short,300,192,108,64.0,680.5,1245.5,0.55
2.25,1.25,55,1,200,both,614,411,202,67.0,-1082.1,2692.4,-0.4
2.25,1.25,55,1,200,long,304,207,96,68.3,-389.5,2058.4,-0.19
2.25,1.25,55,1,200,short,310,204,106,65.8,-692.6,1887.3,-0.37
2.25,1.25,55,2,200,both,607,407,199,67.2,-1072.9,2719.8,-0.39
2.25,1.25,55,2,200,long,303,207,95,68.5,-249.2,1918.1,-0.13
2.25,1.25,55,2,200,short,304,200,104,65.8,-823.7,1972.1,-0.42
2.25,1.25,55,3,200,both,602,406,195,67.6,-811.9,2411.8,-0.34
2.25,1.25,55,3,200,long,302,207,94,68.8,-294.2,1886.2,-0.16
2.25,1.25,55,3,200,short,300,199,101,66.3,-517.7,1799.1,-0.29
2.25,1.25,55,4,200,both,602,406,195,67.6,-794.0,2393.9,-0.33
2.25,1.25,55,4,200,long,302,207,94,68.8,-286.1,1878.1,-0.15
2.25,1.25,55,4,200,short,299,198,101,66.2,-542.5,1789.3,-0.3
2.25,1.25,65,1,200,both,605,401,203,66.4,-888.7,2460.2,-0.36
2.25,1.25,65,1,200,long,298,200,97,67.3,-625.4,2139.8,-0.29
2.25,1.25,65,1,200,short,307,201,106,65.5,-263.3,1534.4,-0.17
2.25,1.25,65,2,200,both,599,397,201,66.4,-1041.8,2620.6,-0.4
2.25,1.25,65,2,200,long,298,200,97,67.3,-618.1,2139.8,-0.29
2.25,1.25,65,2,200,short,301,197,104,65.4,-423.7,1603.0,-0.26
2.25,1.25,65,3,200,both,594,396,197,66.8,-784.2,2400.5,-0.33
2.25,1.25,65,3,200,long,297,200,96,67.6,-665.1,2139.8,-0.31
2.25,1.25,65,3,200,short,297,196,101,66.0,-119.1,1470.0,-0.08
2.25,1.25,65,4,200,both,594,396,197,66.8,-761.6,2377.9,-0.32
2.25,1.25,65,4,200,long,297,200,96,67.6,-648.1,2122.8,-0.31
2.25,1.25,65,4,200,short,296,195,101,65.9,-148.1,1470.0,-0.1
2.25,1.25,75,1,200,both,600,397,202,66.3,-556.8,2406.3,-0.23
2.25,1.25,75,1,200,long,296,198,97,67.1,-429.7,2206.8,-0.19
2.25,1.25,75,1,200,short,304,199,105,65.5,-127.1,1540.3,-0.08
2.25,1.25,75,2,200,both,594,394,199,66.4,-704.3,2561.1,-0.27
2.25,1.25,75,2,200,long,296,198,97,67.1,-422.4,2206.8,-0.19
2.25,1.25,75,2,200,short,298,196,102,65.8,-281.9,1608.9,-0.18
2.25,1.25,75,3,200,both,590,393,196,66.7,-557.2,2451.5,-0.23
2.25,1.25,75,3,200,long,295,198,96,67.3,-452.4,2189.8,-0.21
2.25,1.25,75,3,200,short,295,195,100,66.1,-104.8,1475.9,-0.07
2.25,1.25,75,4,200,both,589,392,196,66.7,-598.5,2492.8,-0.24
2.25,1.25,75,4,200,long,294,197,96,67.2,-493.7,2231.1,-0.22
2.25,1.25,75,4,200,short,294,194,100,66.0,-139.4,1475.9,-0.09
2.25,1.25,85,1,200,both,598,397,200,66.5,145.9,1886.0,0.08
2.25,1.25,85,1,200,long,295,198,96,67.3,-163.8,2202.9,-0.07
2.25,1.25,85,1,200,short,303,199,104,65.7,309.7,1453.0,0.21
2.25,1.25,85,2,200,both,591,392,198,66.4,-108.1,2133.2,-0.05
2.25,1.25,85,2,200,long,294,197,96,67.2,-170.6,2202.9,-0.08
2.25,1.25,85,2,200,short,297,195,102,65.7,62.5,1521.6,0.04
2.25,1.25,85,3,200,both,587,391,195,66.7,22.0,1986.4,0.01
2.25,1.25,85,3,200,long,293,197,95,67.5,-217.6,2202.9,-0.1
2.25,1.25,85,3,200,short,294,194,100,66.0,239.6,1388.6,0.17
2.25,1.25,85,4,200,both,587,391,195,66.7,56.5,1986.4,0.03
2.25,1.25,85,4,200,long,293,197,95,67.5,-217.6,2202.9,-0.1
2.25,1.25,85,4,200,short,293,194,99,66.2,281.4,1381.3,0.2
2.25,1.25,95,1,200,both,593,389,203,65.7,228.2,2037.9,0.11
2.25,1.25,95,1,200,long,293,194,98,66.4,-193.0,2277.1,-0.08
2.25,1.25,95,1,200,short,300,195,105,65.0,421.2,1331.5,0.32
2.25,1.25,95,2,200,both,586,384,201,65.6,-25.8,2217.4,-0.01
2.25,1.25,95,2,200,long,292,193,98,66.3,-199.8,2277.1,-0.09
2.25,1.25,95,2,200,short,294,191,103,65.0,174.0,1400.1,0.12
2.25,1.25,95,3,200,both,584,385,198,66.0,265.0,1964.1,0.13
2.25,1.25,95,3,200,long,292,194,97,66.7,-162.3,2277.1,-0.07
2.25,1.25,95,3,200,short,292,191,101,65.4,427.3,1267.1,0.34
2.25,1.25,95,4,200,both,584,385,198,66.0,299.5,1964.1,0.15
2.25,1.25,95,4,200,long,292,194,97,66.7,-162.3,2277.1,-0.07
2.25,1.25,95,4,200,short,291,191,100,65.6,469.1,1259.8,0.37
2.25,1.5,55,1,200,both,610,413,196,67.8,-2205.7,3783.9,-0.58
2.25,1.5,55,1,200,long,304,210,93,69.3,-703.0,2530.5,-0.28
2.25,1.5,55,1,200,short,306,203,103,66.3,-1502.7,2694.4,-0.56
2.25,1.5,55,2,200,both,604,410,193,68.0,-2067.0,3681.8,-0.56
2.25,1.5,55,2,200,long,303,210,92,69.5,-537.7,2365.2,-0.23
2.25,1.5,55,2,200,short,301,200,101,66.4,-1529.3,2711.5,-0.56
2.25,1.5,55,3,200,both,601,409,191,68.2,-1914.4,3496.1,-0.55
2.25,1.5,55,3,200,long,301,209,91,69.7,-545.0,2217.4,-0.25
2.25,1.5,55,3,200,short,300,200,100,66.7,-1369.4,2551.6,-0.54
2.25,1.5,55,4,200,both,600,408,191,68.1,-1946.0,3527.7,-0.55
2.25,1.5,55,4,200,long,301,209,91,69.7,-536.9,2209.3,-0.24
2.25,1.5,55,4,200,short,299,199,100,66.6,-1409.1,2591.3,-0.54
2.25,1.5,65,1,200,both,601,403,197,67.2,-1894.3,3526.5,-0.54
2.25,1.5,65,1,200,long,298,203,94,68.4,-820.9,2550.1,-0.32
2.25,1.5,65,1,200,short,303,200,103,66.0,-1073.4,2305.7,-0.47
2.25,1.5,65,2,200,both,596,400,195,67.2,-1942.9,3582.4,-0.54
2.25,1.5,65,2,200,long,298,203,94,68.4,-813.6,2542.8,-0.32
2.25,1.5,65,2,200,short,298,197,101,66.1,-1129.3,2286.0,-0.49
2.25,1.5,65,3,200,both,593,399,193,67.4,-1793.7,3400.1,-0.53
2.25,1.5,65,3,200,long,296,202,93,68.5,-822.9,2408.0,-0.34
2.25,1.5,65,3,200,short,297,197,100,66.3,-970.8,2127.5,-0.46
2.25,1.5,65,4,200,both,592,398,193,67.3,-1820.6,3427.0,-0.53
2.25,1.5,65,4,200,long,296,202,93,68.5,-805.9,2391.0,-0.34
2.25,1.5,65,4,200,short,296,196,100,66.2,-1014.7,2171.4,-0.47
2.25,1.5,75,1,200,both,596,400,195,67.2,-1344.8,3241.5,-0.41
2.25,1.5,75,1,200,long,296,202,93,68.5,-512.6,2470.7,-0.21
2.25,1.5,75,1,200,short,300,198,102,66.0,-832.2,2127.9,-0.39
2.25,1.5,75,2,200,both,591,398,192,67.5,-1367.7,3271.7,-0.42
2.25,1.5,75,2,200,long,296,202,93,68.5,-505.3,2470.7,-0.2
2.25,1.5,75,2,200,short,295,196,99,66.4,-862.4,2122.1,-0.41
2.25,1.5,75,3,200,both,588,396,191,67.5,-1409.5,3280.4,-0.43
2.25,1.5,75,3,200,long,294,201,92,68.6,-497.6,2345.4,-0.21
2.25,1.5,75,3,200,short,294,195,99,66.3,-911.9,2171.6,-0.42
2.25,1.5,75,4,200,both,587,395,191,67.4,-1450.8,3321.7,-0.44
2.25,1.5,75,4,200,long,293,200,92,68.5,-538.9,2386.7,-0.23
2.25,1.5,75,4,200,short,294,195,99,66.3,-911.9,2171.6,-0.42
2.25,1.5,85,1,200,both,594,400,193,67.5,-642.1,2667.0,-0.24
2.25,1.5,85,1,200,long,295,202,92,68.7,-246.7,2466.8,-0.1
2.25,1.5,85,1,200,short,299,198,101,66.2,-395.4,1981.4,-0.2
2.25,1.5,85,2,200,both,588,396,191,67.5,-771.5,2789.6,-0.28
2.25,1.5,85,2,200,long,294,201,92,68.6,-253.5,2466.8,-0.1
2.25,1.5,85,2,200,short,294,195,99,66.3,-518.0,1975.6,-0.26
2.25,1.5,85,3,200,both,585,394,190,67.5,-830.3,2815.3,-0.29
2.25,1.5,85,3,200,long,292,200,91,68.7,-262.8,2358.5,-0.11
2.25,1.5,85,3,200,short,293,194,99,66.2,-567.5,2025.1,-0.28
2.25,1.5,85,4,200,both,585,394,190,67.5,-795.8,2815.3,-0.28
2.25,1.5,85,4,200,long,292,200,91,68.7,-262.8,2358.5,-0.11
2.25,1.5,85,4,200,short,293,194,99,66.2,-533.0,2025.1,-0.26
2.25,1.5,95,1,200,both,589,392,196,66.7,-352.4,2486.1,-0.14
2.25,1.5,95,1,200,long,293,198,94,67.8,-63.8,2328.9,-0.03
2.25,1.5,95,1,200,short,296,194,102,65.5,-288.6,1773.4,-0.16
2.25,1.5,95,2,200,both,583,388,194,66.7,-487.8,2613.0,-0.19
2.25,1.5,95,2,200,long,292,197,94,67.7,-70.6,2328.9,-0.03
2.25,1.5,95,2,200,short,291,191,100,65.6,-417.2,1778.6,-0.23
2.25,1.5,95,3,200,both,582,388,193,66.8,-520.9,2613.0,-0.2
2.25,1.5,95,3,200,long,291,197,93,67.9,-103.7,2328.9,-0.04
2.25,1.5,95,3,200,short,291,191,100,65.6,-417.2,1778.6,-0.23
2.25,1.5,95,4,200,both,582,388,193,66.8,-486.4,2613.0,-0.19
2.25,1.5,95,4,200,long,291,197,93,67.9,-103.7,2328.9,-0.04
2.25,1.5,95,4,200,short,291,191,100,65.6,-382.7,1778.6,-0.22
2.25,2.0,55,1,200,both,601,414,186,69.0,-2253.7,3699.5,-0.61
2.25,2.0,55,1,200,long,300,211,88,70.6,-1134.4,2900.4,-0.39
2.25,2.0,55,1,200,short,301,203,98,67.4,-1119.3,2399.0,-0.47
2.25,2.0,55,2,200,both,596,411,184,69.1,-2223.4,3560.2,-0.62
2.25,2.0,55,2,200,long,299,211,87,70.8,-908.6,2674.6,-0.34
2.25,2.0,55,2,200,short,297,200,97,67.3,-1314.8,2548.2,-0.52
2.25,2.0,55,3,200,both,593,410,182,69.3,-2114.0,3417.7,-0.62
2.25,2.0,55,3,200,long,297,210,86,70.9,-1003.1,2614.0,-0.38
2.25,2.0,55,3,200,short,296,200,96,67.6,-1110.9,2344.3,-0.47
2.25,2.0,55,4,200,both,593,410,182,69.3,-2096.1,3399.8,-0.62
2.25,2.0,55,4,200,long,297,210,86,70.9,-995.0,2605.9,-0.38
2.25,2.0,55,4,200,short,296,200,96,67.6,-1101.1,2334.5,-0.47
2.25,2.0,65,1,200,both,592,404,187,68.4,-1942.3,3652.4,-0.53
2.25,2.0,65,1,200,long,294,204,89,69.6,-1252.3,2920.0,-0.43
2.25,2.0,65,1,200,short,298,200,98,67.1,-690.0,2010.3,-0.34
2.25,2.0,65,2,200,both,588,401,186,68.3,-2149.3,3717.5,-0.58
2.25,2.0,65,2,200,long,294,204,89,69.6,-1234.5,2902.2,-0.43
2.25,2.0,65,2,200,short,294,197,97,67.0,-914.8,2159.5,-0.42
2.25,2.0,65,3,200,both,585,400,184,68.5,-2043.3,3488.4,-0.59
2.25,2.0,65,3,200,long,292,203,88,69.8,-1331.0,2843.6,-0.47
2.25,2.0,65,3,200,short,293,197,96,67.2,-712.3,1957.0,-0.36
2.25,2.0,65,4,200,both,585,400,184,68.5,-2020.7,3471.4,-0.58
2.25,2.0,65,4,200,long,292,203,88,69.8,-1314.0,2826.6,-0.46
2.25,2.0,65,4,200,short,293,197,96,67.2,-706.7,1951.4,-0.36
2.25,2.0,75,1,200,both,587,401,185,68.4,-1452.0,3330.7,-0.44
2.25,2.0,75,1,200,long,292,203,88,69.8,-994.0,2705.8,-0.37
2.25,2.0,75,1,200,short,295,198,97,67.1,-458.0,1941.3,-0.24
2.25,2.0,75,2,200,both,583,399,183,68.6,-1578.4,3181.4,-0.5
2.25,2.0,75,2,200,long,292,203,88,69.8,-976.2,2688.0,-0.36
2.25,2.0,75,2,200,short,291,196,95,67.4,-602.2,1949.9,-0.31
2.25,2.0,75,3,200,both,581,398,182,68.6,-1657.9,3227.8,-0.51
2.25,2.0,75,3,200,long,290,202,87,69.9,-1055.7,2612.4,-0.4
2.25,2.0,75,3,200,short,291,196,95,67.4,-602.2,1949.9,-0.31
2.25,2.0,75,4,200,both,580,397,182,68.6,-1699.2,3269.1,-0.52
2.25,2.0,75,4,200,long,289,201,87,69.8,-1097.0,2653.7,-0.41
2.25,2.0,75,4,200,short,291,196,95,67.4,-602.2,1949.9,-0.31
2.25,2.0,85,1,200,both,585,401,183,68.7,-749.3,2996.9,-0.25
2.25,2.0,85,1,200,long,291,203,87,70.0,-728.1,2547.0,-0.29
2.25,2.0,85,1,200,short,294,198,96,67.3,-21.2,1917.5,-0.01
2.25,2.0,85,2,200,both,580,397,182,68.6,-982.2,2892.9,-0.34
2.25,2.0,85,2,200,long,290,202,87,69.9,-724.4,2543.3,-0.28
2.25,2.0,85,2,200,short,290,195,95,67.2,-257.8,1803.4,-0.14
2.25,2.0,85,3,200,both,578,396,181,68.6,-1078.7,2871.8,-0.38
2.25,2.0,85,3,200,long,288,201,86,70.0,-820.9,2484.7,-0.33
2.25,2.0,85,3,200,short,290,195,95,67.2,-257.8,1803.4,-0.14
2.25,2.0,85,4,200,both,578,396,181,68.6,-1044.2,2871.8,-0.36
2.25,2.0,85,4,200,long,288,201,86,70.0,-820.9,2484.7,-0.33
2.25,2.0,85,4,200,short,290,195,95,67.2,-223.3,1803.4,-0.12
2.25,2.0,95,1,200,both,581,394,186,67.9,-453.7,3072.4,-0.15
2.25,2.0,95,1,200,long,289,199,89,69.1,-545.2,2327.6,-0.23
2.25,2.0,95,1,200,short,292,195,97,66.8,91.5,1893.5,0.05
2.25,2.0,95,2,200,both,576,390,185,67.8,-697.1,2906.7,-0.24
2.25,2.0,95,2,200,long,288,198,89,69.0,-552.0,2329.9,-0.24
2.25,2.0,95,2,200,short,288,192,96,66.7,-145.1,1685.5,-0.09
2.25,2.0,95,3,200,both,575,390,184,67.9,-730.2,2906.7,-0.25
2.25,2.0,95,3,200,long,287,198,88,69.2,-585.1,2327.6,-0.25
2.25,2.0,95,3,200,short,288,192,96,66.7,-145.1,1685.5,-0.09
2.25,2.0,95,4,200,both,575,390,184,67.9,-695.7,2906.7,-0.24
2.25,2.0,95,4,200,long,287,198,88,69.2,-585.1,2327.6,-0.25
2.25,2.0,95,4,200,short,288,192,96,66.7,-110.6,1685.5,-0.07
2.25,0.5,55,1,250,both,698,364,334,52.1,-1577.1,2602.2,-0.61
2.25,0.5,55,1,250,long,344,179,165,52.0,-660.8,1938.8,-0.34
2.25,0.5,55,1,250,short,354,185,169,52.3,-916.3,1511.8,-0.61
2.25,0.5,55,2,250,both,678,361,317,53.2,-757.8,2008.6,-0.38
2.25,0.5,55,2,250,long,337,181,156,53.7,47.4,1544.1,0.03
2.25,0.5,55,2,250,short,341,180,161,52.8,-805.2,1543.6,-0.52
2.25,0.5,55,3,250,both,663,356,307,53.7,-672.4,1803.2,-0.37
2.25,0.5,55,3,250,long,328,175,153,53.4,-313.3,1654.4,-0.19
2.25,0.5,55,3,250,short,335,181,154,54.0,-359.1,1229.1,-0.29
2.25,0.5,55,4,250,both,659,353,306,53.6,-841.7,1894.4,-0.44
2.25,0.5,55,4,250,long,326,173,153,53.1,-520.0,1646.3,-0.32
2.25,0.5,55,4,250,short,333,180,153,54.1,-321.7,1229.1,-0.26
2.25,0.5,65,1,250,both,690,352,338,51.0,-1702.2,2727.3,-0.62
2.25,0.5,65,1,250,long,339,172,167,50.7,-866.6,2083.7,-0.42
2.25,0.5,65,1,250,short,351,180,171,51.3,-835.6,1474.1,-0.57
2.25,0.5,65,2,250,both,671,349,322,52.0,-942.5,2153.3,-0.44
2.25,0.5,65,2,250,long,333,174,159,52.3,-230.4,1720.8,-0.13
2.25,0.5,65,2,250,short,338,175,163,51.8,-712.1,1359.8,-0.52
2.25,0.5,65,3,250,both,655,343,312,52.4,-915.4,1946.7,-0.47
2.25,0.5,65,3,250,long,324,168,156,51.9,-593.1,1833.1,-0.32
2.25,0.5,65,3,250,short,331,175,156,52.9,-322.3,1226.9,-0.26
2.25,0.5,65,4,250,both,650,341,309,52.5,-884.9,1892.8,-0.47
2.25,0.5,65,4,250,long,321,167,154,52.0,-595.8,1710.0,-0.35
2.25,0.5,65,4,250,short,329,174,155,52.9,-289.1,1226.9,-0.24
2.25,0.5,75,1,250,both,685,346,339,50.5,-1400.0,2507.7,-0.56
2.25,0.5,75,1,250,long,337,168,169,49.9,-886.2,2066.4,-0.43
2.25,0.5,75,1,250,short,348,178,170,51.1,-513.8,1286.7,-0.4
2.25,0.5,75,2,250,both,667,345,322,51.7,-702.7,2079.1,-0.34
2.25,0.5,75,2,250,long,332,172,160,51.8,-44.9,1560.5,-0.03
2.25,0.5,75,2,250,short,335,173,162,51.6,-657.8,1365.7,-0.48
2.25,0.5,75,3,250,both,651,339,312,52.1,-675.6,1902.6,-0.36
2.25,0.5,75,3,250,long,322,166,156,51.6,-349.6,1652.3,-0.21
2.25,0.5,75,3,250,short,329,173,156,52.6,-326.0,1232.8,-0.26
2.25,0.5,75,4,250,both,647,337,310,52.1,-703.1,1903.8,-0.37
2.25,0.5,75,4,250,long,320,165,155,51.6,-410.3,1587.2,-0.26
2.25,0.5,75,4,250,short,327,172,155,52.6,-292.8,1232.8,-0.24
2.25,0.5,85,1,250,both,682,342,340,50.1,-904.4,2106.7,-0.43
2.25,0.5,85,1,250,long,335,166,169,49.6,-646.0,1933.3,-0.33
2.25,0.5,85,1,250,short,347,176,171,50.7,-258.4,1306.9,-0.2
2.25,0.5,85,2,250,both,663,341,322,51.4,-149.1,1678.1,-0.09
2.25,0.5,85,2,250,long,329,170,159,51.7,253.3,1471.1,0.17
2.25,0.5,85,2,250,short,334,171,163,51.2,-402.4,1385.9,-0.29
2.25,0.5,85,3,250,both,648,335,313,51.7,-180.0,1530.9,-0.12
2.25,0.5,85,3,250,long,320,164,156,51.2,-109.4,1620.9,-0.07
2.25,0.5,85,3,250,short,328,171,157,52.1,-70.6,1257.8,-0.06
2.25,0.5,85,4,250,both,644,334,310,51.9,-157.6,1527.1,-0.1
2.25,0.5,85,4,250,long,318,163,155,51.3,-170.1,1555.8,-0.11
2.25,0.5,85,4,250,short,326,171,155,52.5,12.5,1257.8,0.01
2.25,0.5,95,1,250,both,678,335,343,49.4,-425.5,1803.4,-0.24
2.25,0.5,95,1,250,long,334,163,171,48.8,-456.8,1617.7,-0.28
2.25,0.5,95,1,250,short,344,172,172,50.0,31.3,1113.5,0.03
2.25,0.5,95,2,250,both,660,336,324,50.9,455.2,1249.4,0.36
2.25,0.5,95,2,250,long,328,167,161,50.9,442.5,1206.7,0.37
2.25,0.5,95,2,250,short,332,169,163,50.9,12.7,1157.0,0.01
2.25,0.5,95,3,250,both,645,330,315,51.2,308.8,1240.7,0.25
2.25,0.5,95,3,250,long,320,162,158,50.6,117.7,1403.1,0.08
2.25,0.5,95,3,250,short,325,168,157,51.7,191.1,1028.9,0.19
2.25,0.5,95,4,250,both,641,329,312,51.3,331.2,1236.9,0.27
2.25,0.5,95,4,250,long,318,161,157,50.6,57.0,1328.9,0.04
2.25,0.5,95,4,250,short,323,168,155,52.0,274.2,1028.9,0.27
2.25,0.75,55,1,250,both,664,405,259,61.0,-365.9,1686.6,-0.22
2.25,0.75,55,1,250,long,325,202,123,62.2,297.2,1341.0,0.22
2.25,0.75,55,1,250,short,339,203,136,59.9,-663.1,1951.4,-0.34
2.25,0.75,55,2,250,both,648,396,252,61.1,-313.8,1823.3,-0.17
2.25,0.75,55,2,250,long,321,200,121,62.3,441.5,1087.1,0.41
2.25,0.75,55,2,250,short,327,196,131,59.9,-755.3,1970.1,-0.38
2.25,0.75,55,3,250,both,639,392,247,61.3,-452.6,1842.0,-0.25
2.25,0.75,55,3,250,long,315,196,119,62.2,93.6,1229.6,0.08
2.25,0.75,55,3,250,short,324,196,128,60.5,-546.2,1797.3,-0.3
2.25,0.75,55,4,250,both,636,390,246,61.3,-493.6,1844.9,-0.27
2.25,0.75,55,4,250,long,313,194,119,62.0,-34.6,1319.7,-0.03
2.25,0.75,55,4,250,short,323,196,127,60.7,-459.0,1727.3,-0.27
2.25,0.75,65,1,250,both,656,395,261,60.2,-246.7,1677.5,-0.15
2.25,0.75,65,1,250,long,320,196,124,61.3,205.2,1419.6,0.14
2.25,0.75,65,1,250,short,336,199,137,59.2,-451.9,1896.9,-0.24
2.25,0.75,65,2,250,both,640,385,255,60.2,-343.4,1866.6,-0.18
2.25,0.75,65,2,250,long,317,194,123,61.2,266.5,1248.7,0.21
2.25,0.75,65,2,250,short,323,191,132,59.1,-609.9,1970.5,-0.31
2.25,0.75,65,3,250,both,631,381,250,60.4,-485.6,1967.0,-0.25
2.25,0.75,65,3,250,long,311,190,121,61.1,-83.4,1393.2,-0.06
2.25,0.75,65,3,250,short,320,191,129,59.7,-402.2,1799.1,-0.22
2.25,0.75,65,4,250,both,627,378,249,60.3,-563.2,2006.5,-0.28
2.25,0.75,65,4,250,long,308,187,121,60.7,-244.0,1515.7,-0.16
2.25,0.75,65,4,250,short,319,191,128,59.9,-319.2,1725.1,-0.19
2.25,0.75,75,1,250,both,651,390,261,59.9,85.6,1541.4,0.06
2.25,0.75,75,1,250,long,318,194,124,61.0,391.9,1295.0,0.3
2.25,0.75,75,1,250,short,333,196,137,58.9,-306.3,1626.3,-0.19
2.25,0.75,75,2,250,both,635,381,254,60.0,-83.1,1799.6,-0.05
2.25,0.75,75,2,250,long,315,192,123,61.0,453.2,1164.7,0.39
2.25,0.75,75,2,250,short,320,189,131,59.1,-536.3,1793.1,-0.3
2.25,0.75,75,3,250,both,626,376,250,60.1,-332.6,2013.2,-0.17
2.25,0.75,75,3,250,long,308,187,121,60.7,79.0,1342.0,0.06
2.25,0.75,75,3,250,short,318,189,129,59.4,-411.6,1704.7,-0.24
2.25,0.75,75,4,250,both,623,374,249,60.0,-385.9,2028.4,-0.19
2.25,0.75,75,4,250,long,306,185,121,60.5,-57.3,1440.2,-0.04
2.25,0.75,75,4,250,short,317,189,128,59.6,-328.6,1689.0,-0.19
2.25,0.75,85,1,250,both,647,387,260,59.8,650.9,1376.4,0.47
2.25,0.75,85,1,250,long,315,191,124,60.6,596.1,1170.5,0.51
2.25,0.75,85,1,250,short,332,196,136,59.0,54.8,1492.0,0.04
2.25,0.75,85,2,250,both,630,377,253,59.8,472.8,1707.5,0.28
2.25,0.75,85,2,250,long,311,189,122,60.8,740.4,1054.9,0.7
2.25,0.75,85,2,250,short,319,188,131,58.9,-267.6,1658.8,-0.16
2.25,0.75,85,3,250,both,622,373,249,60.0,247.6,1619.1,0.15
2.25,0.75,85,3,250,long,305,185,120,60.7,390.5,1236.9,0.32
2.25,0.75,85,3,250,short,317,188,129,59.3,-142.9,1613.9,-0.09
2.25,0.75,85,4,250,both,619,371,248,59.9,228.8,1536.1,0.15
2.25,0.75,85,4,250,long,303,183,120,60.4,254.2,1335.1,0.19
2.25,0.75,85,4,250,short,316,188,128,59.5,-25.4,1613.9,-0.02
2.25,0.75,95,1,250,both,643,381,262,59.3,1126.9,1226.7,0.92
2.25,0.75,95,1,250,long,314,189,125,60.2,828.8,982.8,0.84
2.25,0.75,95,1,250,short,329,192,137,58.4,298.1,1211.2,0.25
2.25,0.75,95,2,250,both,627,372,255,59.3,943.2,1511.6,0.62
2.25,0.75,95,2,250,long,310,187,123,60.3,973.1,869.3,1.12
2.25,0.75,95,2,250,short,317,185,132,58.4,-29.9,1424.6,-0.02
2.25,0.75,95,3,250,both,619,368,251,59.5,710.6,1515.1,0.47
2.25,0.75,95,3,250,long,305,184,121,60.3,707.7,1049.2,0.67
2.25,0.75,95,3,250,short,314,184,130,58.6,2.9,1424.6,0.0
2.25,0.75,95,4,250,both,616,366,250,59.4,691.8,1432.1,0.48
2.25,0.75,95,4,250,long,303,182,121,60.1,571.4,1147.4,0.5
2.25,0.75,95,4,250,short,313,184,129,58.8,120.4,1424.6,0.08
2.25,1.0,55,1,250,both,642,416,226,64.8,-664.1,2385.5,-0.28
2.25,1.0,55,1,250,long,316,210,106,66.5,102.8,1843.5,0.06
2.25,1.0,55,1,250,short,326,206,120,63.2,-766.9,1725.1,-0.44
2.25,1.0,55,2,250,both,633,411,222,64.9,-656.6,2261.9,-0.29
2.25,1.0,55,2,250,long,314,209,105,66.6,83.2,1728.2,0.05
2.25,1.0,55,2,250,short,319,202,117,63.3,-739.8,1697.6,-0.44
2.25,1.0,55,3,250,both,627,410,217,65.4,-502.8,1959.5,-0.26
2.25,1.0,55,3,250,long,311,207,104,66.6,-97.2,1688.7,-0.06
2.25,1.0,55,3,250,short,316,203,113,64.2,-405.6,1439.5,-0.28
2.25,1.0,55,4,250,both,626,409,217,65.3,-518.3,1975.0,-0.26
2.25,1.0,55,4,250,long,311,207,104,66.6,-84.4,1675.9,-0.05
2.25,1.0,55,4,250,short,315,202,113,64.1,-433.9,1467.8,-0.3
2.25,1.0,65,1,250,both,634,406,228,64.0,-622.0,2199.1,-0.28
2.25,1.0,65,1,250,long,311,204,107,65.6,-78.9,1732.2,-0.05
2.25,1.0,65,1,250,short,323,202,121,62.5,-543.1,1619.5,-0.34
2.25,1.0,65,2,250,both,626,401,225,64.1,-772.2,2313.4,-0.33
2.25,1.0,65,2,250,long,310,203,107,65.5,-206.5,1849.0,-0.11
2.25,1.0,65,2,250,short,316,198,118,62.7,-565.7,1584.9,-0.36
2.25,1.0,65,3,250,both,620,400,220,64.5,-621.8,2050.2,-0.3
2.25,1.0,65,3,250,long,307,201,106,65.5,-388.9,1811.5,-0.21
2.25,1.0,65,3,250,short,313,199,114,63.6,-232.9,1472.4,-0.16
2.25,1.0,65,4,250,both,618,399,219,64.6,-527.8,1956.2,-0.27
2.25,1.0,65,4,250,long,306,200,106,65.4,-408.5,1831.1,-0.22
2.25,1.0,65,4,250,short,312,199,113,63.8,-119.3,1364.4,-0.09
2.25,1.0,75,1,250,both,629,402,227,63.9,-139.9,2027.6,-0.07
2.25,1.0,75,1,250,long,309,202,107,65.4,161.6,1612.3,0.1
2.25,1.0,75,1,250,short,320,200,120,62.5,-301.5,1533.0,-0.2
2.25,1.0,75,2,250,both,621,398,223,64.1,-327.9,2141.2,-0.15
2.25,1.0,75,2,250,long,308,201,107,65.3,34.0,1747.2,0.02
2.25,1.0,75,2,250,short,313,197,116,62.9,-361.9,1568.1,-0.23
2.25,1.0,75,3,250,both,615,396,219,64.4,-304.3,2010.7,-0.15
2.25,1.0,75,3,250,long,304,198,106,65.1,-172.7,1771.5,-0.1
2.25,1.0,75,3,250,short,311,198,113,63.7,-131.6,1478.3,-0.09
2.25,1.0,75,4,250,both,614,396,218,64.5,-191.6,1898.0,-0.1
2.25,1.0,75,4,250,long,304,198,106,65.1,-168.0,1766.8,-0.1
2.25,1.0,75,4,250,short,310,198,112,63.9,-23.6,1370.3,-0.02
2.25,1.0,85,1,250,both,625,399,226,63.8,400.4,1599.1,0.25
2.25,1.0,85,1,250,long,306,199,107,65.0,365.8,1531.5,0.24
2.25,1.0,85,1,250,short,319,200,119,62.7,34.6,1482.9,0.02
2.25,1.0,85,2,250,both,616,393,223,63.8,105.9,1769.7,0.06
2.25,1.0,85,2,250,long,304,197,107,64.8,224.1,1666.4,0.13
2.25,1.0,85,2,250,short,312,196,116,62.8,-118.2,1518.0,-0.08
2.25,1.0,85,3,250,both,611,392,219,64.2,153.8,1539.4,0.1
2.25,1.0,85,3,250,long,301,195,106,64.8,41.7,1666.4,0.03
2.25,1.0,85,3,250,short,310,197,113,63.5,112.1,1428.2,0.08
2.25,1.0,85,4,250,both,610,392,218,64.3,301.0,1426.7,0.21
2.25,1.0,85,4,250,long,301,195,106,64.8,46.4,1661.7,0.03
2.25,1.0,85,4,250,short,309,197,112,63.8,254.6,1320.2,0.19
2.25,1.0,95,1,250,both,622,394,228,63.3,820.8,1414.9,0.58
2.25,1.0,95,1,250,long,305,197,108,64.6,573.5,1368.8,0.42
2.25,1.0,95,1,250,short,317,197,120,62.1,247.3,1254.0,0.2
2.25,1.0,95,2,250,both,613,388,225,63.3,526.3,1515.8,0.35
2.25,1.0,95,2,250,long,303,195,108,64.4,431.8,1503.7,0.29
2.25,1.0,95,2,250,short,310,193,117,62.3,94.5,1328.7,0.07
2.25,1.0,95,3,250,both,608,387,221,63.7,566.8,1377.4,0.41
2.25,1.0,95,3,250,long,301,194,107,64.5,333.9,1503.7,0.22
2.25,1.0,95,3,250,short,307,193,114,62.9,232.9,1220.7,0.19
2.25,1.0,95,4,250,both,607,387,220,63.8,714.0,1269.0,0.56
2.25,1.0,95,4,250,long,301,194,107,64.5,338.6,1499.0,0.23
2.25,1.0,95,4,250,short,306,193,113,63.1,375.4,1144.0,0.33
2.25,1.25,55,1,250,both,622,418,204,67.2,-674.2,2190.5,-0.31
2.25,1.25,55,1,250,long,306,212,94,69.3,337.6,1475.9,0.23
2.25,1.25,55,1,250,short,316,206,110,65.2,-1011.8,1965.9,-0.51
2.25,1.25,55,2,250,both,616,414,202,67.2,-798.0,2350.9,-0.34
2.25,1.25,55,2,250,long,305,212,93,69.5,477.9,1335.6,0.36
2.25,1.25,55,2,250,short,311,202,109,65.0,-1275.9,2183.7,-0.58
2.25,1.25,55,3,250,both,610,412,198,67.5,-575.1,2081.0,-0.28
2.25,1.25,55,3,250,long,304,212,92,69.7,432.9,1296.1,0.33
2.25,1.25,55,3,250,short,306,200,106,65.4,-1008.0,2048.8,-0.49
2.25,1.25,55,4,250,both,610,412,198,67.5,-557.2,2063.1,-0.27
2.25,1.25,55,4,250,long,304,212,92,69.7,441.0,1288.0,0.34
2.25,1.25,55,4,250,short,305,199,106,65.2,-1032.8,2073.6,-0.5
2.25,1.25,65,1,250,both,613,407,206,66.4,-482.7,2029.0,-0.24
2.25,1.25,65,1,250,long,300,205,95,68.3,116.1,1536.2,0.08
2.25,1.25,65,1,250,short,313,202,111,64.5,-598.8,1748.3,-0.34
2.25,1.25,65,2,250,both,608,403,205,66.3,-768.8,2322.4,-0.33
2.25,1.25,65,2,250,long,300,205,95,68.3,123.4,1528.9,0.08
2.25,1.25,65,2,250,short,308,198,110,64.3,-892.2,1966.1,-0.45
2.25,1.25,65,3,250,both,602,402,200,66.8,-378.2,1969.3,-0.19
2.25,1.25,65,3,250,long,299,205,94,68.6,76.4,1507.8,0.05
2.25,1.25,65,3,250,short,303,197,106,65.0,-454.6,1661.5,-0.27
2.25,1.25,65,4,250,both,601,401,200,66.7,-396.9,1988.0,-0.2
2.25,1.25,65,4,250,long,298,204,94,68.5,52.1,1532.1,0.03
2.25,1.25,65,4,250,short,302,196,106,64.9,-483.6,1690.5,-0.29
2.25,1.25,75,1,250,both,608,403,205,66.3,-88.3,1912.6,-0.05
2.25,1.25,75,1,250,long,298,203,95,68.1,332.3,1554.3,0.21
2.25,1.25,75,1,250,short,310,200,110,64.5,-420.6,1547.1,-0.27
2.25,1.25,75,2,250,both,603,400,203,66.3,-368.8,2200.4,-0.17
2.25,1.25,75,2,250,long,298,203,95,68.1,339.6,1554.3,0.22
2.25,1.25,75,2,250,short,305,197,108,64.6,-708.4,1789.5,-0.4
2.25,1.25,75,3,250,both,597,398,199,66.7,-130.0,1999.1,-0.07
2.25,1.25,75,3,250,long,296,202,94,68.2,268.3,1578.6,0.17
2.25,1.25,75,3,250,short,301,196,105,65.1,-398.3,1615.7,-0.25
2.25,1.25,75,4,250,both,597,398,199,66.7,-130.0,1999.1,-0.07
2.25,1.25,75,4,250,long,296,202,94,68.2,268.3,1578.6,0.17
2.25,1.25,75,4,250,short,300,195,105,65.0,-432.9,1650.3,-0.26
2.25,1.25,85,1,250,both,604,400,204,66.2,552.7,1408.1,0.39
2.25,1.25,85,1,250,long,295,200,95,67.8,536.5,1500.9,0.36
2.25,1.25,85,1,250,short,309,200,109,64.7,16.2,1494.4,0.01
2.25,1.25,85,2,250,both,598,395,203,66.1,165.7,1782.7,0.09
2.25,1.25,85,2,250,long,294,199,95,67.7,529.7,1500.9,0.35
2.25,1.25,85,2,250,short,304,196,108,64.5,-364.0,1677.6,-0.22
2.25,1.25,85,3,250,both,593,394,199,66.4,428.8,1472.6,0.29
2.25,1.25,85,3,250,long,293,199,94,67.9,482.7,1500.9,0.32
2.25,1.25,85,3,250,short,300,195,105,65.0,-53.9,1563.0,-0.03
2.25,1.25,85,4,250,both,593,394,199,66.4,463.3,1472.6,0.31
2.25,1.25,85,4,250,long,293,199,94,67.9,482.7,1500.9,0.32
2.25,1.25,85,4,250,short,299,195,104,65.2,-12.1,1555.7,-0.01
2.25,1.25,95,1,250,both,599,392,207,65.4,635.0,1560.1,0.41
2.25,1.25,95,1,250,long,293,196,97,66.9,507.3,1575.1,0.32
2.25,1.25,95,1,250,short,306,196,110,64.1,127.7,1372.9,0.09
2.25,1.25,95,2,250,both,593,387,206,65.3,248.0,1866.9,0.13
2.25,1.25,95,2,250,long,292,195,97,66.8,500.5,1575.1,0.32
2.25,1.25,95,2,250,short,301,192,109,63.8,-252.5,1479.4,-0.17
2.25,1.25,95,3,250,both,590,388,202,65.8,671.8,1480.6,0.45
2.25,1.25,95,3,250,long,292,196,96,67.1,538.0,1575.1,0.34
2.25,1.25,95,3,250,short,298,192,106,64.4,133.8,1441.5,0.09
2.25,1.25,95,4,250,both,590,388,202,65.8,706.3,1480.6,0.48
2.25,1.25,95,4,250,long,292,196,96,67.1,538.0,1575.1,0.34
2.25,1.25,95,4,250,short,297,192,105,64.6,175.6,1434.2,0.12
2.25,1.5,55,1,250,both,616,419,197,68.0,-1734.0,3346.6,-0.52
2.25,1.5,55,1,250,long,305,215,90,70.5,103.2,1739.6,0.06
2.25,1.5,55,1,250,short,311,204,107,65.6,-1837.2,2844.2,-0.65
2.25,1.5,55,2,250,both,610,417,193,68.4,-1585.6,3244.5,-0.49
2.25,1.5,55,2,250,long,304,215,89,70.7,268.5,1574.3,0.17
2.25,1.5,55,2,250,short,306,202,104,66.0,-1854.1,2830.5,-0.66
2.25,1.5,55,3,250,both,606,416,190,68.6,-1275.0,2900.8,-0.44
2.25,1.5,55,3,250,long,302,214,88,70.9,261.2,1426.5,0.18
2.25,1.5,55,3,250,short,304,202,102,66.4,-1536.2,2512.6,-0.61
2.25,1.5,55,4,250,both,605,415,190,68.6,-1306.6,2932.4,-0.45
2.25,1.5,55,4,250,long,302,214,88,70.9,269.3,1418.4,0.19
2.25,1.5,55,4,250,short,303,201,102,66.3,-1575.9,2552.3,-0.62
2.25,1.5,65,1,250,both,607,409,198,67.4,-1326.2,3066.2,-0.43
2.25,1.5,65,1,250,long,299,208,91,69.6,-0.3,1807.6,-0.0
2.25,1.5,65,1,250,short,308,201,107,65.3,-1325.9,2455.5,-0.54
2.25,1.5,65,2,250,both,602,407,195,67.6,-1365.1,3122.1,-0.44
2.25,1.5,65,2,250,long,299,208,91,69.6,7.0,1807.6,0.0
2.25,1.5,65,2,250,short,303,199,104,65.7,-1372.1,2435.8,-0.56
2.25,1.5,65,3,250,both,598,406,192,67.9,-1057.9,2781.8,-0.38
2.25,1.5,65,3,250,long,297,207,90,69.7,-2.3,1699.3,-0.0
2.25,1.5,65,3,250,short,301,199,102,66.1,-1055.6,2119.3,-0.5
2.25,1.5,65,4,250,both,596,404,192,67.8,-1126.1,2850.0,-0.4
2.25,1.5,65,4,250,long,296,206,90,69.6,-26.6,1723.6,-0.02
2.25,1.5,65,4,250,short,300,198,102,66.0,-1099.5,2163.2,-0.51
2.25,1.5,75,1,250,both,602,406,196,67.4,-714.2,2718.7,-0.26
2.25,1.5,75,1,250,long,297,207,90,69.7,328.5,1741.5,0.19
2.25,1.5,75,1,250,short,305,199,106,65.2,-1042.7,2235.7,-0.47
2.25,1.5,75,2,250,both,597,405,192,67.8,-727.4,2748.9,-0.26
2.25,1.5,75,2,250,long,297,207,90,69.7,335.8,1741.5,0.19
2.25,1.5,75,2,250,short,300,198,102,66.0,-1063.2,2229.9,-0.48
2.25,1.5,75,3,250,both,592,402,190,67.9,-652.5,2640.9,-0.25
2.25,1.5,75,3,250,long,294,205,89,69.7,302.2,1657.5,0.18
2.25,1.5,75,3,250,short,298,197,101,66.1,-954.7,2121.4,-0.45
2.25,1.5,75,4,250,both,592,402,190,67.9,-652.5,2640.9,-0.25
2.25,1.5,75,4,250,long,294,205,89,69.7,302.2,1657.5,0.18
2.25,1.5,75,4,250,short,298,197,101,66.1,-954.7,2121.4,-0.45
2.25,1.5,85,1,250,both,598,403,195,67.4,-73.2,2279.7,-0.03
2.25,1.5,85,1,250,long,294,204,90,69.4,532.7,1670.0,0.32
2.25,1.5,85,1,250,short,304,199,105,65.5,-605.9,2123.8,-0.29
2.25,1.5,85,2,250,both,592,400,192,67.6,-192.9,2273.9,-0.08
2.25,1.5,85,2,250,long,293,203,90,69.3,525.9,1670.0,0.31
2.25,1.5,85,2,250,short,299,197,102,65.9,-718.8,2118.0,-0.34
2.25,1.5,85,3,250,both,588,398,190,67.7,-93.7,2141.6,-0.04
2.25,1.5,85,3,250,long,291,202,89,69.4,516.6,1561.7,0.33
2.25,1.5,85,3,250,short,297,196,101,66.0,-610.3,2009.5,-0.3
2.25,1.5,85,4,250,both,588,398,190,67.7,-59.2,2141.6,-0.03
2.25,1.5,85,4,250,long,291,202,89,69.4,516.6,1561.7,0.33
2.25,1.5,85,4,250,short,297,196,101,66.0,-575.8,2009.5,-0.29
2.25,1.5,95,1,250,both,593,395,198,66.6,216.5,2054.3,0.11
2.25,1.5,95,1,250,long,292,200,92,68.5,715.6,1532.1,0.47
2.25,1.5,95,1,250,short,301,195,106,64.8,-499.1,1904.5,-0.26
2.25,1.5,95,2,250,both,587,392,195,66.8,90.8,2054.5,0.04
2.25,1.5,95,2,250,long,291,199,92,68.4,708.8,1532.1,0.46
2.25,1.5,95,2,250,short,296,193,103,65.2,-618.0,1904.7,-0.32
2.25,1.5,95,3,250,both,585,392,193,67.0,215.7,1896.5,0.11
2.25,1.5,95,3,250,long,290,199,91,68.6,675.7,1532.1,0.44
2.25,1.5,95,3,250,short,295,193,102,65.4,-460.0,1746.7,-0.26
2.25,1.5,95,4,250,both,585,392,193,67.0,250.2,1896.5,0.13
2.25,1.5,95,4,250,long,290,199,91,68.6,675.7,1532.1,0.44
2.25,1.5,95,4,250,short,295,193,102,65.4,-425.5,1746.7,-0.24
2.25,2.0,55,1,250,both,608,422,186,69.4,-1832.3,3171.0,-0.58
2.25,2.0,55,1,250,long,302,217,85,71.9,-401.0,2183.6,-0.18
2.25,2.0,55,1,250,short,306,205,101,67.0,-1431.3,2471.4,-0.58
2.25,2.0,55,2,250,both,602,418,184,69.4,-1870.4,3245.7,-0.58
2.25,2.0,55,2,250,long,301,217,84,72.1,-175.2,1957.8,-0.09
2.25,2.0,55,2,250,short,301,201,100,66.8,-1695.2,2689.0,-0.63
2.25,2.0,55,3,250,both,598,417,181,69.7,-1553.0,2895.2,-0.54
2.25,2.0,55,3,250,long,299,216,83,72.2,-269.7,1897.2,-0.14
2.25,2.0,55,3,250,short,299,201,98,67.2,-1283.3,2277.1,-0.56
2.25,2.0,55,4,250,both,598,417,181,69.7,-1535.1,2877.3,-0.53
2.25,2.0,55,4,250,long,299,216,83,72.2,-261.6,1889.1,-0.14
2.25,2.0,55,4,250,short,299,201,98,67.2,-1273.5,2267.3,-0.56
2.25,2.0,65,1,250,both,599,412,187,68.8,-1424.5,2916.6,-0.49
2.25,2.0,65,1,250,long,296,210,86,70.9,-504.5,2243.9,-0.22
2.25,2.0,65,1,250,short,303,202,101,66.7,-920.0,2082.7,-0.44
2.25,2.0,65,2,250,both,594,408,186,68.7,-1699.9,3173.3,-0.54
2.25,2.0,65,2,250,long,296,210,86,70.9,-486.7,2226.1,-0.22
2.25,2.0,65,2,250,short,298,198,100,66.4,-1213.2,2300.3,-0.53
2.25,2.0,65,3,250,both,590,407,183,69.0,-1385.9,2826.2,-0.49
2.25,2.0,65,3,250,long,294,209,85,71.1,-583.2,2167.5,-0.27
2.25,2.0,65,3,250,short,296,198,98,66.9,-802.7,1889.8,-0.42
2.25,2.0,65,4,250,both,589,406,183,68.9,-1404.6,2845.3,-0.49
2.25,2.0,65,4,250,long,293,208,85,71.0,-607.5,2191.8,-0.28
2.25,2.0,65,4,250,short,296,198,98,66.9,-797.1,1884.2,-0.42
2.25,2.0,75,1,250,both,594,409,185,68.9,-871.7,2579.3,-0.34
2.25,2.0,75,1,250,long,294,209,85,71.1,-225.7,2080.4,-0.11
2.25,2.0,75,1,250,short,300,200,100,66.7,-646.0,1872.1,-0.35
2.25,2.0,75,2,250,both,589,406,183,68.9,-1066.5,2781.4,-0.38
2.25,2.0,75,2,250,long,294,209,85,71.1,-207.9,2062.6,-0.1
2.25,2.0,75,2,250,short,295,197,98,66.8,-858.6,2048.7,-0.42
2.25,2.0,75,3,250,both,585,404,181,69.1,-979.3,2661.1,-0.37
2.25,2.0,75,3,250,long,291,207,84,71.1,-328.7,2028.3,-0.16
2.25,2.0,75,3,250,short,294,197,97,67.0,-650.6,1840.7,-0.35
2.25,2.0,75,4,250,both,585,404,181,69.1,-979.3,2661.1,-0.37
2.25,2.0,75,4,250,long,291,207,84,71.1,-328.7,2028.3,-0.16
2.25,2.0,75,4,250,short,294,197,97,67.0,-650.6,1840.7,-0.35
2.25,2.0,85,1,250,both,590,406,184,68.8,-230.7,2409.1,-0.1
2.25,2.0,85,1,250,long,291,206,85,70.8,-21.5,1983.3,-0.01
2.25,2.0,85,1,250,short,299,200,99,66.9,-209.2,1826.4,-0.11
2.25,2.0,85,2,250,both,584,401,183,68.7,-532.0,2384.6,-0.22
2.25,2.0,85,2,250,long,290,205,85,70.7,-17.8,1979.6,-0.01
2.25,2.0,85,2,250,short,294,196,98,66.7,-514.2,1908.8,-0.27
2.25,2.0,85,3,250,both,581,400,181,68.8,-420.5,2240.0,-0.19
2.25,2.0,85,3,250,long,288,204,84,70.8,-114.3,1921.0,-0.06
2.25,2.0,85,3,250,short,293,196,97,66.9,-306.2,1700.8,-0.18
2.25,2.0,85,4,250,both,581,400,181,68.8,-386.0,2240.0,-0.17
2.25,2.0,85,4,250,long,288,204,84,70.8,-114.3,1921.0,-0.06
2.25,2.0,85,4,250,short,293,196,97,66.9,-271.7,1700.8,-0.16
2.25,2.0,95,1,250,both,586,399,187,68.1,64.9,2484.6,0.03
2.25,2.0,95,1,250,long,289,202,87,69.9,161.4,1759.4,0.09
2.25,2.0,95,1,250,short,297,197,100,66.3,-96.5,1771.6,-0.05
2.25,2.0,95,2,250,both,580,394,186,67.9,-246.9,2345.0,-0.11
2.25,2.0,95,2,250,long,288,201,87,69.8,154.6,1766.2,0.09
2.25,2.0,95,2,250,short,292,193,99,66.1,-401.5,1669.4,-0.24
2.25,2.0,95,3,250,both,578,394,184,68.2,-72.0,2345.0,-0.03
2.25,2.0,95,3,250,long,287,201,86,70.0,121.5,1728.7,0.07
2.25,2.0,95,3,250,short,291,193,98,66.3,-193.5,1632.0,-0.12
2.25,2.0,95,4,250,both,578,394,184,68.2,-37.5,2345.0,-0.02
2.25,2.0,95,4,250,long,287,201,86,70.0,121.5,1728.7,0.07
2.25,2.0,95,4,250,short,291,193,98,66.3,-159.0,1632.0,-0.1
2.25,0.5,55,1,300,both,697,356,341,51.1,-2318.7,3203.5,-0.72
2.25,0.5,55,1,300,long,343,176,167,51.3,-1064.7,2420.1,-0.44
2.25,0.5,55,1,300,short,354,180,174,50.8,-1254.0,1821.5,-0.69
2.25,0.5,55,2,300,both,675,353,322,52.3,-1405.5,2488.3,-0.56
2.25,0.5,55,2,300,long,336,179,157,53.3,-199.3,1868.2,-0.11
2.25,0.5,55,2,300,short,339,174,165,51.3,-1206.2,1916.6,-0.63
2.25,0.5,55,3,300,both,657,348,309,53.0,-1146.1,2166.9,-0.53
2.25,0.5,55,3,300,long,327,173,154,52.9,-560.0,1978.5,-0.28
2.25,0.5,55,3,300,short,330,175,155,53.0,-586.1,1219.4,-0.48
2.25,0.5,55,4,300,both,651,345,306,53.0,-1199.4,2105.0,-0.57
2.25,0.5,55,4,300,long,324,171,153,52.8,-708.7,1912.4,-0.37
2.25,0.5,55,4,300,short,327,174,153,53.2,-490.7,1200.2,-0.41
2.25,0.5,65,1,300,both,690,343,347,49.7,-2587.4,3472.2,-0.75
2.25,0.5,65,1,300,long,339,168,171,49.6,-1404.2,2594.4,-0.54
2.25,0.5,65,1,300,short,351,175,176,49.9,-1183.2,1793.7,-0.66
2.25,0.5,65,2,300,both,669,340,329,50.8,-1733.1,2722.6,-0.64
2.25,0.5,65,2,300,long,333,171,162,51.4,-610.1,2100.5,-0.29
2.25,0.5,65,2,300,short,336,169,167,50.3,-1123.0,1701.0,-0.66
2.25,0.5,65,3,300,both,650,334,316,51.4,-1532.0,2368.7,-0.65
2.25,0.5,65,3,300,long,324,165,159,50.9,-972.8,2212.8,-0.44
2.25,0.5,65,3,300,short,326,169,157,51.8,-559.2,1212.7,-0.46
2.25,0.5,65,4,300,both,644,332,312,51.6,-1443.5,2247.5,-0.64
2.25,0.5,65,4,300,long,321,164,157,51.1,-975.5,2080.6,-0.47
2.25,0.5,65,4,300,short,323,168,155,52.0,-468.0,1198.0,-0.39
2.25,0.5,75,1,300,both,687,340,347,49.5,-2074.2,3030.0,-0.68
2.25,0.5,75,1,300,long,338,166,172,49.1,-1218.7,2360.0,-0.52
2.25,0.5,75,1,300,short,349,174,175,49.9,-855.5,1508.1,-0.57
2.25,0.5,75,2,300,both,666,337,329,50.6,-1487.4,2617.1,-0.57
2.25,0.5,75,2,300,long,332,169,163,50.9,-424.6,1866.1,-0.23
2.25,0.5,75,2,300,short,334,168,166,50.3,-1062.8,1698.6,-0.63
2.25,0.5,75,3,300,both,648,331,317,51.1,-1344.3,2382.6,-0.56
2.25,0.5,75,3,300,long,323,163,160,50.5,-787.3,1978.4,-0.4
2.25,0.5,75,3,300,short,325,168,157,51.7,-557.0,1174.3,-0.47
2.25,0.5,75,4,300,both,642,329,313,51.2,-1255.8,2252.6,-0.56
2.25,0.5,75,4,300,long,320,162,158,50.6,-790.0,1846.2,-0.43
2.25,0.5,75,4,300,short,322,167,155,51.9,-465.8,1159.6,-0.4
2.25,0.5,85,1,300,both,685,335,350,48.9,-1709.9,2715.6,-0.63
2.25,0.5,85,1,300,long,337,164,173,48.7,-1036.5,2284.9,-0.45
2.25,0.5,85,1,300,short,348,171,177,49.1,-673.4,1341.2,-0.5
2.25,0.5,85,2,300,both,663,332,331,50.1,-1065.1,2274.1,-0.47
2.25,0.5,85,2,300,long,330,167,163,50.6,-184.4,1754.3,-0.11
2.25,0.5,85,2,300,short,333,165,168,49.5,-880.7,1531.7,-0.57
2.25,0.5,85,3,300,both,645,326,319,50.5,-922.0,2010.9,-0.46
2.25,0.5,85,3,300,long,321,161,160,50.2,-547.1,1904.1,-0.29
2.25,0.5,85,3,300,short,324,165,159,50.9,-374.9,1266.9,-0.3
2.25,0.5,85,4,300,both,639,325,314,50.9,-783.6,1949.1,-0.4
2.25,0.5,85,4,300,long,318,160,158,50.3,-549.8,1771.9,-0.31
2.25,0.5,85,4,300,short,321,165,156,51.4,-233.8,1208.9,-0.19
2.25,0.5,95,1,300,both,681,328,353,48.2,-1252.1,2326.3,-0.54
2.25,0.5,95,1,300,long,336,161,175,47.9,-847.3,1934.5,-0.44
2.25,0.5,95,1,300,short,345,167,178,48.4,-404.8,1115.3,-0.36
2.25,0.5,95,2,300,both,660,327,333,49.5,-481.9,1845.4,-0.26
2.25,0.5,95,2,300,long,329,164,165,49.8,4.8,1489.9,0.0
2.25,0.5,95,2,300,short,331,163,168,49.2,-486.7,1223.2,-0.4
2.25,0.5,95,3,300,both,642,321,321,50.0,-454.3,1724.9,-0.26
2.25,0.5,95,3,300,long,321,159,162,49.5,-320.0,1686.3,-0.19
2.25,0.5,95,3,300,short,321,162,159,50.5,-134.3,1095.1,-0.12
2.25,0.5,95,4,300,both,636,320,316,50.3,-315.9,1663.1,-0.19
2.25,0.5,95,4,300,long,318,158,160,49.7,-322.7,1554.1,-0.21
2.25,0.5,95,4,300,short,318,162,156,50.9,6.8,1037.1,0.01
2.25,0.75,55,1,300,both,664,399,265,60.1,-1014.1,2260.4,-0.45
2.25,0.75,55,1,300,long,324,199,125,61.4,-118.8,1716.4,-0.07
2.25,0.75,55,1,300,short,340,200,140,58.8,-895.3,2084.6,-0.43
2.25,0.75,55,2,300,both,645,389,256,60.3,-917.3,2285.3,-0.4
2.25,0.75,55,2,300,long,319,197,122,61.8,108.5,1420.1,0.08
2.25,0.75,55,2,300,short,326,192,134,58.9,-1025.8,2141.6,-0.48
2.25,0.75,55,3,300,both,634,384,250,60.6,-1109.2,2390.8,-0.46
2.25,0.75,55,3,300,long,314,194,120,61.8,-228.0,1562.6,-0.15
2.25,0.75,55,3,300,short,320,190,130,59.4,-881.2,2021.3,-0.44
2.25,0.75,55,4,300,both,631,383,248,60.7,-948.6,2275.1,-0.42
2.25,0.75,55,4,300,long,312,193,119,61.9,-154.6,1451.1,-0.11
2.25,0.75,55,4,300,short,319,190,129,59.6,-794.0,2017.1,-0.39
2.25,0.75,65,1,300,both,657,388,269,59.1,-1087.6,2378.3,-0.46
2.25,0.75,65,1,300,long,320,192,128,60.0,-393.6,1894.8,-0.21
2.25,0.75,65,1,300,short,337,196,141,58.2,-694.0,2040.0,-0.34
2.25,0.75,65,2,300,both,638,377,261,59.1,-1139.6,2520.6,-0.45
2.25,0.75,65,2,300,long,316,190,126,60.1,-249.3,1681.5,-0.15
2.25,0.75,65,2,300,short,322,187,135,58.1,-890.3,2151.9,-0.41
2.25,0.75,65,3,300,both,627,372,255,59.3,-1334.9,2708.7,-0.49
2.25,0.75,65,3,300,long,311,187,124,60.1,-587.8,1826.0,-0.32
2.25,0.75,65,3,300,short,316,185,131,58.5,-747.1,2033.0,-0.37
2.25,0.75,65,4,300,both,624,371,253,59.5,-1186.6,2605.3,-0.46
2.25,0.75,65,4,300,long,309,186,123,60.2,-522.5,1722.6,-0.3
2.25,0.75,65,4,300,short,315,185,130,58.7,-664.1,2033.0,-0.33
2.25,0.75,75,1,300,both,653,383,270,58.7,-836.8,2239.3,-0.37
2.25,0.75,75,1,300,long,318,189,129,59.4,-294.3,1832.0,-0.16
2.25,0.75,75,1,300,short,335,194,141,57.9,-542.5,1763.5,-0.31
2.25,0.75,75,2,300,both,634,373,261,58.8,-960.8,2453.6,-0.39
2.25,0.75,75,2,300,long,314,187,127,59.6,-150.0,1618.7,-0.09
2.25,0.75,75,2,300,short,320,186,134,58.1,-810.8,1968.6,-0.41
2.25,0.75,75,3,300,both,624,368,256,59.0,-1239.1,2724.7,-0.45
2.25,0.75,75,3,300,long,309,184,125,59.5,-488.5,1763.2,-0.28
2.25,0.75,75,3,300,short,315,184,131,58.4,-750.6,1932.7,-0.39
2.25,0.75,75,4,300,both,621,367,254,59.1,-1090.8,2621.3,-0.42
2.25,0.75,75,4,300,long,307,183,124,59.6,-423.2,1659.8,-0.25
2.25,0.75,75,4,300,short,314,184,130,58.6,-667.6,1932.7,-0.35
2.25,0.75,85,1,300,both,650,380,270,58.5,-345.5,1735.8,-0.2
2.25,0.75,85,1,300,long,316,187,129,59.2,-65.8,1683.2,-0.04
2.25,0.75,85,1,300,short,334,193,141,57.8,-279.7,1678.9,-0.17
2.25,0.75,85,2,300,both,630,369,261,58.6,-478.9,2102.1,-0.23
2.25,0.75,85,2,300,long,311,185,126,59.5,161.5,1429.3,0.11
2.25,0.75,85,2,300,short,319,184,135,57.7,-640.4,1884.0,-0.34
2.25,0.75,85,3,300,both,620,364,256,58.7,-757.2,2169.3,-0.35
2.25,0.75,85,3,300,long,306,182,124,59.5,-177.0,1611.3,-0.11
2.25,0.75,85,3,300,short,314,182,132,58.0,-580.2,1848.1,-0.31
2.25,0.75,85,4,300,both,617,363,254,58.8,-574.4,2075.1,-0.28
2.25,0.75,85,4,300,long,304,181,123,59.5,-111.7,1507.9,-0.07
2.25,0.75,85,4,300,short,313,182,131,58.1,-462.7,1822.7,-0.25
2.25,0.75,95,1,300,both,646,374,272,57.9,109.4,1599.5,0.07
2.25,0.75,95,1,300,long,315,185,130,58.7,166.9,1476.6,0.11
2.25,0.75,95,1,300,short,331,189,142,57.1,-57.5,1419.2,-0.04
2.25,0.75,95,2,300,both,627,364,263,58.1,-29.6,1876.2,-0.02
2.25,0.75,95,2,300,long,310,183,127,59.0,394.2,1241.6,0.32
2.25,0.75,95,2,300,short,317,181,136,57.1,-423.8,1629.9,-0.26
2.25,0.75,95,3,300,both,617,359,258,58.2,-315.3,2014.1,-0.16
2.25,0.75,95,3,300,long,306,181,125,59.2,140.2,1423.6,0.1
2.25,0.75,95,3,300,short,311,178,133,57.2,-455.5,1685.9,-0.27
2.25,0.75,95,4,300,both,614,358,256,58.3,-132.5,1931.1,-0.07
2.25,0.75,95,4,300,long,304,180,124,59.2,205.5,1320.2,0.16
2.25,0.75,95,4,300,short,310,178,132,57.4,-338.0,1660.5,-0.2
2.25,1.0,55,1,300,both,637,408,229,64.1,-1228.2,2863.7,-0.43
2.25,1.0,55,1,300,long,314,207,107,65.9,-153.0,2070.6,-0.07
2.25,1.0,55,1,300,short,323,201,122,62.2,-1075.2,2118.2,-0.51
2.25,1.0,55,2,300,both,626,404,222,64.5,-843.6,2515.7,-0.34
2.25,1.0,55,2,300,long,312,206,106,66.0,-172.6,1955.3,-0.09
2.25,1.0,55,2,300,short,314,198,116,63.1,-671.0,1805.2,-0.37
2.25,1.0,55,3,300,both,619,401,218,64.8,-959.4,2449.1,-0.39
2.25,1.0,55,3,300,long,309,204,105,66.0,-353.0,1915.8,-0.18
2.25,1.0,55,3,300,short,310,197,113,63.5,-606.4,1688.5,-0.36
2.25,1.0,55,4,300,both,618,399,219,64.6,-1207.3,2697.0,-0.45
2.25,1.0,55,4,300,long,308,203,105,65.9,-464.6,1903.0,-0.24
2.25,1.0,55,4,300,short,310,196,114,63.2,-742.7,1824.8,-0.41
2.25,1.0,65,1,300,both,630,400,230,63.5,-1025.3,2669.2,-0.38
2.25,1.0,65,1,300,long,310,202,108,65.2,-310.1,1959.1,-0.16
2.25,1.0,65,1,300,short,320,198,122,61.9,-715.2,1876.9,-0.38
2.25,1.0,65,2,300,both,620,395,225,63.7,-944.5,2595.7,-0.36
2.25,1.0,65,2,300,long,309,201,108,65.0,-437.7,1972.2,-0.22
2.25,1.0,65,2,300,short,311,194,117,62.4,-506.8,1734.3,-0.29
2.25,1.0,65,3,300,both,613,392,221,63.9,-1063.7,2532.5,-0.42
2.25,1.0,65,3,300,long,306,199,107,65.0,-620.1,1934.7,-0.32
2.25,1.0,65,3,300,short,307,193,114,62.9,-443.6,1619.0,-0.27
2.25,1.0,65,4,300,both,612,391,221,63.9,-1177.8,2646.6,-0.45
2.25,1.0,65,4,300,long,305,198,107,64.9,-739.8,2054.4,-0.36
2.25,1.0,65,4,300,short,307,193,114,62.9,-438.0,1613.4,-0.27
2.25,1.0,75,1,300,both,626,396,230,63.3,-607.3,2497.6,-0.24
2.25,1.0,75,1,300,long,308,199,109,64.6,-139.6,1789.4,-0.08
2.25,1.0,75,1,300,short,318,197,121,61.9,-467.7,1660.4,-0.28
2.25,1.0,75,2,300,both,616,392,224,63.6,-564.3,2423.5,-0.23
2.25,1.0,75,2,300,long,307,198,109,64.5,-267.2,1917.0,-0.14
2.25,1.0,75,2,300,short,309,194,115,62.8,-297.1,1576.8,-0.19
2.25,1.0,75,3,300,both,610,389,221,63.8,-786.0,2462.8,-0.32
2.25,1.0,75,3,300,long,304,196,108,64.5,-449.6,1879.5,-0.24
2.25,1.0,75,3,300,short,306,193,113,63.1,-336.4,1564.0,-0.22
2.25,1.0,75,4,300,both,609,388,221,63.7,-905.7,2582.5,-0.35
2.25,1.0,75,4,300,long,303,195,108,64.4,-569.3,1999.2,-0.28
2.25,1.0,75,4,300,short,306,193,113,63.1,-336.4,1564.0,-0.22
2.25,1.0,85,1,300,both,623,393,230,63.1,-166.0,2044.8,-0.08
2.25,1.0,85,1,300,long,306,197,109,64.4,88.9,1640.6,0.05
2.25,1.0,85,1,300,short,317,196,121,61.8,-254.9,1575.4,-0.16
2.25,1.0,85,2,300,both,612,387,225,63.2,-229.5,2027.7,-0.11
2.25,1.0,85,2,300,long,304,195,109,64.1,-52.8,1782.3,-0.03
2.25,1.0,85,2,300,short,308,192,116,62.3,-176.7,1491.8,-0.12
2.25,1.0,85,3,300,both,606,384,222,63.4,-451.2,2067.0,-0.22
2.25,1.0,85,3,300,long,301,193,108,64.1,-235.2,1744.8,-0.13
2.25,1.0,85,3,300,short,305,191,114,62.6,-216.0,1479.0,-0.15
2.25,1.0,85,4,300,both,605,383,222,63.3,-536.4,2186.7,-0.25
2.25,1.0,85,4,300,long,300,192,108,64.0,-354.9,1864.5,-0.19
2.25,1.0,85,4,300,short,305,191,114,62.6,-181.5,1479.0,-0.12
2.25,1.0,95,1,300,both,620,388,232,62.6,233.3,1920.0,0.12
2.25,1.0,95,1,300,long,305,195,110,63.9,296.6,1433.6,0.21
2.25,1.0,95,1,300,short,315,193,122,61.3,-63.3,1321.3,-0.05
2.25,1.0,95,2,300,both,609,382,227,62.7,169.8,1773.8,0.1
2.25,1.0,95,2,300,long,303,193,110,63.7,154.9,1568.5,0.1
2.25,1.0,95,2,300,short,306,189,117,61.8,14.9,1307.4,0.01
2.25,1.0,95,3,300,both,603,379,224,62.9,-59.3,1905.0,-0.03
2.25,1.0,95,3,300,long,301,192,109,63.8,57.0,1568.5,0.04
2.25,1.0,95,3,300,short,302,187,115,61.9,-116.3,1326.2,-0.09
2.25,1.0,95,4,300,both,602,378,224,62.8,-144.5,2024.7,-0.07
2.25,1.0,95,4,300,long,300,191,109,63.7,-62.7,1688.2,-0.04
2.25,1.0,95,4,300,short,302,187,115,61.9,-81.8,1326.2,-0.06
2.25,1.25,55,1,300,both,612,410,202,67.0,-819.0,2447.9,-0.33
2.25,1.25,55,1,300,long,303,209,94,69.0,85.9,1572.4,0.05
2.25,1.25,55,1,300,short,309,201,108,65.0,-904.9,2031.4,-0.45
2.25,1.25,55,2,300,both,604,405,199,67.1,-937.7,2603.2,-0.36
2.25,1.25,55,2,300,long,302,209,93,69.2,226.2,1432.1,0.16
2.25,1.25,55,2,300,short,302,196,106,64.9,-1163.9,2216.0,-0.53
2.25,1.25,55,3,300,both,600,403,197,67.2,-862.1,2480.6,-0.35
2.25,1.25,55,3,300,long,301,209,92,69.4,181.2,1392.6,0.13
2.25,1.25,55,3,300,short,299,194,105,64.9,-1043.3,2214.1,-0.47
2.25,1.25,55,4,300,both,600,403,197,67.2,-844.2,2462.7,-0.34
2.25,1.25,55,4,300,long,301,209,92,69.4,189.3,1384.5,0.14
2.25,1.25,55,4,300,short,298,193,105,64.8,-1068.1,2238.9,-0.48
2.25,1.25,65,1,300,both,604,400,204,66.2,-612.8,2226.4,-0.28
2.25,1.25,65,1,300,long,298,203,95,68.1,-111.0,1630.3,-0.07
2.25,1.25,65,1,300,short,306,197,109,64.4,-501.8,1823.7,-0.28
2.25,1.25,65,2,300,both,597,395,202,66.2,-893.8,2514.7,-0.36
2.25,1.25,65,2,300,long,298,203,95,68.1,-103.7,1623.0,-0.06
2.25,1.25,65,2,300,short,299,192,107,64.2,-790.1,2008.3,-0.39
2.25,1.25,65,3,300,both,593,394,199,66.4,-650.5,2224.4,-0.29
2.25,1.25,65,3,300,long,297,203,94,68.4,-150.7,1585.5,-0.1
2.25,1.25,65,3,300,short,296,191,105,64.5,-499.8,1836.7,-0.27
2.25,1.25,65,4,300,both,593,394,199,66.4,-644.9,2218.8,-0.29
2.25,1.25,65,4,300,long,297,203,94,68.4,-150.7,1585.5,-0.1
2.25,1.25,65,4,300,short,295,190,105,64.4,-528.8,1865.7,-0.28
2.25,1.25,75,1,300,both,600,396,204,66.0,-282.5,2104.1,-0.13
2.25,1.25,75,1,300,long,296,200,96,67.6,35.2,1614.3,0.02
2.25,1.25,75,1,300,short,304,196,108,64.5,-317.7,1607.2,-0.2
2.25,1.25,75,2,300,both,593,392,201,66.1,-557.9,2386.8,-0.23
2.25,1.25,75,2,300,long,296,200,96,67.6,42.5,1614.3,0.03
2.25,1.25,75,2,300,short,297,192,105,64.6,-600.4,1825.8,-0.33
2.25,1.25,75,3,300,both,590,391,199,66.3,-442.1,2224.0,-0.2
2.25,1.25,75,3,300,long,295,200,95,67.8,-4.5,1614.3,-0.0
2.25,1.25,75,3,300,short,295,191,104,64.7,-437.6,1781.7,-0.25
2.25,1.25,75,4,300,both,590,391,199,66.3,-442.1,2224.0,-0.2
2.25,1.25,75,4,300,long,295,200,95,67.8,-4.5,1614.3,-0.0
2.25,1.25,75,4,300,short,294,190,104,64.6,-472.2,1816.3,-0.26
2.25,1.25,85,1,300,both,597,393,204,65.8,314.5,1679.2,0.19
2.25,1.25,85,1,300,long,294,198,96,67.3,263.7,1536.6,0.17
2.25,1.25,85,1,300,short,303,195,108,64.4,50.8,1495.3,0.03
2.25,1.25,85,2,300,both,589,387,202,65.7,-67.4,2018.4,-0.03
2.25,1.25,85,2,300,long,293,197,96,67.2,256.9,1536.6,0.17
2.25,1.25,85,2,300,short,296,190,106,64.2,-324.3,1713.9,-0.19
2.25,1.25,85,3,300,both,586,386,200,65.9,48.4,1855.6,0.03
2.25,1.25,85,3,300,long,292,197,95,67.5,209.9,1536.6,0.14
2.25,1.25,85,3,300,short,294,189,105,64.3,-161.5,1669.8,-0.1
2.25,1.25,85,4,300,both,586,386,200,65.9,82.9,1855.6,0.04
2.25,1.25,85,4,300,long,292,197,95,67.5,209.9,1536.6,0.14
2.25,1.25,85,4,300,short,293,189,104,64.5,-119.7,1662.5,-0.07
2.25,1.25,95,1,300,both,593,386,207,65.1,422.9,1720.0,0.25
2.25,1.25,95,1,300,long,293,195,98,66.6,281.7,1563.6,0.18
2.25,1.25,95,1,300,short,300,191,109,63.7,141.2,1317.4,0.11
2.25,1.25,95,2,300,both,585,380,205,65.0,41.0,2055.4,0.02
2.25,1.25,95,2,300,long,292,194,98,66.4,274.9,1563.6,0.18
2.25,1.25,95,2,300,short,293,186,107,63.5,-233.9,1536.0,-0.15
2.25,1.25,95,3,300,both,584,381,203,65.2,317.5,1816.4,0.17
2.25,1.25,95,3,300,long,292,195,97,66.8,312.4,1563.6,0.2
2.25,1.25,95,3,300,short,292,186,106,63.7,5.1,1415.7,0.0
2.25,1.25,95,4,300,both,584,381,203,65.2,352.0,1816.4,0.19
2.25,1.25,95,4,300,long,292,195,97,66.8,312.4,1563.6,0.2
2.25,1.25,95,4,300,short,291,186,105,63.9,46.9,1408.4,0.03
2.25,1.5,55,1,300,both,606,410,196,67.7,-1906.3,3558.9,-0.54
2.25,1.5,55,1,300,long,302,212,90,70.2,-134.6,1968.0,-0.07
2.25,1.5,55,1,300,short,304,198,106,65.1,-1771.7,2908.7,-0.61
2.25,1.5,55,2,300,both,599,408,191,68.1,-1700.7,3399.6,-0.5
2.25,1.5,55,2,300,long,301,212,89,70.4,30.7,1802.7,0.02
2.25,1.5,55,2,300,short,298,196,102,65.8,-1731.4,2837.8,-0.61
2.25,1.5,55,3,300,both,595,408,187,68.6,-1337.8,2987.1,-0.45
2.25,1.5,55,3,300,long,299,211,88,70.6,23.4,1654.9,0.01
2.25,1.5,55,3,300,short,296,197,99,66.6,-1361.2,2519.9,-0.54
2.25,1.5,55,4,300,both,594,407,187,68.5,-1369.4,3018.7,-0.45
2.25,1.5,55,4,300,long,299,211,88,70.6,31.5,1646.8,0.02
2.25,1.5,55,4,300,short,295,196,99,66.4,-1400.9,2559.6,-0.55
2.25,1.5,65,1,300,both,598,401,197,67.1,-1483.8,3264.0,-0.45
2.25,1.5,65,1,300,long,297,206,91,69.4,-213.5,1973.4,-0.11
2.25,1.5,65,1,300,short,301,195,106,64.8,-1270.3,2529.9,-0.5
2.25,1.5,65,2,300,both,592,399,193,67.4,-1465.5,3262.7,-0.45
2.25,1.5,65,2,300,long,297,206,91,69.4,-206.2,1966.1,-0.1
2.25,1.5,65,2,300,short,295,193,102,65.4,-1259.3,2453.0,-0.51
2.25,1.5,65,3,300,both,588,399,189,67.9,-1106.0,2853.6,-0.39
2.25,1.5,65,3,300,long,295,205,90,69.5,-215.5,1840.0,-0.12
2.25,1.5,65,3,300,short,293,194,99,66.2,-890.5,2136.5,-0.42
2.25,1.5,65,4,300,both,587,398,189,67.8,-1149.9,2897.5,-0.4
2.25,1.5,65,4,300,long,295,205,90,69.5,-215.5,1840.0,-0.12
2.25,1.5,65,4,300,short,292,193,99,66.1,-934.4,2180.4,-0.43
2.25,1.5,75,1,300,both,594,398,196,67.0,-935.9,2924.1,-0.32
2.25,1.5,75,1,300,long,295,204,91,69.2,45.3,1882.2,0.02
2.25,1.5,75,1,300,short,299,194,105,64.9,-981.2,2304.2,-0.43
2.25,1.5,75,2,300,both,588,397,191,67.5,-891.9,2897.1,-0.31
2.25,1.5,75,2,300,long,295,204,91,69.2,52.6,1882.2,0.03
2.25,1.5,75,2,300,short,293,193,100,65.9,-944.5,2241.2,-0.42
2.25,1.5,75,3,300,both,584,396,188,67.8,-740.4,2696.0,-0.27
2.25,1.5,75,3,300,long,293,203,90,69.3,43.3,1773.9,0.02
2.25,1.5,75,3,300,short,291,193,98,66.3,-783.7,2132.7,-0.37
2.25,1.5,75,4,300,both,584,396,188,67.8,-740.4,2696.0,-0.27
2.25,1.5,75,4,300,long,293,203,90,69.3,43.3,1773.9,0.02
2.25,1.5,75,4,300,short,291,193,98,66.3,-783.7,2132.7,-0.37
2.25,1.5,85,1,300,both,591,395,196,66.8,-338.9,2474.5,-0.14
2.25,1.5,85,1,300,long,293,202,91,68.9,273.8,1786.4,0.15
2.25,1.5,85,1,300,short,298,193,105,64.8,-612.7,2192.3,-0.28
2.25,1.5,85,2,300,both,584,392,192,67.1,-401.4,2411.5,-0.17
2.25,1.5,85,2,300,long,292,201,91,68.8,267.0,1786.4,0.15
2.25,1.5,85,2,300,short,292,191,101,65.4,-668.4,2129.3,-0.31
2.25,1.5,85,3,300,both,580,391,189,67.4,-249.9,2224.0,-0.11
2.25,1.5,85,3,300,long,290,200,90,69.0,257.7,1678.1,0.15
2.25,1.5,85,3,300,short,290,191,99,65.9,-507.6,2020.8,-0.25
2.25,1.5,85,4,300,both,580,391,189,67.4,-215.4,2224.0,-0.1
2.25,1.5,85,4,300,long,290,200,90,69.0,257.7,1678.1,0.15
2.25,1.5,85,4,300,short,290,191,99,65.9,-473.1,2020.8,-0.23
2.25,1.5,95,1,300,both,587,388,199,66.1,-23.1,2376.3,-0.01
2.25,1.5,95,1,300,long,292,199,93,68.2,503.9,1601.3,0.31
2.25,1.5,95,1,300,short,295,189,106,64.1,-527.0,1994.1,-0.26
2.25,1.5,95,2,300,both,580,385,195,66.4,-91.6,2319.3,-0.04
2.25,1.5,95,2,300,long,291,198,93,68.0,497.1,1601.3,0.31
2.25,1.5,95,2,300,short,289,187,102,64.7,-588.7,1937.1,-0.3
2.25,1.5,95,3,300,both,578,386,192,66.8,85.6,2161.3,0.04
2.25,1.5,95,3,300,long,290,198,92,68.3,464.0,1601.3,0.29
2.25,1.5,95,3,300,short,288,188,100,65.3,-378.4,1779.1,-0.21
2.25,1.5,95,4,300,both,578,386,192,66.8,120.1,2161.3,0.06
2.25,1.5,95,4,300,long,290,198,92,68.3,464.0,1601.3,0.29
2.25,1.5,95,4,300,short,288,188,100,65.3,-343.9,1779.1,-0.19
2.25,2.0,55,1,300,both,598,414,184,69.2,-1817.6,3243.8,-0.56
2.25,2.0,55,1,300,long,299,214,85,71.6,-554.1,2276.1,-0.24
2.25,2.0,55,1,300,short,299,200,99,66.9,-1263.5,2461.6,-0.51
2.25,2.0,55,2,300,both,591,410,181,69.4,-1798.5,3261.3,-0.55
2.25,2.0,55,2,300,long,298,214,84,71.8,-328.3,2050.3,-0.16
2.25,2.0,55,2,300,short,293,196,97,66.9,-1470.2,2622.0,-0.56
2.25,2.0,55,3,300,both,587,409,178,69.7,-1481.1,2839.7,-0.52
2.25,2.0,55,3,300,long,296,213,83,72.0,-422.8,1989.7,-0.21
2.25,2.0,55,3,300,short,291,196,95,67.4,-1058.3,2210.1,-0.48
2.25,2.0,55,4,300,both,587,409,178,69.7,-1463.2,2822.3,-0.52
2.25,2.0,55,4,300,long,296,213,83,72.0,-414.7,1981.6,-0.21
2.25,2.0,55,4,300,short,291,196,95,67.4,-1048.5,2200.3,-0.48
2.25,2.0,65,1,300,both,590,405,185,68.6,-1395.1,3231.3,-0.43
2.25,2.0,65,1,300,long,294,208,86,70.7,-633.0,2334.0,-0.27
2.25,2.0,65,1,300,short,296,197,99,66.6,-762.1,2082.8,-0.37
2.25,2.0,65,2,300,both,584,401,183,68.7,-1613.3,3307.6,-0.49
2.25,2.0,65,2,300,long,294,208,86,70.7,-615.2,2316.2,-0.27
2.25,2.0,65,2,300,short,290,193,97,66.6,-998.1,2243.2,-0.44
2.25,2.0,65,3,300,both,580,400,180,69.0,-1299.3,3078.5,-0.42
2.25,2.0,65,3,300,long,292,207,85,70.9,-711.7,2257.6,-0.32
2.25,2.0,65,3,300,short,288,193,95,67.0,-587.6,1832.7,-0.32
2.25,2.0,65,4,300,both,580,400,180,69.0,-1293.7,3078.5,-0.42
2.25,2.0,65,4,300,long,292,207,85,70.9,-711.7,2257.6,-0.32
2.25,2.0,65,4,300,short,288,193,95,67.0,-582.0,1827.1,-0.32
2.25,2.0,75,1,300,both,586,402,184,68.6,-906.4,2895.5,-0.31
2.25,2.0,75,1,300,long,292,206,86,70.5,-424.2,2240.5,-0.19
2.25,2.0,75,1,300,short,294,196,98,66.7,-482.2,1975.6,-0.24
2.25,2.0,75,2,300,both,580,399,181,68.8,-1044.0,2788.2,-0.37
2.25,2.0,75,2,300,long,292,206,86,70.5,-406.4,2222.7,-0.18
2.25,2.0,75,2,300,short,288,193,95,67.0,-637.6,1985.7,-0.32
2.25,2.0,75,3,300,both,577,398,179,69.0,-932.5,2696.7,-0.35
2.25,2.0,75,3,300,long,290,205,85,70.7,-502.9,2164.1,-0.23
2.25,2.0,75,3,300,short,287,193,94,67.2,-429.6,1778.8,-0.24
2.25,2.0,75,4,300,both,577,398,179,69.0,-932.5,2696.7,-0.35
2.25,2.0,75,4,300,long,290,205,85,70.7,-502.9,2164.1,-0.23
2.25,2.0,75,4,300,short,287,193,94,67.2,-429.6,1778.8,-0.24
2.25,2.0,85,1,300,both,583,399,184,68.4,-309.4,2841.8,-0.11
2.25,2.0,85,1,300,long,290,204,86,70.3,-195.7,2119.1,-0.09
2.25,2.0,85,1,300,short,293,195,98,66.6,-113.7,1951.8,-0.06
2.25,2.0,85,2,300,both,576,394,182,68.4,-553.5,2696.9,-0.21
2.25,2.0,85,2,300,long,289,203,86,70.2,-192.0,2115.4,-0.09
2.25,2.0,85,2,300,short,287,191,96,66.6,-361.5,1870.1,-0.19
2.25,2.0,85,3,300,both,573,393,180,68.6,-442.0,2613.4,-0.17
2.25,2.0,85,3,300,long,287,202,85,70.4,-288.5,2056.8,-0.14
2.25,2.0,85,3,300,short,286,191,95,66.8,-153.5,1755.0,-0.09
2.25,2.0,85,4,300,both,573,393,180,68.6,-407.5,2613.4,-0.16
2.25,2.0,85,4,300,long,287,202,85,70.4,-288.5,2056.8,-0.14
2.25,2.0,85,4,300,short,286,191,95,66.8,-119.0,1755.0,-0.07
2.25,2.0,95,1,300,both,580,393,187,67.8,12.3,2805.5,0.0
2.25,2.0,95,1,300,long,289,201,88,69.6,34.4,1848.0,0.02
2.25,2.0,95,1,300,short,291,192,99,66.0,-22.1,1897.0,-0.01
2.25,2.0,95,2,300,both,573,388,185,67.7,-242.3,2608.7,-0.09
2.25,2.0,95,2,300,long,288,200,88,69.4,27.6,1854.8,0.01
2.25,2.0,95,2,300,short,285,188,97,66.0,-269.9,1700.2,-0.16
2.25,2.0,95,3,300,both,571,388,183,68.0,-67.4,2608.7,-0.03
2.25,2.0,95,3,300,long,287,200,87,69.7,-5.5,1817.3,-0.0
2.25,2.0,95,3,300,short,284,188,96,66.2,-61.9,1700.2,-0.04
2.25,2.0,95,4,300,both,571,388,183,68.0,-32.9,2608.7,-0.01
2.25,2.0,95,4,300,long,287,200,87,69.7,-5.5,1817.3,-0.0
2.25,2.0,95,4,300,short,284,188,96,66.2,-27.4,1700.2,-0.02
2.5,0.5,55,1,100,both,473,243,229,51.5,-723.3,1110.0,-0.65
2.5,0.5,55,1,100,long,251,131,119,52.4,-105.2,822.2,-0.13
2.5,0.5,55,1,100,short,222,112,110,50.5,-618.1,862.6,-0.72
2.5,0.5,55,2,100,both,466,241,224,51.8,-423.3,924.7,-0.46
2.5,0.5,55,2,100,long,248,129,118,52.2,-79.0,796.0,-0.1
2.5,0.5,55,2,100,short,218,112,106,51.4,-344.3,799.6,-0.43
2.5,0.5,55,3,100,both,460,237,222,51.6,-763.2,1227.1,-0.62
2.5,0.5,55,3,100,long,245,127,117,52.0,-325.2,1009.0,-0.32
2.5,0.5,55,3,100,short,215,110,105,51.2,-438.0,798.5,-0.55
2.5,0.5,55,4,100,both,457,236,220,51.8,-700.7,1164.6,-0.6
2.5,0.5,55,4,100,long,245,127,117,52.0,-325.2,1009.0,-0.32
2.5,0.5,55,4,100,short,212,109,103,51.4,-375.5,741.6,-0.51
2.5,0.5,65,1,100,both,469,237,231,50.6,-635.8,1142.9,-0.56
2.5,0.5,65,1,100,long,249,126,122,50.8,-188.9,869.5,-0.22
2.5,0.5,65,1,100,short,220,111,109,50.5,-446.9,858.4,-0.52
2.5,0.5,65,2,100,both,464,237,226,51.2,-251.8,873.6,-0.29
2.5,0.5,65,2,100,long,248,126,121,51.0,-78.7,759.3,-0.1
2.5,0.5,65,2,100,short,216,111,105,51.4,-173.1,805.4,-0.21
2.5,0.5,65,3,100,both,458,233,224,51.0,-573.1,1157.4,-0.5
2.5,0.5,65,3,100,long,245,124,120,50.8,-306.3,953.7,-0.32
2.5,0.5,65,3,100,short,213,109,104,51.2,-266.8,747.4,-0.36
2.5,0.5,65,4,100,both,453,231,221,51.1,-576.6,1160.9,-0.5
2.5,0.5,65,4,100,long,243,123,119,50.8,-372.3,1019.7,-0.37
2.5,0.5,65,4,100,short,210,108,102,51.4,-204.3,747.4,-0.27
2.5,0.5,75,1,100,both,467,234,232,50.2,-425.5,1106.3,-0.38
2.5,0.5,75,1,100,long,248,124,123,50.2,-395.9,1073.3,-0.37
2.5,0.5,75,1,100,short,219,110,109,50.2,-29.6,698.7,-0.04
2.5,0.5,75,2,100,both,461,234,226,50.9,16.5,779.0,0.02
2.5,0.5,75,2,100,long,246,124,121,50.6,-227.7,905.1,-0.25
2.5,0.5,75,2,100,short,215,110,105,51.2,244.2,645.7,0.38
2.5,0.5,75,3,100,both,455,230,224,50.7,-323.4,1081.4,-0.3
2.5,0.5,75,3,100,long,243,122,120,50.4,-473.9,1126.9,-0.42
2.5,0.5,75,3,100,short,212,108,104,50.9,150.5,587.7,0.26
2.5,0.5,75,4,100,both,451,229,221,50.9,-292.1,1050.1,-0.28
2.5,0.5,75,4,100,long,242,122,119,50.6,-415.9,1068.9,-0.39
2.5,0.5,75,4,100,short,209,107,102,51.2,123.8,587.7,0.21
2.5,0.5,85,1,100,both,461,228,232,49.6,666.9,698.6,0.95
2.5,0.5,85,1,100,long,246,121,124,49.4,44.5,776.7,0.06
2.5,0.5,85,1,100,short,215,107,108,49.8,622.4,534.9,1.16
2.5,0.5,85,2,100,both,458,229,228,50.1,1330.7,626.0,2.13
2.5,0.5,85,2,100,long,244,121,122,49.8,212.7,679.3,0.31
2.5,0.5,85,2,100,short,214,108,106,50.5,1118.0,534.9,2.09
2.5,0.5,85,3,100,both,452,225,226,49.9,581.5,684.0,0.85
2.5,0.5,85,3,100,long,242,120,121,49.8,-35.3,745.5,-0.05
2.5,0.5,85,3,100,short,210,105,105,50.0,616.8,476.9,1.29
2.5,0.5,85,4,100,both,450,224,225,49.9,496.8,689.1,0.72
2.5,0.5,85,4,100,long,241,120,120,50.0,22.7,687.5,0.03
2.5,0.5,85,4,100,short,209,104,105,49.8,474.1,543.3,0.87
2.5,0.5,95,1,100,both,458,224,233,49.0,1178.3,647.2,1.82
2.5,0.5,95,1,100,long,243,118,124,48.8,239.4,768.3,0.31
2.5,0.5,95,1,100,short,215,106,109,49.3,938.9,408.7,2.3
2.5,0.5,95,2,100,both,456,225,230,49.5,1731.9,626.0,2.77
2.5,0.5,95,2,100,long,242,118,123,49.0,297.4,710.3,0.42
2.5,0.5,95,2,100,short,214,107,107,50.0,1434.5,408.7,3.51
2.5,0.5,95,3,100,both,450,220,229,49.0,946.4,684.0,1.38
2.5,0.5,95,3,100,long,240,116,123,48.5,13.1,776.7,0.02
2.5,0.5,95,3,100,short,210,104,106,49.5,933.3,400.6,2.33
2.5,0.5,95,4,100,both,448,219,228,49.0,861.7,720.6,1.2
2.5,0.5,95,4,100,long,239,116,122,48.7,71.1,718.7,0.1
2.5,0.5,95,4,100,short,209,103,106,49.3,790.6,543.3,1.46
2.5,0.75,55,1,100,both,464,288,175,62.2,1169.1,1029.9,1.14
2.5,0.75,55,1,100,long,247,153,93,62.2,335.0,731.6,0.46
2.5,0.75,55,1,100,short,217,135,82,62.2,834.1,717.7,1.16
2.5,0.75,55,2,100,both,457,285,171,62.5,1183.0,1029.9,1.15
2.5,0.75,55,2,100,long,244,151,92,62.1,341.9,731.6,0.47
2.5,0.75,55,2,100,short,213,134,79,62.9,841.1,688.2,1.22
2.5,0.75,55,3,100,both,454,283,170,62.5,888.1,1029.9,0.86
2.5,0.75,55,3,100,long,242,150,91,62.2,142.4,731.6,0.19
2.5,0.75,55,3,100,short,212,133,79,62.7,745.7,688.2,1.08
2.5,0.75,55,4,100,both,451,283,167,62.9,1143.1,976.7,1.17
2.5,0.75,55,4,100,long,241,150,90,62.5,225.4,731.6,0.31
2.5,0.75,55,4,100,short,210,133,77,63.3,917.7,570.1,1.61
2.5,0.75,65,1,100,both,458,278,179,60.8,1168.6,991.0,1.18
2.5,0.75,65,1,100,long,244,146,97,60.1,73.6,845.7,0.09
2.5,0.75,65,1,100,short,214,132,82,61.7,1095.0,671.5,1.63
2.5,0.75,65,2,100,both,453,277,175,61.3,1081.8,983.7,1.1
2.5,0.75,65,2,100,long,243,146,96,60.3,164.5,845.7,0.19
2.5,0.75,65,2,100,short,210,131,79,62.4,917.3,642.0,1.43
2.5,0.75,65,3,100,both,450,275,174,61.2,811.5,1093.5,0.74
2.5,0.75,65,3,100,long,241,145,95,60.4,-16.4,847.8,-0.02
2.5,0.75,65,3,100,short,209,130,79,62.2,827.9,642.0,1.29
2.5,0.75,65,4,100,both,445,274,170,61.7,1019.5,1040.3,0.98
2.5,0.75,65,4,100,long,238,144,93,60.8,25.6,847.8,0.03
2.5,0.75,65,4,100,short,207,130,77,62.8,993.9,575.9,1.73
2.5,0.75,75,1,100,both,456,278,177,61.1,1741.1,978.4,1.78
2.5,0.75,75,1,100,long,243,146,96,60.3,137.9,849.0,0.16
2.5,0.75,75,1,100,short,213,132,81,62.0,1603.2,628.7,2.55
2.5,0.75,75,2,100,both,450,276,173,61.5,1638.1,978.4,1.67
2.5,0.75,75,2,100,long,241,146,94,60.8,311.8,849.0,0.37
2.5,0.75,75,2,100,short,209,130,79,62.2,1326.3,614.4,2.16
2.5,0.75,75,3,100,both,447,274,172,61.4,1349.2,1065.9,1.27
2.5,0.75,75,3,100,long,239,145,93,60.9,112.3,881.2,0.13
2.5,0.75,75,3,100,short,208,129,79,62.0,1236.9,614.4,2.01
2.5,0.75,75,4,100,both,443,274,168,62.0,1681.2,1012.7,1.66
2.5,0.75,75,4,100,long,237,145,91,61.4,278.3,851.1,0.33
2.5,0.75,75,4,100,short,206,129,77,62.6,1402.9,510.6,2.75
2.5,0.75,85,1,100,both,450,272,177,60.6,2632.4,926.8,2.84
2.5,0.75,85,1,100,long,241,143,97,59.6,421.9,792.2,0.53
2.5,0.75,85,1,100,short,209,129,80,61.7,2210.5,543.0,4.07
2.5,0.75,85,2,100,both,446,270,175,60.7,2363.4,926.8,2.55
2.5,0.75,85,2,100,long,239,143,95,60.1,595.8,784.3,0.76
2.5,0.75,85,2,100,short,207,127,80,61.4,1767.6,551.8,3.2
2.5,0.75,85,3,100,both,444,269,174,60.7,2124.8,926.8,2.29
2.5,0.75,85,3,100,long,238,143,94,60.3,446.6,784.3,0.57
2.5,0.75,85,3,100,short,206,126,80,61.2,1678.2,551.8,3.04
2.5,0.75,85,4,100,both,442,269,172,61.0,2290.8,926.8,2.47
2.5,0.75,85,4,100,long,236,143,92,60.9,612.6,742.7,0.82
2.5,0.75,85,4,100,short,206,126,80,61.2,1678.2,551.8,3.04
2.5,0.75,95,1,100,both,446,267,178,60.0,2955.9,926.8,3.19
2.5,0.75,95,1,100,long,238,140,97,59.1,616.1,820.1,0.75
2.5,0.75,95,1,100,short,208,127,81,61.1,2339.8,627.6,3.73
2.5,0.75,95,2,100,both,444,266,177,60.0,2738.7,926.8,2.96
2.5,0.75,95,2,100,long,237,140,96,59.3,699.1,803.3,0.87
2.5,0.75,95,2,100,short,207,126,81,60.9,2039.6,627.6,3.25
2.5,0.75,95,3,100,both,442,264,177,59.9,2463.8,926.8,2.66
2.5,0.75,95,3,100,long,236,139,96,59.1,513.6,803.3,0.64
2.5,0.75,95,3,100,short,206,125,81,60.7,1950.2,627.6,3.11
2.5,0.75,95,4,100,both,440,264,175,60.1,2629.8,926.8,2.84
2.5,0.75,95,4,100,long,234,139,94,59.7,679.6,753.1,0.9
2.5,0.75,95,4,100,short,206,125,81,60.7,1950.2,627.6,3.11
2.5,1.0,55,1,100,both,459,300,158,65.5,336.3,1913.0,0.18
2.5,1.0,55,1,100,long,244,159,84,65.4,-327.9,1187.9,-0.28
2.5,1.0,55,1,100,short,215,141,74,65.6,664.2,1266.8,0.52
2.5,1.0,55,2,100,both,451,297,153,66.0,533.2,1718.1,0.31
2.5,1.0,55,2,100,long,241,157,83,65.4,-296.0,1187.9,-0.25
2.5,1.0,55,2,100,short,210,140,70,66.7,829.2,1104.3,0.75
2.5,1.0,55,3,100,both,449,296,152,66.1,423.8,1724.1,0.25
2.5,1.0,55,3,100,long,240,157,82,65.7,-310.0,1187.9,-0.26
2.5,1.0,55,3,100,short,209,139,70,66.5,733.8,1104.3,0.66
2.5,1.0,55,4,100,both,447,296,150,66.4,645.8,1618.8,0.4
2.5,1.0,55,4,100,long,240,157,82,65.7,-310.0,1187.9,-0.26
2.5,1.0,55,4,100,short,207,139,68,67.1,955.8,933.9,1.02
2.5,1.0,65,1,100,both,453,291,161,64.4,495.3,2019.5,0.25
2.5,1.0,65,1,100,long,241,153,87,63.7,-404.8,1328.0,-0.3
2.5,1.0,65,1,100,short,212,138,74,65.1,900.1,1220.6,0.74
2.5,1.0,65,2,100,both,447,290,156,65.0,591.5,1803.5,0.33
2.5,1.0,65,2,100,long,240,153,86,64.0,-288.9,1328.0,-0.22
2.5,1.0,65,2,100,short,207,137,70,66.2,880.4,1058.1,0.83
2.5,1.0,65,3,100,both,444,288,155,65.0,493.2,1803.5,0.27
2.5,1.0,65,3,100,long,238,152,85,64.1,-297.8,1328.0,-0.22
2.5,1.0,65,3,100,short,206,136,70,66.0,791.0,1058.1,0.75
2.5,1.0,65,4,100,both,440,287,152,65.4,693.2,1725.3,0.4
2.5,1.0,65,4,100,long,236,151,84,64.3,-313.8,1328.0,-0.24
2.5,1.0,65,4,100,short,204,136,68,66.7,1007.0,887.7,1.13
2.5,1.0,75,1,100,both,451,291,159,64.7,1077.8,1981.9,0.54
2.5,1.0,75,1,100,long,240,153,86,64.0,-340.5,1331.3,-0.26
2.5,1.0,75,1,100,short,211,138,73,65.4,1418.3,1144.3,1.24
2.5,1.0,75,2,100,both,444,288,155,65.0,1027.6,1765.9,0.58
2.5,1.0,75,2,100,long,238,152,85,64.1,-271.8,1331.3,-0.2
2.5,1.0,75,2,100,short,206,136,70,66.0,1299.4,1020.5,1.27
2.5,1.0,75,3,100,both,441,286,154,65.0,910.7,1765.9,0.52
2.5,1.0,75,3,100,long,236,151,84,64.3,-299.3,1331.3,-0.22
2.5,1.0,75,3,100,short,205,135,70,65.9,1210.0,1020.5,1.19
2.5,1.0,75,4,100,both,438,286,151,65.4,1234.7,1687.7,0.73
2.5,1.0,75,4,100,long,235,151,83,64.5,-191.3,1331.3,-0.14
2.5,1.0,75,4,100,short,203,135,68,66.5,1426.0,850.1,1.68
2.5,1.0,85,1,100,both,445,285,159,64.2,2043.4,1603.5,1.27
2.5,1.0,85,1,100,long,238,150,87,63.3,-81.5,1249.0,-0.07
2.5,1.0,85,1,100,short,207,135,72,65.2,2124.9,969.8,2.19
2.5,1.0,85,2,100,both,440,282,157,64.2,1777.2,1495.5,1.19
2.5,1.0,85,2,100,long,236,149,86,63.4,-12.8,1249.0,-0.01
2.5,1.0,85,2,100,short,204,133,71,65.2,1790.0,954.0,1.88
2.5,1.0,85,3,100,both,438,281,156,64.3,1710.6,1495.5,1.14
2.5,1.0,85,3,100,long,235,149,85,63.7,10.0,1249.0,0.01
2.5,1.0,85,3,100,short,203,132,71,65.0,1700.6,954.0,1.78
2.5,1.0,85,4,100,both,437,281,155,64.4,1818.6,1495.5,1.22
2.5,1.0,85,4,100,long,234,149,84,63.9,118.0,1249.0,0.09
2.5,1.0,85,4,100,short,203,132,71,65.0,1700.6,954.0,1.78
2.5,1.0,95,1,100,both,441,280,160,63.6,2340.0,1539.7,1.52
2.5,1.0,95,1,100,long,235,146,88,62.4,-42.5,1184.4,-0.04
2.5,1.0,95,1,100,short,206,134,72,65.0,2382.5,1017.7,2.34
2.5,1.0,95,2,100,both,438,279,158,63.8,2255.8,1431.7,1.58
2.5,1.0,95,2,100,long,234,146,87,62.7,65.5,1184.4,0.06
2.5,1.0,95,2,100,short,204,133,71,65.2,2190.3,909.7,2.41
2.5,1.0,95,3,100,both,436,277,158,63.7,2152.9,1431.7,1.5
2.5,1.0,95,3,100,long,233,145,87,62.5,52.0,1184.4,0.04
2.5,1.0,95,3,100,short,203,132,71,65.0,2100.9,909.7,2.31
2.5,1.0,95,4,100,both,435,277,157,63.8,2260.9,1431.7,1.58
2.5,1.0,95,4,100,long,232,145,86,62.8,160.0,1184.4,0.14
2.5,1.0,95,4,100,short,203,132,71,65.0,2100.9,909.7,2.31
2.5,1.25,55,1,100,both,457,310,146,68.0,-66.7,1865.3,-0.04
2.5,1.25,55,1,100,long,243,167,75,69.0,-226.8,927.0,-0.24
2.5,1.25,55,1,100,short,214,143,71,66.8,160.1,1519.5,0.11
2.5,1.25,55,2,100,both,450,307,142,68.4,97.2,1752.4,0.06
2.5,1.25,55,2,100,long,241,165,75,68.8,-302.9,950.4,-0.32
2.5,1.25,55,2,100,short,209,142,67,67.9,400.1,1307.0,0.31
2.5,1.25,55,3,100,both,448,306,141,68.5,-12.2,1791.6,-0.01
2.5,1.25,55,3,100,long,240,165,74,69.0,-316.9,950.4,-0.33
2.5,1.25,55,3,100,short,208,141,67,67.8,304.7,1307.0,0.23
2.5,1.25,55,4,100,both,446,306,139,68.8,259.8,1652.6,0.16
2.5,1.25,55,4,100,long,240,165,74,69.0,-316.9,950.4,-0.33
2.5,1.25,55,4,100,short,206,141,65,68.4,576.7,1070.8,0.54
2.5,1.25,65,1,100,both,451,301,149,66.9,129.3,1860.4,0.07
2.5,1.25,65,1,100,long,240,161,78,67.4,-353.7,1136.4,-0.31
2.5,1.25,65,1,100,short,211,140,71,66.4,483.0,1473.3,0.33
2.5,1.25,65,2,100,both,446,300,145,67.4,192.5,1832.5,0.11
2.5,1.25,65,2,100,long,240,161,78,67.4,-345.8,1136.4,-0.3
2.5,1.25,65,2,100,short,206,139,67,67.5,538.3,1260.8,0.43
2.5,1.25,65,3,100,both,443,298,144,67.4,94.2,1865.7,0.05
2.5,1.25,65,3,100,long,238,160,77,67.5,-354.7,1136.4,-0.31
2.5,1.25,65,3,100,short,205,138,67,67.3,448.9,1260.8,0.36
2.5,1.25,65,4,100,both,439,297,141,67.8,369.2,1732.7,0.21
2.5,1.25,65,4,100,long,236,159,76,67.7,-345.7,1136.4,-0.3
2.5,1.25,65,4,100,short,203,138,65,68.0,714.9,1024.6,0.7
2.5,1.25,75,1,100,both,449,301,147,67.2,711.8,1822.8,0.39
2.5,1.25,75,1,100,long,239,161,77,67.6,-289.4,1177.5,-0.25
2.5,1.25,75,1,100,short,210,140,70,66.7,1001.2,1346.5,0.74
2.5,1.25,75,2,100,both,443,298,144,67.4,628.6,1723.9,0.36
2.5,1.25,75,2,100,long,238,160,77,67.5,-328.7,1177.5,-0.28
2.5,1.25,75,2,100,short,205,138,67,67.3,957.3,1223.2,0.78
2.5,1.25,75,3,100,both,440,296,143,67.4,511.7,1723.9,0.3
2.5,1.25,75,3,100,long,236,159,76,67.7,-356.2,1191.0,-0.3
2.5,1.25,75,3,100,short,204,137,67,67.2,867.9,1223.2,0.71
2.5,1.25,75,4,100,both,437,296,140,67.9,910.7,1590.9,0.57
2.5,1.25,75,4,100,long,235,159,75,67.9,-223.2,1136.4,-0.2
2.5,1.25,75,4,100,short,202,137,65,67.8,1133.9,987.0,1.15
2.5,1.25,85,1,100,both,443,295,147,66.7,1677.4,1450.1,1.16
2.5,1.25,85,1,100,long,237,158,78,66.9,-55.4,979.2,-0.06
2.5,1.25,85,1,100,short,206,137,69,66.5,1732.8,1172.0,1.48
2.5,1.25,85,2,100,both,439,292,146,66.7,1328.2,1329.9,1.0
2.5,1.25,85,2,100,long,236,157,78,66.8,-94.7,979.2,-0.1
2.5,1.25,85,2,100,short,203,135,68,66.5,1422.9,1181.7,1.2
2.5,1.25,85,3,100,both,437,291,145,66.7,1261.6,1329.9,0.95
2.5,1.25,85,3,100,long,235,157,77,67.1,-71.9,992.7,-0.07
2.5,1.25,85,3,100,short,202,134,68,66.3,1333.5,1181.7,1.13
2.5,1.25,85,4,100,both,436,291,144,66.9,1394.6,1329.9,1.05
2.5,1.25,85,4,100,long,234,157,76,67.4,61.1,947.3,0.06
2.5,1.25,85,4,100,short,202,134,68,66.3,1333.5,1181.7,1.13
2.5,1.25,95,1,100,both,439,290,148,66.2,1949.0,1380.6,1.41
2.5,1.25,95,1,100,long,234,154,79,66.1,-41.4,1105.5,-0.04
2.5,1.25,95,1,100,short,205,136,69,66.3,1990.4,1270.4,1.57
2.5,1.25,95,2,100,both,437,289,147,66.3,1781.8,1280.5,1.39
2.5,1.25,95,2,100,long,234,154,79,66.1,-41.4,1105.5,-0.04
2.5,1.25,95,2,100,short,203,135,68,66.5,1823.2,1137.4,1.6
2.5,1.25,95,3,100,both,435,287,147,66.1,1678.9,1280.5,1.31
2.5,1.25,95,3,100,long,233,153,79,65.9,-54.9,1119.0,-0.05
2.5,1.25,95,3,100,short,202,134,68,66.3,1733.8,1137.4,1.52
2.5,1.25,95,4,100,both,434,287,146,66.3,1811.9,1280.5,1.41
2.5,1.25,95,4,100,long,232,153,78,66.2,78.1,991.7,0.08
2.5,1.25,95,4,100,short,202,134,68,66.3,1733.8,1137.4,1.52
2.5,1.5,55,1,100,both,456,314,141,69.0,-259.2,2160.1,-0.12
2.5,1.5,55,1,100,long,243,171,71,70.7,272.8,933.7,0.29
2.5,1.5,55,1,100,short,213,143,70,67.1,-532.0,1973.2,-0.27
2.5,1.5,55,2,100,both,450,311,138,69.3,-282.4,2259.3,-0.12
2.5,1.5,55,2,100,long,241,169,71,70.4,196.7,933.7,0.21
2.5,1.5,55,2,100,short,209,142,67,67.9,-479.1,2125.9,-0.23
2.5,1.5,55,3,100,both,448,310,137,69.4,-391.8,2298.5,-0.17
2.5,1.5,55,3,100,long,240,169,70,70.7,182.7,933.7,0.2
2.5,1.5,55,3,100,short,208,141,67,67.8,-574.5,2131.9,-0.27
2.5,1.5,55,4,100,both,446,310,135,69.7,51.7,2013.0,0.03
2.5,1.5,55,4,100,long,240,169,70,70.7,304.2,812.2,0.37
2.5,1.5,55,4,100,short,206,141,65,68.4,-252.5,1884.3,-0.13
2.5,1.5,65,1,100,both,450,307,142,68.4,145.6,1964.5,0.07
2.5,1.5,65,1,100,long,240,167,72,69.9,354.7,1122.8,0.32
2.5,1.5,65,1,100,short,210,140,70,66.7,-209.1,1573.1,-0.13
2.5,1.5,65,2,100,both,446,306,139,68.8,21.7,2248.4,0.01
2.5,1.5,65,2,100,long,240,167,72,69.9,362.6,1122.8,0.32
2.5,1.5,65,2,100,short,206,139,67,67.5,-340.9,1910.5,-0.18
2.5,1.5,65,3,100,both,443,304,138,68.8,-76.6,2281.6,-0.03
2.5,1.5,65,3,100,long,238,166,71,70.0,353.7,1122.8,0.32
2.5,1.5,65,3,100,short,205,138,67,67.3,-430.3,1910.5,-0.23
2.5,1.5,65,4,100,both,439,303,135,69.2,394.9,2002.1,0.2
2.5,1.5,65,4,100,long,236,165,70,70.2,509.2,1001.3,0.51
2.5,1.5,65,4,100,short,203,138,65,68.0,-114.3,1668.9,-0.07
2.5,1.5,75,1,100,both,448,307,140,68.7,728.1,1875.4,0.39
2.5,1.5,75,1,100,long,239,167,71,70.2,419.0,1122.8,0.37
2.5,1.5,75,1,100,short,209,140,69,67.0,309.1,1423.8,0.22
2.5,1.5,75,2,100,both,443,304,138,68.8,457.8,2159.3,0.21
2.5,1.5,75,2,100,long,238,166,71,70.0,379.7,1122.8,0.34
2.5,1.5,75,2,100,short,205,138,67,67.3,78.1,1696.0,0.05
2.5,1.5,75,3,100,both,440,302,137,68.8,340.9,2159.3,0.16
2.5,1.5,75,3,100,long,236,165,70,70.2,352.2,1122.8,0.31
2.5,1.5,75,3,100,short,204,137,67,67.2,-11.3,1696.0,-0.01
2.5,1.5,75,4,100,both,437,302,134,69.3,936.4,1879.8,0.5
2.5,1.5,75,4,100,long,235,165,69,70.5,631.7,1001.3,0.63
2.5,1.5,75,4,100,short,202,137,65,67.8,304.7,1454.4,0.21
2.5,1.5,85,1,100,both,442,301,140,68.3,1740.7,1381.7,1.26
2.5,1.5,85,1,100,long,237,164,72,69.5,779.1,940.4,0.83
2.5,1.5,85,1,100,short,205,137,68,66.8,961.6,1353.4,0.71
2.5,1.5,85,2,100,both,439,298,140,68.0,1258.5,1664.2,0.76
2.5,1.5,85,2,100,long,236,163,72,69.4,739.8,940.4,0.79
2.5,1.5,85,2,100,short,203,135,68,66.5,518.7,1496.1,0.35
2.5,1.5,85,3,100,both,437,297,139,68.1,1191.9,1664.2,0.72
2.5,1.5,85,3,100,long,235,163,71,69.7,762.6,940.4,0.81
2.5,1.5,85,3,100,short,202,134,68,66.3,429.3,1496.1,0.29
2.5,1.5,85,4,100,both,436,297,138,68.3,1349.9,1664.2,0.81
2.5,1.5,85,4,100,long,234,163,70,70.0,920.6,940.4,0.98
2.5,1.5,85,4,100,short,202,134,68,66.3,429.3,1496.1,0.29
2.5,1.5,95,1,100,both,438,297,140,68.0,2149.2,1377.5,1.56
2.5,1.5,95,1,100,long,234,161,72,69.1,930.0,965.7,0.96
2.5,1.5,95,1,100,short,204,136,68,66.7,1219.2,1451.8,0.84
2.5,1.5,95,2,100,both,437,296,140,67.9,1849.0,1674.4,1.1
2.5,1.5,95,2,100,long,234,161,72,69.1,930.0,965.7,0.96
2.5,1.5,95,2,100,short,203,135,68,66.5,919.0,1451.8,0.63
2.5,1.5,95,3,100,both,435,294,140,67.7,1746.1,1674.4,1.04
2.5,1.5,95,3,100,long,233,160,72,69.0,916.5,965.7,0.95
2.5,1.5,95,3,100,short,202,134,68,66.3,829.6,1451.8,0.57
2.5,1.5,95,4,100,both,434,294,139,67.9,1904.1,1674.4,1.14
2.5,1.5,95,4,100,long,232,160,71,69.3,1074.5,965.7,1.11
2.5,1.5,95,4,100,short,202,134,68,66.3,829.6,1451.8,0.57
2.5,2.0,55,1,100,both,454,319,134,70.4,-126.2,2382.9,-0.05
2.5,2.0,55,1,100,long,243,174,68,71.9,-361.9,1302.9,-0.28
2.5,2.0,55,1,100,short,211,145,66,68.7,235.7,1853.3,0.13
2.5,2.0,55,2,100,both,448,316,131,70.7,-295.1,2317.6,-0.13
2.5,2.0,55,2,100,long,241,172,68,71.7,-426.6,1354.7,-0.31
2.5,2.0,55,2,100,short,207,144,63,69.6,131.5,1799.4,0.07
2.5,2.0,55,3,100,both,446,315,130,70.8,-403.7,2316.8,-0.17
2.5,2.0,55,3,100,long,240,172,67,72.0,-439.8,1334.7,-0.33
2.5,2.0,55,3,100,short,206,143,63,69.4,36.1,1799.4,0.02
2.5,2.0,55,4,100,both,444,315,128,71.1,40.3,2116.6,0.02
2.5,2.0,55,4,100,long,240,172,67,72.0,-417.8,1312.7,-0.32
2.5,2.0,55,4,100,short,204,143,61,70.1,458.1,1621.2,0.28
2.5,2.0,65,1,100,both,448,312,135,69.8,393.6,2352.1,0.17
2.5,2.0,65,1,100,long,240,170,69,71.1,-165.0,1336.8,-0.12
2.5,2.0,65,1,100,short,208,142,66,68.3,558.6,1807.1,0.31
2.5,2.0,65,2,100,both,444,311,132,70.2,124.0,2286.8,0.05
2.5,2.0,65,2,100,long,240,170,69,71.1,-145.7,1325.4,-0.11
2.5,2.0,65,2,100,short,204,141,63,69.1,269.7,1753.2,0.15
2.5,2.0,65,3,100,both,441,309,131,70.2,26.5,2286.0,0.01
2.5,2.0,65,3,100,long,238,169,68,71.3,-153.8,1324.6,-0.12
2.5,2.0,65,3,100,short,203,140,63,69.0,180.3,1753.2,0.1
2.5,2.0,65,4,100,both,437,308,128,70.6,548.5,2085.8,0.26
2.5,2.0,65,4,100,long,236,168,67,71.5,-47.8,1302.6,-0.04
2.5,2.0,65,4,100,short,201,140,61,69.7,596.3,1575.0,0.38
2.5,2.0,75,1,100,both,446,312,133,70.1,976.1,2314.5,0.42
2.5,2.0,75,1,100,long,239,170,68,71.4,-100.7,1336.8,-0.08
2.5,2.0,75,1,100,short,207,142,65,68.6,1076.8,1769.5,0.61
2.5,2.0,75,2,100,both,441,309,131,70.2,560.1,2249.2,0.25
2.5,2.0,75,2,100,long,238,169,68,71.3,-128.6,1325.4,-0.1
2.5,2.0,75,2,100,short,203,140,63,69.0,688.7,1715.6,0.4
2.5,2.0,75,3,100,both,438,307,130,70.3,444.0,2248.4,0.2
2.5,2.0,75,3,100,long,236,168,67,71.5,-155.3,1324.6,-0.12
2.5,2.0,75,3,100,short,202,139,63,68.8,599.3,1715.6,0.35
2.5,2.0,75,4,100,both,435,307,127,70.7,1090.0,2048.2,0.53
2.5,2.0,75,4,100,long,235,168,66,71.8,74.7,1302.6,0.06
2.5,2.0,75,4,100,short,200,139,61,69.5,1015.3,1537.4,0.66
2.5,2.0,85,1,100,both,440,306,133,69.7,1916.6,1955.2,0.98
2.5,2.0,85,1,100,long,237,167,69,70.8,259.4,1154.4,0.22
2.5,2.0,85,1,100,short,203,139,64,68.5,1657.2,1614.1,1.03
2.5,2.0,85,2,100,both,437,303,133,69.5,1434.4,1955.2,0.73
2.5,2.0,85,2,100,long,236,166,69,70.6,220.1,1154.4,0.19
2.5,2.0,85,2,100,short,201,137,64,68.2,1214.3,1614.1,0.75
2.5,2.0,85,3,100,both,435,302,132,69.6,1367.8,1955.2,0.7
2.5,2.0,85,3,100,long,235,166,68,70.9,242.9,1154.4,0.21
2.5,2.0,85,3,100,short,200,136,64,68.0,1124.9,1614.1,0.7
2.5,2.0,85,4,100,both,434,302,131,69.7,1575.8,1955.2,0.81
2.5,2.0,85,4,100,long,234,166,67,71.2,450.9,1154.4,0.39
2.5,2.0,85,4,100,short,200,136,64,68.0,1124.9,1614.1,0.7
2.5,2.0,95,1,100,both,436,301,134,69.2,2311.7,1891.4,1.22
2.5,2.0,95,1,100,long,234,163,70,70.0,396.9,1154.4,0.34
2.5,2.0,95,1,100,short,202,138,64,68.3,1914.8,1554.9,1.23
2.5,2.0,95,2,100,both,435,300,134,69.1,2011.5,1891.4,1.06
2.5,2.0,95,2,100,long,234,163,70,70.0,396.9,1154.4,0.34
2.5,2.0,95,2,100,short,201,137,64,68.2,1614.6,1554.9,1.04
2.5,2.0,95,3,100,both,433,298,134,69.0,1908.6,1891.4,1.01
2.5,2.0,95,3,100,long,233,162,70,69.8,383.4,1154.4,0.33
2.5,2.0,95,3,100,short,200,136,64,68.0,1525.2,1554.9,0.98
2.5,2.0,95,4,100,both,432,298,133,69.1,2116.6,1891.4,1.12
2.5,2.0,95,4,100,long,232,162,69,70.1,591.4,1154.4,0.51
2.5,2.0,95,4,100,short,200,136,64,68.0,1525.2,1554.9,0.98
2.5,0.5,55,1,150,both,513,263,249,51.4,-557.0,1362.8,-0.41
2.5,0.5,55,1,150,long,262,135,126,51.7,-55.4,982.3,-0.06
2.5,0.5,55,1,150,short,251,128,123,51.0,-501.6,1038.2,-0.48
2.5,0.5,55,2,150,both,505,259,245,51.4,-414.5,1351.1,-0.31
2.5,0.5,55,2,150,long,258,132,125,51.4,-52.8,979.7,-0.05
2.5,0.5,55,2,150,short,247,127,120,51.4,-361.7,1009.7,-0.36
2.5,0.5,55,3,150,both,499,256,242,51.4,-672.8,1583.3,-0.42
2.5,0.5,55,3,150,long,255,131,123,51.6,-217.4,1192.6,-0.18
2.5,0.5,55,3,150,short,244,125,119,51.2,-455.4,1014.0,-0.45
2.5,0.5,55,4,150,both,497,255,241,51.4,-630.0,1578.8,-0.4
2.5,0.5,55,4,150,long,255,131,123,51.6,-217.4,1192.6,-0.18
2.5,0.5,55,4,150,short,242,124,118,51.2,-412.6,1009.5,-0.41
2.5,0.5,65,1,150,both,509,256,252,50.4,-537.1,1432.6,-0.37
2.5,0.5,65,1,150,long,260,130,129,50.2,-139.7,1035.2,-0.13
2.5,0.5,65,1,150,short,249,126,123,50.6,-397.4,1044.0,-0.38
2.5,0.5,65,2,150,both,503,254,248,50.6,-310.6,1414.0,-0.22
2.5,0.5,65,2,150,long,258,129,128,50.2,-53.1,1035.2,-0.05
2.5,0.5,65,2,150,short,245,125,120,51.0,-257.5,986.0,-0.26
2.5,0.5,65,3,150,both,497,251,245,50.6,-550.3,1638.5,-0.34
2.5,0.5,65,3,150,long,255,128,126,50.4,-199.1,1248.8,-0.16
2.5,0.5,65,3,150,short,242,123,119,50.8,-351.2,928.0,-0.38
2.5,0.5,65,4,150,both,493,249,243,50.6,-573.5,1650.8,-0.35
2.5,0.5,65,4,150,long,253,127,125,50.4,-265.1,1314.8,-0.2
2.5,0.5,65,4,150,short,240,122,118,50.8,-308.4,928.0,-0.33
2.5,0.5,75,1,150,both,507,252,254,49.8,-380.1,1396.3,-0.27
2.5,0.5,75,1,150,long,259,128,130,49.6,-301.8,1246.2,-0.24
2.5,0.5,75,1,150,short,248,124,124,50.0,-78.3,884.3,-0.09
2.5,0.5,75,2,150,both,500,250,249,50.1,-116.2,1384.6,-0.08
2.5,0.5,75,2,150,long,256,127,128,49.8,-177.8,1246.2,-0.14
2.5,0.5,75,2,150,short,244,123,121,50.4,61.6,826.3,0.07
2.5,0.5,75,3,150,both,494,247,246,50.1,-353.9,1616.8,-0.22
2.5,0.5,75,3,150,long,253,126,126,50.0,-321.8,1478.4,-0.22
2.5,0.5,75,3,150,short,241,121,120,50.2,-32.1,768.3,-0.04
2.5,0.5,75,4,150,both,491,246,244,50.2,-342.3,1634.0,-0.21
2.5,0.5,75,4,150,long,252,126,125,50.2,-263.8,1420.4,-0.19
2.5,0.5,75,4,150,short,239,120,119,50.2,-78.5,768.3,-0.1
2.5,0.5,85,1,150,both,503,246,256,49.0,586.3,878.5,0.67
2.5,0.5,85,1,150,long,258,125,132,48.6,70.6,941.7,0.07
2.5,0.5,85,1,150,short,245,121,124,49.4,515.7,715.5,0.72
2.5,0.5,85,2,150,both,498,245,252,49.3,1130.0,924.8,1.22
2.5,0.5,85,2,150,long,255,124,130,48.8,194.6,941.7,0.21
2.5,0.5,85,2,150,short,243,121,122,49.8,935.4,715.5,1.31
2.5,0.5,85,3,150,both,491,241,249,49.2,438.8,1197.0,0.37
2.5,0.5,85,3,150,long,252,123,128,49.0,4.6,1165.0,0.0
2.5,0.5,85,3,150,short,239,118,121,49.4,434.2,657.5,0.66
2.5,0.5,85,4,150,both,489,240,248,49.2,392.4,1339.7,0.29
2.5,0.5,85,4,150,long,251,123,127,49.2,62.6,1107.0,0.06
2.5,0.5,85,4,150,short,238,117,121,49.2,329.8,692.8,0.48
2.5,0.5,95,1,150,both,500,242,257,48.5,1054.7,909.8,1.16
2.5,0.5,95,1,150,long,255,122,132,48.0,265.5,941.7,0.28
2.5,0.5,95,1,150,short,245,120,125,49.0,789.2,542.1,1.46
2.5,0.5,95,2,150,both,497,242,254,48.8,1532.4,956.1,1.6
2.5,0.5,95,2,150,long,254,122,131,48.2,323.5,941.7,0.34
2.5,0.5,95,2,150,short,243,120,123,49.4,1208.9,581.4,2.08
2.5,0.5,95,3,150,both,490,237,252,48.5,804.9,1228.3,0.66
2.5,0.5,95,3,150,long,251,120,130,48.0,97.2,1165.0,0.08
2.5,0.5,95,3,150,short,239,117,122,49.0,707.7,581.4,1.22
2.5,0.5,95,4,150,both,488,236,251,48.5,758.5,1371.0,0.55
2.5,0.5,95,4,150,long,250,120,129,48.2,155.2,1107.0,0.14
2.5,0.5,95,4,150,short,238,116,122,48.7,603.3,724.1,0.83
2.5,0.75,55,1,150,both,499,308,190,61.8,1158.1,1119.7,1.03
2.5,0.75,55,1,150,long,254,155,98,61.3,226.4,892.4,0.25
2.5,0.75,55,1,150,short,245,153,92,62.4,931.7,985.1,0.95
2.5,0.75,55,2,150,both,493,305,187,62.0,1089.0,1159.2,0.94
2.5,0.75,55,2,150,long,251,153,97,61.2,233.3,903.6,0.26
2.5,0.75,55,2,150,short,242,152,90,62.8,855.7,1068.1,0.8
2.5,0.75,55,3,150,both,491,304,186,62.0,817.7,1355.5,0.6
2.5,0.75,55,3,150,long,250,153,96,61.4,57.4,1082.3,0.05
2.5,0.75,55,3,150,short,241,151,90,62.7,760.3,1068.1,0.71
2.5,0.75,55,4,150,both,489,304,184,62.3,998.5,1266.5,0.79
2.5,0.75,55,4,150,long,249,153,95,61.7,140.4,999.3,0.14
2.5,0.75,55,4,150,short,240,151,89,62.9,858.1,1068.1,0.8
2.5,0.75,65,1,150,both,492,298,193,60.7,1358.1,1118.2,1.21
2.5,0.75,65,1,150,long,250,148,101,59.4,47.4,1203.9,0.04
2.5,0.75,65,1,150,short,242,150,92,62.0,1310.7,990.9,1.32
2.5,0.75,65,2,150,both,488,297,190,61.0,1188.3,1100.6,1.08
2.5,0.75,65,2,150,long,249,148,100,59.7,138.3,1155.7,0.12
2.5,0.75,65,2,150,short,239,149,90,62.3,1050.0,1073.9,0.98
2.5,0.75,65,3,150,both,486,296,189,61.0,941.6,1292.9,0.73
2.5,0.75,65,3,150,long,248,148,99,59.9,-19.0,1322.6,-0.01
2.5,0.75,65,3,150,short,238,148,90,62.2,960.6,1073.9,0.89
2.5,0.75,65,4,150,both,482,295,186,61.3,1075.4,1209.9,0.89
2.5,0.75,65,4,150,long,245,147,97,60.2,23.0,1280.6,0.02
2.5,0.75,65,4,150,short,237,148,89,62.4,1052.4,1073.9,0.98
2.5,0.75,75,1,150,both,490,297,192,60.7,1831.7,1090.6,1.68
2.5,0.75,75,1,150,long,249,148,100,59.7,136.0,1236.6,0.11
2.5,0.75,75,1,150,short,241,149,92,61.8,1695.7,841.4,2.02
2.5,0.75,75,2,150,both,485,295,189,61.0,1645.7,1100.6,1.5
2.5,0.75,75,2,150,long,247,148,98,60.2,309.9,1213.2,0.26
2.5,0.75,75,2,150,short,238,147,91,61.8,1335.8,924.4,1.45
2.5,0.75,75,3,150,both,483,294,188,61.0,1401.0,1237.5,1.13
2.5,0.75,75,3,150,long,246,148,97,60.4,154.6,1398.7,0.11
2.5,0.75,75,3,150,short,237,146,91,61.6,1246.4,924.4,1.35
2.5,0.75,75,4,150,both,480,294,185,61.4,1658.8,1154.5,1.44
2.5,0.75,75,4,150,long,244,148,95,60.9,320.6,1232.7,0.26
2.5,0.75,75,4,150,short,236,146,90,61.9,1338.2,924.4,1.45
2.5,0.75,85,1,150,both,486,292,193,60.2,2683.6,924.5,2.9
2.5,0.75,85,1,150,long,248,146,101,59.1,463.6,921.3,0.5
2.5,0.75,85,1,150,short,238,146,92,61.3,2220.0,721.6,3.08
2.5,0.75,85,2,150,both,482,290,191,60.3,2414.6,958.4,2.52
2.5,0.75,85,2,150,long,246,146,99,59.6,637.5,921.3,0.69
2.5,0.75,85,2,150,short,236,144,92,61.0,1777.1,721.6,2.46
2.5,0.75,85,3,150,both,480,289,190,60.3,2176.0,972.0,2.24
2.5,0.75,85,3,150,long,245,146,98,59.8,488.3,1106.8,0.44
2.5,0.75,85,3,150,short,235,143,92,60.9,1687.7,721.6,2.34
2.5,0.75,85,4,150,both,478,289,188,60.6,2350.8,972.0,2.42
2.5,0.75,85,4,150,long,243,146,96,60.3,654.3,940.8,0.7
2.5,0.75,85,4,150,short,235,143,92,60.9,1696.5,721.6,2.35
2.5,0.75,95,1,150,both,482,287,194,59.7,3034.8,970.6,3.13
2.5,0.75,95,1,150,long,245,143,101,58.6,657.8,970.8,0.68
2.5,0.75,95,1,150,short,237,144,93,60.8,2377.0,685.6,3.47
2.5,0.75,95,2,150,both,480,286,193,59.7,2817.6,1004.5,2.8
2.5,0.75,95,2,150,long,244,143,100,58.8,740.8,967.4,0.77
2.5,0.75,95,2,150,short,236,143,93,60.6,2076.8,685.6,3.03
2.5,0.75,95,3,150,both,478,284,193,59.5,2542.7,1028.3,2.47
2.5,0.75,95,3,150,long,243,142,100,58.7,555.3,1152.9,0.48
2.5,0.75,95,3,150,short,235,142,93,60.4,1987.4,685.6,2.9
2.5,0.75,95,4,150,both,476,284,191,59.8,2717.5,1028.3,2.64
2.5,0.75,95,4,150,long,241,142,98,59.2,721.3,986.9,0.73
2.5,0.75,95,4,150,short,235,142,93,60.4,1996.2,685.6,2.91
2.5,1.0,55,1,150,both,492,321,170,65.4,557.2,2000.0,0.28
2.5,1.0,55,1,150,long,249,163,85,65.7,74.3,1157.8,0.06
2.5,1.0,55,1,150,short,243,158,85,65.0,482.9,1197.5,0.4
2.5,1.0,55,2,150,both,485,318,166,65.7,646.1,1910.6,0.34
2.5,1.0,55,2,150,long,246,161,84,65.7,106.2,1111.0,0.1
2.5,1.0,55,2,150,short,239,157,82,65.7,539.9,1164.7,0.46
2.5,1.0,55,3,150,both,483,318,164,66.0,668.3,1841.8,0.36
2.5,1.0,55,3,150,long,246,162,83,66.1,115.8,1111.0,0.1
2.5,1.0,55,3,150,short,237,156,81,65.8,552.5,1062.7,0.52
2.5,1.0,55,4,150,both,482,318,163,66.1,791.1,1727.8,0.46
2.5,1.0,55,4,150,long,246,162,83,66.1,115.8,1111.0,0.1
2.5,1.0,55,4,150,short,236,156,80,66.1,675.3,953.9,0.71
2.5,1.0,65,1,150,both,485,311,173,64.3,760.5,2179.7,0.35
2.5,1.0,65,1,150,long,245,156,88,63.9,-76.4,1476.0,-0.05
2.5,1.0,65,1,150,short,240,155,85,64.6,836.9,1151.3,0.73
2.5,1.0,65,2,150,both,480,310,169,64.7,748.7,2060.2,0.36
2.5,1.0,65,2,150,long,244,156,87,64.2,39.5,1476.0,0.03
2.5,1.0,65,2,150,short,236,154,82,65.3,709.2,1045.2,0.68
2.5,1.0,65,3,150,both,477,309,167,64.9,782.0,1985.4,0.39
2.5,1.0,65,3,150,long,243,156,86,64.5,54.2,1476.0,0.04
2.5,1.0,65,3,150,short,234,153,81,65.4,727.8,967.0,0.75
2.5,1.0,65,4,150,both,474,308,165,65.1,882.8,1885.5,0.47
2.5,1.0,65,4,150,long,241,155,85,64.6,38.2,1476.0,0.03
2.5,1.0,65,4,150,short,233,153,80,65.7,844.6,937.2,0.9
2.5,1.0,75,1,150,both,483,310,172,64.3,1219.1,2142.1,0.57
2.5,1.0,75,1,150,long,244,156,87,64.2,12.2,1476.0,0.01
2.5,1.0,75,1,150,short,239,154,85,64.4,1206.9,1113.7,1.08
2.5,1.0,75,2,150,both,477,307,169,64.5,1060.9,1926.1,0.55
2.5,1.0,75,2,150,long,242,155,86,64.3,80.9,1476.0,0.05
2.5,1.0,75,2,150,short,235,152,83,64.7,980.0,929.4,1.05
2.5,1.0,75,3,150,both,474,306,167,64.7,1096.2,1926.1,0.57
2.5,1.0,75,3,150,long,241,155,85,64.6,97.6,1476.0,0.07
2.5,1.0,75,3,150,short,233,151,82,64.8,998.6,929.4,1.07
2.5,1.0,75,4,150,both,472,306,165,65.0,1321.0,1847.9,0.71
2.5,1.0,75,4,150,long,240,155,84,64.9,205.6,1476.0,0.14
2.5,1.0,75,4,150,short,232,151,81,65.1,1115.4,851.2,1.31
2.5,1.0,85,1,150,both,479,305,173,63.8,2120.3,1763.7,1.2
2.5,1.0,85,1,150,long,243,154,88,63.6,314.8,1241.2,0.25
2.5,1.0,85,1,150,short,236,151,85,64.0,1805.5,939.2,1.92
2.5,1.0,85,2,150,both,474,302,171,63.8,1854.1,1655.7,1.12
2.5,1.0,85,2,150,long,241,153,87,63.7,383.5,1241.2,0.31
2.5,1.0,85,2,150,short,233,149,84,63.9,1470.6,831.2,1.77
2.5,1.0,85,3,150,both,471,301,169,64.0,1895.5,1655.7,1.14
2.5,1.0,85,3,150,long,240,153,86,64.0,406.3,1241.2,0.33
2.5,1.0,85,3,150,short,231,148,83,64.1,1489.2,831.2,1.79
2.5,1.0,85,4,150,both,470,301,168,64.2,2012.3,1655.7,1.22
2.5,1.0,85,4,150,long,239,153,85,64.3,514.3,1241.2,0.41
2.5,1.0,85,4,150,short,231,148,83,64.1,1498.0,831.2,1.8
2.5,1.0,95,1,150,both,475,300,174,63.3,2436.4,1699.9,1.43
2.5,1.0,95,1,150,long,240,150,89,62.8,353.8,1310.1,0.27
2.5,1.0,95,1,150,short,235,150,85,63.8,2082.6,875.4,2.38
2.5,1.0,95,2,150,both,472,299,172,63.5,2352.2,1591.9,1.48
2.5,1.0,95,2,150,long,239,150,88,63.0,461.8,1287.3,0.36
2.5,1.0,95,2,150,short,233,149,84,63.9,1890.4,809.9,2.33
2.5,1.0,95,3,150,both,469,297,171,63.5,2357.3,1591.9,1.48
2.5,1.0,95,3,150,long,238,149,88,62.9,448.3,1287.3,0.35
2.5,1.0,95,3,150,short,231,148,83,64.1,1909.0,809.9,2.36
2.5,1.0,95,4,150,both,468,297,170,63.6,2474.1,1591.9,1.55
2.5,1.0,95,4,150,long,237,149,87,63.1,556.3,1287.3,0.43
2.5,1.0,95,4,150,short,231,148,83,64.1,1917.8,809.9,2.37
2.5,1.25,55,1,150,both,487,330,156,67.9,-82.8,2126.6,-0.04
2.5,1.25,55,1,150,long,246,169,76,69.0,-40.6,1114.6,-0.04
2.5,1.25,55,1,150,short,241,161,80,66.8,-42.2,1577.2,-0.03
2.5,1.25,55,2,150,both,480,326,153,68.1,-66.8,2028.6,-0.03
2.5,1.25,55,2,150,long,244,167,76,68.7,-116.7,1138.0,-0.1
2.5,1.25,55,2,150,short,236,159,77,67.4,49.9,1532.7,0.03
2.5,1.25,55,3,150,both,479,326,152,68.2,-152.6,2067.8,-0.07
2.5,1.25,55,3,150,long,244,168,75,69.1,-107.1,1138.0,-0.09
2.5,1.25,55,3,150,short,235,158,77,67.2,-45.5,1538.7,-0.03
2.5,1.25,55,4,150,both,478,326,151,68.3,-4.8,1928.8,-0.0
2.5,1.25,55,4,150,long,244,168,75,69.1,-107.1,1138.0,-0.09
2.5,1.25,55,4,150,short,234,158,76,67.5,102.3,1399.7,0.07
2.5,1.25,65,1,150,both,480,320,159,66.8,74.1,2141.5,0.03
2.5,1.25,65,1,150,long,242,162,79,67.2,-241.3,1418.6,-0.17
2.5,1.25,65,1,150,short,238,158,80,66.4,315.4,1485.7,0.21
2.5,1.25,65,2,150,both,475,318,156,67.1,-10.6,2228.2,-0.0
2.5,1.25,65,2,150,long,242,162,79,67.2,-233.4,1418.6,-0.16
2.5,1.25,65,2,150,short,233,156,77,67.0,222.8,1317.3,0.17
2.5,1.25,65,3,150,both,473,317,155,67.2,-85.3,2261.4,-0.04
2.5,1.25,65,3,150,long,241,162,78,67.5,-218.7,1415.1,-0.15
2.5,1.25,65,3,150,short,232,155,77,66.8,133.4,1317.3,0.1
2.5,1.25,65,4,150,both,470,316,153,67.4,65.5,2128.4,0.03
2.5,1.25,65,4,150,long,239,161,77,67.6,-209.7,1415.1,-0.15
2.5,1.25,65,4,150,short,231,155,76,67.1,275.2,1184.3,0.23
2.5,1.25,75,1,150,both,478,319,158,66.9,507.7,2058.0,0.25
2.5,1.25,75,1,150,long,241,162,78,67.5,-152.7,1476.1,-0.1
2.5,1.25,75,1,150,short,237,157,80,66.2,660.4,1358.9,0.49
2.5,1.25,75,2,150,both,472,315,156,66.9,276.6,2017.0,0.14
2.5,1.25,75,2,150,long,240,161,78,67.4,-192.0,1476.1,-0.13
2.5,1.25,75,2,150,short,232,154,78,66.4,468.6,1235.6,0.38
2.5,1.25,75,3,150,both,470,314,155,67.0,203.9,2050.2,0.1
2.5,1.25,75,3,150,long,239,161,77,67.6,-175.3,1489.6,-0.12
2.5,1.25,75,3,150,short,231,153,78,66.2,379.2,1235.6,0.31
2.5,1.25,75,4,150,both,468,314,153,67.2,478.7,1917.2,0.25
2.5,1.25,75,4,150,long,238,161,76,67.9,-42.3,1415.1,-0.03
2.5,1.25,75,4,150,short,230,153,77,66.5,521.0,1132.4,0.46
2.5,1.25,85,1,150,both,474,314,159,66.4,1383.9,1679.6,0.82
2.5,1.25,85,1,150,long,240,160,79,66.9,124.9,1234.2,0.1
2.5,1.25,85,1,150,short,234,154,80,65.8,1259.0,1184.4,1.06
2.5,1.25,85,2,150,both,469,310,158,66.2,1019.8,1557.7,0.65
2.5,1.25,85,2,150,long,239,159,79,66.8,85.6,1234.2,0.07
2.5,1.25,85,2,150,short,230,151,79,65.7,934.2,1194.1,0.78
2.5,1.25,85,3,150,both,467,309,157,66.3,953.2,1557.7,0.61
2.5,1.25,85,3,150,long,238,159,78,67.1,108.4,1247.7,0.09
2.5,1.25,85,3,150,short,229,150,79,65.5,844.8,1194.1,0.71
2.5,1.25,85,4,150,both,466,309,156,66.5,1095.0,1557.7,0.7
2.5,1.25,85,4,150,long,237,159,77,67.4,241.4,1205.3,0.2
2.5,1.25,85,4,150,short,229,150,79,65.5,853.6,1194.1,0.71
2.5,1.25,95,1,150,both,470,309,160,65.9,1675.0,1615.8,1.04
2.5,1.25,95,1,150,long,237,156,80,66.1,138.9,1329.6,0.1
2.5,1.25,95,1,150,short,233,153,80,65.7,1536.1,1282.8,1.2
2.5,1.25,95,2,150,both,467,307,159,65.9,1492.9,1482.8,1.01
2.5,1.25,95,2,150,long,237,156,80,66.1,138.9,1329.6,0.1
2.5,1.25,95,2,150,short,230,151,79,65.7,1354.0,1149.8,1.18
2.5,1.25,95,3,150,both,465,305,159,65.7,1390.0,1482.8,0.94
2.5,1.25,95,3,150,long,236,155,80,66.0,125.4,1343.1,0.09
2.5,1.25,95,3,150,short,229,150,79,65.5,1264.6,1149.8,1.1
2.5,1.25,95,4,150,both,464,305,158,65.9,1531.8,1482.8,1.03
2.5,1.25,95,4,150,long,235,155,79,66.2,258.4,1251.4,0.21
2.5,1.25,95,4,150,short,229,150,79,65.5,1273.4,1149.8,1.11
2.5,1.5,55,1,150,both,483,332,150,68.9,-353.1,2587.2,-0.14
2.5,1.5,55,1,150,long,244,171,72,70.4,470.9,973.7,0.48
2.5,1.5,55,1,150,short,239,161,78,67.4,-824.0,2480.5,-0.33
2.5,1.5,55,2,150,both,477,329,147,69.1,-358.1,2739.7,-0.13
2.5,1.5,55,2,150,long,242,169,72,70.1,394.8,973.7,0.41
2.5,1.5,55,2,150,short,235,160,75,68.1,-752.9,2613.8,-0.29
2.5,1.5,55,3,150,both,476,329,146,69.3,-443.9,2778.9,-0.16
2.5,1.5,55,3,150,long,242,170,71,70.5,404.4,973.7,0.42
2.5,1.5,55,3,150,short,234,159,75,67.9,-848.3,2619.8,-0.32
2.5,1.5,55,4,150,both,475,329,145,69.4,-149.6,2493.4,-0.06
2.5,1.5,55,4,150,long,242,170,71,70.5,525.9,852.2,0.62
2.5,1.5,55,4,150,short,233,159,74,68.2,-675.5,2455.8,-0.28
2.5,1.5,65,1,150,both,476,324,151,68.2,12.6,2464.8,0.01
2.5,1.5,65,1,150,long,240,166,73,69.5,479.0,1251.4,0.38
2.5,1.5,65,1,150,short,236,158,78,66.9,-466.4,2080.4,-0.22
2.5,1.5,65,2,150,both,472,323,148,68.6,-93.1,2802.0,-0.03
2.5,1.5,65,2,150,long,240,166,73,69.5,486.9,1251.4,0.39
2.5,1.5,65,2,150,short,232,157,75,67.7,-580.0,2398.4,-0.24
2.5,1.5,65,3,150,both,470,322,147,68.7,-167.8,2835.2,-0.06
2.5,1.5,65,3,150,long,239,166,72,69.7,501.6,1251.4,0.4
2.5,1.5,65,3,150,short,231,156,75,67.5,-669.4,2398.4,-0.28
2.5,1.5,65,4,150,both,467,321,145,68.9,154.5,2555.7,0.06
2.5,1.5,65,4,150,long,237,165,71,69.9,657.1,1129.9,0.58
2.5,1.5,65,4,150,short,230,156,74,67.8,-502.6,2240.4,-0.22
2.5,1.5,75,1,150,both,474,323,150,68.3,421.2,2253.6,0.19
2.5,1.5,75,1,150,long,239,166,72,69.7,567.6,1251.4,0.45
2.5,1.5,75,1,150,short,235,157,78,66.8,-146.4,1924.9,-0.08
2.5,1.5,75,2,150,both,469,320,148,68.4,169.1,2590.8,0.07
2.5,1.5,75,2,150,long,238,165,72,69.6,528.3,1251.4,0.42
2.5,1.5,75,2,150,short,231,155,76,67.1,-359.2,2321.8,-0.15
2.5,1.5,75,3,150,both,467,319,147,68.5,96.4,2624.0,0.04
2.5,1.5,75,3,150,long,237,165,71,69.9,545.0,1251.4,0.44
2.5,1.5,75,3,150,short,230,154,76,67.0,-448.6,2321.8,-0.19
2.5,1.5,75,4,150,both,465,319,145,68.8,542.7,2344.5,0.23
2.5,1.5,75,4,150,long,236,165,70,70.2,824.5,1129.9,0.73
2.5,1.5,75,4,150,short,229,154,75,67.2,-281.8,2163.8,-0.13
2.5,1.5,85,1,150,both,470,319,150,68.0,1510.5,1790.9,0.84
2.5,1.5,85,1,150,long,238,164,73,69.2,971.3,915.5,1.06
2.5,1.5,85,1,150,short,232,155,77,66.8,539.2,1556.4,0.35
2.5,1.5,85,2,150,both,466,315,150,67.7,1013.4,2030.4,0.5
2.5,1.5,85,2,150,long,237,163,73,69.1,932.0,915.5,1.02
2.5,1.5,85,2,150,short,229,152,77,66.4,81.4,2051.8,0.04
2.5,1.5,85,3,150,both,464,314,149,67.8,946.8,2030.4,0.47
2.5,1.5,85,3,150,long,236,163,72,69.4,954.8,915.5,1.04
2.5,1.5,85,3,150,short,228,151,77,66.2,-8.0,2051.8,-0.0
2.5,1.5,85,4,150,both,463,314,148,68.0,1113.6,2030.4,0.55
2.5,1.5,85,4,150,long,235,163,71,69.7,1112.8,915.5,1.22
2.5,1.5,85,4,150,short,228,151,77,66.2,0.8,2051.8,0.0
2.5,1.5,95,1,150,both,466,315,150,67.7,1938.5,1785.0,1.09
2.5,1.5,95,1,150,long,235,161,73,68.8,1122.2,961.6,1.17
2.5,1.5,95,1,150,short,231,154,77,66.7,816.3,1630.9,0.5
2.5,1.5,95,2,150,both,464,313,150,67.6,1623.4,1961.3,0.83
2.5,1.5,95,2,150,long,235,161,73,68.8,1122.2,961.6,1.17
2.5,1.5,95,2,150,short,229,152,77,66.4,501.2,1782.4,0.28
2.5,1.5,95,3,150,both,462,311,150,67.5,1520.5,1961.3,0.78
2.5,1.5,95,3,150,long,234,160,73,68.7,1108.7,961.6,1.15
2.5,1.5,95,3,150,short,228,151,77,66.2,411.8,1782.4,0.23
2.5,1.5,95,4,150,both,461,311,149,67.6,1687.3,1961.3,0.86
2.5,1.5,95,4,150,long,233,160,72,69.0,1266.7,961.6,1.32
2.5,1.5,95,4,150,short,228,151,77,66.2,420.6,1782.4,0.24
2.5,2.0,55,1,150,both,477,335,141,70.4,-268.3,2899.2,-0.09
2.5,2.0,55,1,150,long,243,174,68,71.9,-142.5,1292.4,-0.11
2.5,2.0,55,1,150,short,234,161,73,68.8,-125.8,2107.1,-0.06
2.5,2.0,55,2,150,both,472,333,138,70.7,-404.1,2833.9,-0.14
2.5,2.0,55,2,150,long,241,172,68,71.7,-207.2,1304.4,-0.16
2.5,2.0,55,2,150,short,231,161,70,69.7,-196.9,2098.8,-0.09
2.5,2.0,55,3,150,both,471,333,137,70.9,-489.1,2833.1,-0.17
2.5,2.0,55,3,150,long,241,173,67,72.1,-196.8,1303.6,-0.15
2.5,2.0,55,3,150,short,230,160,70,69.6,-292.3,2098.8,-0.14
2.5,2.0,55,4,150,both,470,333,136,71.0,-244.3,2632.9,-0.09
2.5,2.0,55,4,150,long,241,173,67,72.1,-174.8,1281.6,-0.14
2.5,2.0,55,4,150,short,229,160,69,69.9,-69.5,1920.6,-0.04
2.5,2.0,65,1,150,both,470,327,142,69.7,212.4,2941.6,0.07
2.5,2.0,65,1,150,long,239,169,69,71.0,-19.4,1265.6,-0.02
2.5,2.0,65,1,150,short,231,158,73,68.4,231.8,2060.9,0.11
2.5,2.0,65,2,150,both,467,327,139,70.2,-24.1,2876.3,-0.01
2.5,2.0,65,2,150,long,239,169,69,71.0,-0.1,1254.2,-0.0
2.5,2.0,65,2,150,short,228,158,70,69.3,-24.0,2052.6,-0.01
2.5,2.0,65,3,150,both,465,326,138,70.3,-98.0,2875.5,-0.03
2.5,2.0,65,3,150,long,238,169,68,71.3,15.4,1253.4,0.01
2.5,2.0,65,3,150,short,227,157,70,69.2,-113.4,2052.6,-0.06
2.5,2.0,65,4,150,both,462,325,136,70.5,224.8,2675.3,0.08
2.5,2.0,65,4,150,long,236,168,67,71.5,121.4,1231.4,0.1
2.5,2.0,65,4,150,short,226,157,69,69.5,103.4,1874.4,0.06
2.5,2.0,75,1,150,both,468,326,141,69.8,744.3,2904.0,0.26
2.5,2.0,75,1,150,long,238,169,68,71.3,69.2,1309.3,0.05
2.5,2.0,75,1,150,short,230,157,73,68.3,675.1,2023.3,0.33
2.5,2.0,75,2,150,both,464,324,139,70.0,361.4,2838.7,0.13
2.5,2.0,75,2,150,long,237,168,68,71.2,41.3,1297.9,0.03
2.5,2.0,75,2,150,short,227,156,71,68.7,320.1,2015.0,0.16
2.5,2.0,75,3,150,both,462,323,138,70.1,289.5,2837.9,0.1
2.5,2.0,75,3,150,long,236,168,67,71.5,58.8,1310.6,0.04
2.5,2.0,75,3,150,short,226,155,71,68.6,230.7,2015.0,0.11
2.5,2.0,75,4,150,both,460,323,136,70.4,736.3,2637.7,0.28
2.5,2.0,75,4,150,long,235,168,66,71.8,288.8,1231.4,0.23
2.5,2.0,75,4,150,short,225,155,70,68.9,447.5,1836.8,0.24
2.5,2.0,85,1,150,both,464,322,141,69.5,1761.5,2544.7,0.69
2.5,2.0,85,1,150,long,237,167,69,70.8,472.9,941.3,0.5
2.5,2.0,85,1,150,short,227,155,72,68.3,1288.6,1867.9,0.69
2.5,2.0,85,2,150,both,461,319,141,69.3,1279.3,2544.7,0.5
2.5,2.0,85,2,150,long,236,166,69,70.6,433.6,941.3,0.46
2.5,2.0,85,2,150,short,225,153,72,68.0,845.7,1867.9,0.45
2.5,2.0,85,3,150,both,459,318,140,69.4,1212.7,2544.7,0.48
2.5,2.0,85,3,150,long,235,166,68,70.9,456.4,954.8,0.48
2.5,2.0,85,3,150,short,224,152,72,67.9,756.3,1867.9,0.4
2.5,2.0,85,4,150,both,458,318,139,69.6,1429.5,2544.7,0.56
2.5,2.0,85,4,150,long,234,166,67,71.2,664.4,929.7,0.71
2.5,2.0,85,4,150,short,224,152,72,67.9,765.1,1867.9,0.41
2.5,2.0,95,1,150,both,460,317,142,69.1,2176.1,2480.9,0.88
2.5,2.0,95,1,150,long,234,163,70,70.0,610.4,982.8,0.62
2.5,2.0,95,1,150,short,226,154,72,68.1,1565.7,1825.4,0.86
2.5,2.0,95,2,150,both,459,316,142,69.0,1875.9,2480.9,0.76
2.5,2.0,95,2,150,long,234,163,70,70.0,610.4,982.8,0.62
2.5,2.0,95,2,150,short,225,153,72,68.0,1265.5,1825.4,0.69
2.5,2.0,95,3,150,both,457,314,142,68.9,1773.0,2480.9,0.71
2.5,2.0,95,3,150,long,233,162,70,69.8,596.9,996.3,0.6
2.5,2.0,95,3,150,short,224,152,72,67.9,1176.1,1825.4,0.64
2.5,2.0,95,4,150,both,456,314,141,69.0,1989.8,2480.9,0.8
2.5,2.0,95,4,150,long,232,162,69,70.1,804.9,971.2,0.83
2.5,2.0,95,4,150,short,224,152,72,67.9,1184.9,1825.4,0.65
2.5,0.5,55,1,200,both,538,277,260,51.6,-266.3,1305.1,-0.2
2.5,0.5,55,1,200,long,272,142,129,52.4,338.5,878.1,0.39
2.5,0.5,55,1,200,short,266,135,131,50.8,-604.8,980.7,-0.62
2.5,0.5,55,2,200,both,526,271,254,51.6,-166.0,1224.1,-0.14
2.5,0.5,55,2,200,long,266,138,127,52.1,318.4,956.2,0.33
2.5,0.5,55,2,200,short,260,133,127,51.2,-484.4,1007.7,-0.48
2.5,0.5,55,3,200,both,517,267,249,51.7,-415.0,1444.9,-0.29
2.5,0.5,55,3,200,long,261,136,124,52.3,105.1,1145.6,0.09
2.5,0.5,55,3,200,short,256,131,125,51.2,-520.1,954.0,-0.55
2.5,0.5,55,4,200,both,515,267,247,51.9,-310.0,1384.4,-0.22
2.5,0.5,55,4,200,long,260,136,123,52.5,163.1,1087.6,0.15
2.5,0.5,55,4,200,short,255,131,124,51.4,-473.1,932.1,-0.51
2.5,0.5,65,1,200,both,534,271,262,50.8,-111.2,1270.1,-0.09
2.5,0.5,65,1,200,long,270,138,131,51.3,389.4,790.8,0.49
2.5,0.5,65,1,200,short,264,133,131,50.4,-500.6,976.4,-0.51
2.5,0.5,65,2,200,both,524,267,256,51.1,73.1,1105.1,0.07
2.5,0.5,65,2,200,long,266,136,129,51.3,453.3,784.9,0.58
2.5,0.5,65,2,200,short,258,131,127,50.8,-380.2,995.9,-0.38
2.5,0.5,65,3,200,both,515,263,251,51.2,-157.3,1307.3,-0.12
2.5,0.5,65,3,200,long,261,134,126,51.5,258.6,955.7,0.27
2.5,0.5,65,3,200,short,254,129,125,50.8,-415.9,937.9,-0.44
2.5,0.5,65,4,200,both,511,261,249,51.2,-180.5,1375.0,-0.13
2.5,0.5,65,4,200,long,258,133,124,51.8,250.6,963.7,0.26
2.5,0.5,65,4,200,short,253,128,125,50.6,-431.1,937.9,-0.46
2.5,0.5,75,1,200,both,532,267,264,50.3,45.8,1188.6,0.04
2.5,0.5,75,1,200,long,269,136,132,50.7,227.3,951.0,0.24
2.5,0.5,75,1,200,short,263,131,132,49.8,-181.5,816.7,-0.22
2.5,0.5,75,2,200,both,521,263,257,50.6,267.5,986.2,0.27
2.5,0.5,75,2,200,long,264,134,129,51.0,328.6,953.1,0.34
2.5,0.5,75,2,200,short,257,129,128,50.2,-61.1,836.2,-0.07
2.5,0.5,75,3,200,both,512,259,252,50.7,39.1,1186.4,0.03
2.5,0.5,75,3,200,long,259,132,126,51.2,135.9,1185.3,0.11
2.5,0.5,75,3,200,short,253,127,126,50.2,-96.8,778.2,-0.12
2.5,0.5,75,4,200,both,509,258,250,50.8,50.7,1219.3,0.04
2.5,0.5,75,4,200,long,257,132,124,51.6,251.9,1069.3,0.24
2.5,0.5,75,4,200,short,252,126,126,50.0,-201.2,778.2,-0.26
2.5,0.5,85,1,200,both,528,261,266,49.5,1059.7,665.5,1.59
2.5,0.5,85,1,200,long,268,133,134,49.8,588.0,781.6,0.75
2.5,0.5,85,1,200,short,260,128,132,49.2,471.7,647.9,0.73
2.5,0.5,85,2,200,both,519,258,260,49.8,1561.2,665.5,2.35
2.5,0.5,85,2,200,long,263,131,131,50.0,689.3,827.8,0.83
2.5,0.5,85,2,200,short,256,127,129,49.6,871.9,725.4,1.2
2.5,0.5,85,3,200,both,509,253,255,49.8,879.3,729.1,1.21
2.5,0.5,85,3,200,long,258,129,128,50.2,450.6,1013.3,0.44
2.5,0.5,85,3,200,short,251,124,127,49.4,428.7,667.4,0.64
2.5,0.5,85,4,200,both,506,252,253,49.9,890.9,858.3,1.04
2.5,0.5,85,4,200,long,256,129,126,50.6,566.6,955.3,0.59
2.5,0.5,85,4,200,short,250,123,127,49.2,324.3,667.4,0.49
2.5,0.5,95,1,200,both,525,257,267,49.0,1595.2,711.6,2.24
2.5,0.5,95,1,200,long,265,130,134,49.2,842.5,781.6,1.08
2.5,0.5,95,1,200,short,260,127,133,48.8,752.7,499.8,1.51
2.5,0.5,95,2,200,both,518,255,262,49.3,2030.7,711.6,2.85
2.5,0.5,95,2,200,long,262,129,132,49.4,877.8,827.8,1.06
2.5,0.5,95,2,200,short,256,126,130,49.2,1152.9,546.1,2.11
2.5,0.5,95,3,200,both,508,249,258,49.1,1312.5,760.4,1.73
2.5,0.5,95,3,200,long,257,126,130,49.2,602.8,1013.3,0.59
2.5,0.5,95,3,200,short,251,123,128,49.0,709.7,542.1,1.31
2.5,0.5,95,4,200,both,505,248,256,49.2,1324.1,889.6,1.49
2.5,0.5,95,4,200,long,255,126,128,49.6,718.8,955.3,0.75
2.5,0.5,95,4,200,short,250,122,128,48.8,605.3,630.8,0.96
2.5,0.75,55,1,200,both,519,316,202,61.0,851.2,950.7,0.9
2.5,0.75,55,1,200,long,261,160,100,61.5,655.8,832.8,0.79
2.5,0.75,55,1,200,short,258,156,102,60.5,195.4,1078.0,0.18
2.5,0.75,55,2,200,both,511,312,198,61.2,784.4,1020.8,0.77
2.5,0.75,55,2,200,long,257,157,99,61.3,582.0,825.9,0.7
2.5,0.75,55,2,200,short,254,155,99,61.0,202.4,1161.0,0.17
2.5,0.75,55,3,200,both,505,310,194,61.5,655.4,964.9,0.68
2.5,0.75,55,3,200,long,254,156,97,61.7,382.4,847.0,0.45
2.5,0.75,55,3,200,short,251,154,97,61.4,273.0,1078.0,0.25
2.5,0.75,55,4,200,both,504,311,192,61.8,840.4,912.8,0.92
2.5,0.75,55,4,200,long,253,156,96,61.9,465.4,764.0,0.61
2.5,0.75,55,4,200,short,251,155,96,61.8,375.0,1078.0,0.35
2.5,0.75,65,1,200,both,513,308,204,60.2,1259.1,912.8,1.38
2.5,0.75,65,1,200,long,257,154,102,60.2,598.6,882.3,0.68
2.5,0.75,65,1,200,short,256,154,102,60.2,660.5,1083.8,0.61
2.5,0.75,65,2,200,both,507,306,200,60.5,1091.6,1018.9,1.07
2.5,0.75,65,2,200,long,255,153,101,60.2,608.8,810.0,0.75
2.5,0.75,65,2,200,short,252,153,99,60.7,482.8,1166.8,0.41
2.5,0.75,65,3,200,both,501,304,196,60.8,987.2,935.9,1.05
2.5,0.75,65,3,200,long,252,152,99,60.6,427.8,934.1,0.46
2.5,0.75,65,3,200,short,249,152,97,61.0,559.4,1083.8,0.52
2.5,0.75,65,4,200,both,498,303,194,61.0,1038.0,935.9,1.11
2.5,0.75,65,4,200,long,249,151,97,60.9,469.8,892.1,0.53
2.5,0.75,65,4,200,short,249,152,97,61.0,568.2,1083.8,0.52
2.5,0.75,75,1,200,both,511,307,203,60.2,1732.7,912.8,1.9
2.5,0.75,75,1,200,long,256,154,101,60.4,687.2,913.9,0.75
2.5,0.75,75,1,200,short,255,153,102,60.0,1045.5,934.3,1.12
2.5,0.75,75,2,200,both,504,304,199,60.4,1549.0,1018.9,1.52
2.5,0.75,75,2,200,long,253,153,99,60.7,780.4,781.1,1.0
2.5,0.75,75,2,200,short,251,151,100,60.2,768.6,1017.3,0.76
2.5,0.75,75,3,200,both,498,302,195,60.8,1446.6,935.9,1.55
2.5,0.75,75,3,200,long,250,152,97,61.0,601.4,966.6,0.62
2.5,0.75,75,3,200,short,248,150,98,60.5,845.2,934.3,0.9
2.5,0.75,75,4,200,both,496,302,193,61.0,1621.4,935.9,1.73
2.5,0.75,75,4,200,long,248,152,95,61.5,767.4,800.6,0.96
2.5,0.75,75,4,200,short,248,150,98,60.5,854.0,934.3,0.91
2.5,0.75,85,1,200,both,507,302,204,59.7,2632.1,842.8,3.12
2.5,0.75,85,1,200,long,255,152,102,59.8,1003.1,865.8,1.16
2.5,0.75,85,1,200,short,252,150,102,59.5,1629.0,731.5,2.23
2.5,0.75,85,2,200,both,501,299,201,59.8,2365.4,876.7,2.7
2.5,0.75,85,2,200,long,252,151,100,60.2,1096.3,761.4,1.44
2.5,0.75,85,2,200,short,249,148,101,59.4,1269.1,758.1,1.67
2.5,0.75,85,3,200,both,495,297,197,60.1,2269.1,842.8,2.69
2.5,0.75,85,3,200,long,249,150,98,60.5,923.4,761.4,1.21
2.5,0.75,85,3,200,short,246,147,99,59.8,1345.7,731.5,1.84
2.5,0.75,85,4,200,both,493,297,195,60.4,2443.9,842.8,2.9
2.5,0.75,85,4,200,long,247,150,96,61.0,1089.4,717.7,1.52
2.5,0.75,85,4,200,short,246,147,99,59.8,1354.5,731.5,1.85
2.5,0.75,95,1,200,both,503,297,205,59.2,3050.4,888.9,3.43
2.5,0.75,95,1,200,long,252,149,102,59.4,1256.9,893.9,1.41
2.5,0.75,95,1,200,short,251,148,103,59.0,1793.5,685.6,2.62
2.5,0.75,95,2,200,both,499,295,203,59.2,2835.5,922.8,3.07
2.5,0.75,95,2,200,long,250,148,101,59.4,1259.2,810.9,1.55
2.5,0.75,95,2,200,short,249,147,102,59.0,1576.3,685.6,2.3
2.5,0.75,95,3,200,both,493,292,200,59.3,2702.9,888.9,3.04
2.5,0.75,95,3,200,long,247,146,100,59.3,1050.0,810.9,1.29
2.5,0.75,95,3,200,short,246,146,100,59.3,1652.9,685.6,2.41
2.5,0.75,95,4,200,both,491,292,198,59.6,2877.7,888.9,3.24
2.5,0.75,95,4,200,long,245,146,98,59.8,1216.0,763.8,1.59
2.5,0.75,95,4,200,short,246,146,100,59.3,1661.7,685.6,2.42
2.5,1.0,55,1,200,both,508,329,178,64.9,437.7,1427.4,0.31
2.5,1.0,55,1,200,long,255,168,86,66.1,511.8,872.2,0.59
2.5,1.0,55,1,200,short,253,161,92,63.6,-74.1,1239.5,-0.06
2.5,1.0,55,2,200,both,500,326,173,65.3,634.6,1256.5,0.51
2.5,1.0,55,2,200,long,252,166,85,66.1,543.7,872.2,0.62
2.5,1.0,55,2,200,short,248,160,88,64.5,90.9,1100.3,0.08
2.5,1.0,55,3,200,both,496,326,169,65.9,863.1,1210.6,0.71
2.5,1.0,55,3,200,long,251,167,83,66.8,651.6,872.2,0.75
2.5,1.0,55,3,200,short,245,159,86,64.9,211.5,998.3,0.21
2.5,1.0,55,4,200,both,496,327,168,66.1,990.1,1132.4,0.87
2.5,1.0,55,4,200,long,251,167,83,66.8,651.6,872.2,0.75
2.5,1.0,55,4,200,short,245,160,85,65.3,338.5,941.3,0.36
2.5,1.0,65,1,200,both,502,320,181,63.9,614.4,1606.3,0.38
2.5,1.0,65,1,200,long,251,161,89,64.4,248.4,1001.7,0.25
2.5,1.0,65,1,200,short,251,159,92,63.3,366.0,1057.5,0.35
2.5,1.0,65,2,200,both,496,319,176,64.4,710.6,1406.4,0.51
2.5,1.0,65,2,200,long,250,161,88,64.7,364.3,962.9,0.38
2.5,1.0,65,2,200,short,246,158,88,64.2,346.3,1055.1,0.33
2.5,1.0,65,3,200,both,492,319,172,65.0,963.7,1390.3,0.69
2.5,1.0,65,3,200,long,249,162,86,65.3,490.8,962.9,0.51
2.5,1.0,65,3,200,short,243,157,86,64.6,472.9,947.1,0.5
2.5,1.0,65,4,200,both,490,318,171,65.0,956.5,1390.3,0.69
2.5,1.0,65,4,200,long,247,161,85,65.4,474.8,962.9,0.49
2.5,1.0,65,4,200,short,243,157,86,64.6,481.7,947.1,0.51
2.5,1.0,75,1,200,both,500,319,180,63.9,1073.0,1568.7,0.68
2.5,1.0,75,1,200,long,250,161,88,64.7,337.0,1059.2,0.32
2.5,1.0,75,1,200,short,250,158,92,63.2,736.0,1019.9,0.72
2.5,1.0,75,2,200,both,493,316,176,64.2,1022.8,1352.7,0.76
2.5,1.0,75,2,200,long,248,160,87,64.8,405.7,962.9,0.42
2.5,1.0,75,2,200,short,245,156,89,63.7,617.1,930.6,0.66
2.5,1.0,75,3,200,both,489,316,172,64.8,1277.9,1352.7,0.94
2.5,1.0,75,3,200,long,247,161,85,65.4,534.2,962.9,0.55
2.5,1.0,75,3,200,short,242,155,87,64.0,743.7,835.6,0.89
2.5,1.0,75,4,200,both,488,316,171,64.9,1394.7,1352.7,1.03
2.5,1.0,75,4,200,long,246,161,84,65.7,642.2,962.9,0.67
2.5,1.0,75,4,200,short,242,155,87,64.0,752.5,835.6,0.9
2.5,1.0,85,1,200,both,496,314,181,63.4,2021.7,1175.7,1.72
2.5,1.0,85,1,200,long,249,159,89,64.1,627.9,893.3,0.7
2.5,1.0,85,1,200,short,247,155,92,62.8,1393.8,830.8,1.68
2.5,1.0,85,2,200,both,490,311,178,63.6,1863.5,1067.7,1.75
2.5,1.0,85,2,200,long,247,158,88,64.2,696.6,893.3,0.78
2.5,1.0,85,2,200,short,243,153,90,63.0,1166.9,819.8,1.42
2.5,1.0,85,3,200,both,486,311,174,64.1,2124.7,1067.7,1.99
2.5,1.0,85,3,200,long,246,159,86,64.9,831.2,893.3,0.93
2.5,1.0,85,3,200,short,240,152,88,63.3,1293.5,722.8,1.79
2.5,1.0,85,4,200,both,485,311,173,64.3,2241.5,1067.7,2.1
2.5,1.0,85,4,200,long,245,159,85,65.2,939.2,893.3,1.05
2.5,1.0,85,4,200,short,240,152,88,63.3,1302.3,722.8,1.8
2.5,1.0,95,1,200,both,492,309,182,62.9,2404.9,1111.9,2.16
2.5,1.0,95,1,200,long,246,155,90,63.3,726.5,947.6,0.77
2.5,1.0,95,1,200,short,246,154,92,62.6,1678.4,767.0,2.19
2.5,1.0,95,2,200,both,488,308,179,63.2,2428.7,1008.4,2.41
2.5,1.0,95,2,200,long,245,155,89,63.5,834.5,939.4,0.89
2.5,1.0,95,2,200,short,243,153,90,63.0,1594.2,701.5,2.27
2.5,1.0,95,3,200,both,484,307,176,63.6,2653.6,1003.9,2.64
2.5,1.0,95,3,200,long,244,155,88,63.8,932.8,939.4,0.99
2.5,1.0,95,3,200,short,240,152,88,63.3,1720.8,701.5,2.45
2.5,1.0,95,4,200,both,483,307,175,63.7,2770.4,1003.9,2.76
2.5,1.0,95,4,200,long,243,155,87,64.0,1040.8,939.4,1.11
2.5,1.0,95,4,200,short,240,152,88,63.3,1729.6,701.5,2.47
2.5,1.25,55,1,200,both,498,337,160,67.8,294.7,1435.9,0.21
2.5,1.25,55,1,200,long,251,173,77,69.2,481.7,853.6,0.56
2.5,1.25,55,1,200,short,247,164,83,66.4,-187.0,1363.5,-0.14
2.5,1.25,55,2,200,both,492,334,157,68.0,363.7,1169.9,0.31
2.5,1.25,55,2,200,long,249,171,77,69.0,405.6,877.0,0.46
2.5,1.25,55,2,200,short,243,163,80,67.1,-41.9,1249.5,-0.03
2.5,1.25,55,3,200,both,490,333,156,68.1,224.9,1259.0,0.18
2.5,1.25,55,3,200,long,249,172,76,69.4,415.2,877.0,0.47
2.5,1.25,55,3,200,short,241,161,80,66.8,-190.3,1308.5,-0.15
2.5,1.25,55,4,200,both,489,334,154,68.4,509.9,1115.8,0.46
2.5,1.25,55,4,200,long,248,172,75,69.6,548.2,744.0,0.74
2.5,1.25,55,4,200,short,241,162,79,67.2,-38.3,1165.3,-0.03
2.5,1.25,65,1,200,both,491,327,163,66.7,338.9,1640.6,0.21
2.5,1.25,65,1,200,long,247,166,80,67.5,168.3,1061.5,0.16
2.5,1.25,65,1,200,short,244,161,83,66.0,170.6,1317.3,0.13
2.5,1.25,65,2,200,both,487,326,160,67.1,307.2,1374.6,0.22
2.5,1.25,65,2,200,long,247,166,80,67.5,176.2,1061.5,0.17
2.5,1.25,65,2,200,short,240,160,80,66.7,131.0,1173.3,0.11
2.5,1.25,65,3,200,both,485,325,159,67.1,193.0,1452.9,0.13
2.5,1.25,65,3,200,long,247,167,79,67.9,204.4,1042.9,0.2
2.5,1.25,65,3,200,short,238,158,80,66.4,-11.4,1173.3,-0.01
2.5,1.25,65,4,200,both,482,324,157,67.4,343.8,1452.9,0.24
2.5,1.25,65,4,200,long,244,166,77,68.3,346.4,924.2,0.37
2.5,1.25,65,4,200,short,238,158,80,66.4,-2.6,1173.3,-0.0
2.5,1.25,75,1,200,both,489,326,162,66.8,772.5,1603.0,0.48
2.5,1.25,75,1,200,long,246,166,79,67.8,256.9,1119.0,0.23
2.5,1.25,75,1,200,short,243,160,83,65.8,515.6,1268.7,0.41
2.5,1.25,75,2,200,both,484,323,160,66.9,594.4,1337.0,0.44
2.5,1.25,75,2,200,long,245,165,79,67.6,217.6,1119.0,0.19
2.5,1.25,75,2,200,short,239,158,81,66.1,376.8,1135.7,0.33
2.5,1.25,75,3,200,both,482,322,159,66.9,482.2,1337.0,0.36
2.5,1.25,75,3,200,long,245,166,78,68.0,247.8,1119.0,0.22
2.5,1.25,75,3,200,short,237,156,81,65.8,234.4,1135.7,0.21
2.5,1.25,75,4,200,both,480,322,157,67.2,757.0,1337.0,0.57
2.5,1.25,75,4,200,long,243,166,76,68.6,513.8,924.2,0.56
2.5,1.25,75,4,200,short,237,156,81,65.8,243.2,1135.7,0.21
2.5,1.25,85,1,200,both,485,321,163,66.3,1696.2,1254.6,1.35
2.5,1.25,85,1,200,long,245,164,80,67.2,522.8,888.8,0.59
2.5,1.25,85,1,200,short,240,157,83,65.4,1173.4,1064.5,1.1
2.5,1.25,85,2,200,both,481,318,162,66.2,1385.1,1121.6,1.23
2.5,1.25,85,2,200,long,244,163,80,67.1,483.5,888.8,0.54
2.5,1.25,85,2,200,short,237,155,82,65.4,901.6,1011.1,0.89
2.5,1.25,85,3,200,both,479,317,161,66.3,1279.0,1121.6,1.14
2.5,1.25,85,3,200,long,244,164,79,67.5,519.8,888.8,0.58
2.5,1.25,85,3,200,short,235,153,82,65.1,759.2,1011.1,0.75
2.5,1.25,85,4,200,both,477,317,159,66.6,1553.8,1121.6,1.39
2.5,1.25,85,4,200,long,242,164,77,68.0,785.8,841.9,0.93
2.5,1.25,85,4,200,short,235,153,82,65.1,768.0,1011.1,0.76
2.5,1.25,95,1,200,both,481,316,164,65.8,2054.4,1190.8,1.73
2.5,1.25,95,1,200,long,242,160,81,66.4,596.4,982.8,0.61
2.5,1.25,95,1,200,short,239,156,83,65.3,1458.0,1099.8,1.33
2.5,1.25,95,2,200,both,479,315,163,65.9,1925.3,1057.8,1.82
2.5,1.25,95,2,200,long,242,160,81,66.4,596.4,982.8,0.61
2.5,1.25,95,2,200,short,237,155,82,65.4,1328.9,976.6,1.36
2.5,1.25,95,3,200,both,477,313,163,65.8,1782.9,1057.8,1.69
2.5,1.25,95,3,200,long,242,160,81,66.4,596.4,982.8,0.61
2.5,1.25,95,3,200,short,235,153,82,65.1,1186.5,976.6,1.21
2.5,1.25,95,4,200,both,475,313,161,66.0,2057.7,1057.8,1.95
2.5,1.25,95,4,200,long,240,160,79,66.9,862.4,888.0,0.97
2.5,1.25,95,4,200,short,235,153,82,65.1,1195.3,976.6,1.22
2.5,1.5,55,1,200,both,494,340,153,69.0,549.5,1621.4,0.34
2.5,1.5,55,1,200,long,249,176,72,71.0,1236.4,682.5,1.81
2.5,1.5,55,1,200,short,245,164,81,66.9,-686.9,2168.4,-0.32
2.5,1.5,55,2,200,both,489,338,150,69.3,597.5,1682.5,0.36
2.5,1.5,55,2,200,long,247,174,72,70.7,1160.3,698.5,1.66
2.5,1.5,55,2,200,short,242,164,78,67.8,-562.8,2253.0,-0.25
2.5,1.5,55,3,200,both,486,336,149,69.3,352.0,1774.7,0.2
2.5,1.5,55,3,200,long,246,174,71,71.0,1063.2,698.5,1.52
2.5,1.5,55,3,200,short,240,162,78,67.5,-711.2,2312.0,-0.31
2.5,1.5,55,4,200,both,486,337,148,69.5,650.5,1485.0,0.44
2.5,1.5,55,4,200,long,246,174,71,71.0,1184.7,698.5,1.7
2.5,1.5,55,4,200,short,240,163,77,67.9,-534.2,2143.8,-0.25
2.5,1.5,65,1,200,both,487,332,154,68.3,802.5,1516.6,0.53
2.5,1.5,65,1,200,long,245,171,73,70.1,1131.8,838.6,1.35
2.5,1.5,65,1,200,short,242,161,81,66.5,-329.3,1768.3,-0.19
2.5,1.5,65,2,200,both,484,332,151,68.7,749.8,1745.1,0.43
2.5,1.5,65,2,200,long,245,171,73,70.1,1139.7,838.6,1.36
2.5,1.5,65,2,200,short,239,161,78,67.4,-389.9,2037.6,-0.19
2.5,1.5,65,3,200,both,481,330,150,68.8,528.9,1831.3,0.29
2.5,1.5,65,3,200,long,244,171,72,70.4,1061.2,838.6,1.27
2.5,1.5,65,3,200,short,237,159,78,67.1,-532.3,2090.6,-0.25
2.5,1.5,65,4,200,both,479,329,149,68.8,693.2,1709.8,0.41
2.5,1.5,65,4,200,long,242,170,71,70.5,1216.7,749.4,1.62
2.5,1.5,65,4,200,short,237,159,78,67.1,-523.5,2090.6,-0.25
2.5,1.5,75,1,200,both,485,331,153,68.4,1211.1,1479.0,0.82
2.5,1.5,75,1,200,long,244,171,72,70.4,1220.4,838.6,1.46
2.5,1.5,75,1,200,short,241,160,81,66.4,-9.3,1620.1,-0.01
2.5,1.5,75,2,200,both,481,329,151,68.5,1012.0,1601.6,0.63
2.5,1.5,75,2,200,long,243,170,72,70.2,1181.1,838.6,1.41
2.5,1.5,75,2,200,short,238,159,79,66.8,-169.1,1961.0,-0.09
2.5,1.5,75,3,200,both,478,327,150,68.6,793.1,1654.6,0.48
2.5,1.5,75,3,200,long,242,170,71,70.5,1104.6,838.6,1.32
2.5,1.5,75,3,200,short,236,157,79,66.5,-311.5,2014.0,-0.15
2.5,1.5,75,4,200,both,477,327,149,68.7,1081.4,1533.1,0.71
2.5,1.5,75,4,200,long,241,170,70,70.8,1384.1,749.4,1.85
2.5,1.5,75,4,200,short,236,157,79,66.5,-302.7,2014.0,-0.15
2.5,1.5,85,1,200,both,481,327,153,68.1,2347.9,1178.1,1.99
2.5,1.5,85,1,200,long,243,169,73,69.8,1612.4,674.6,2.39
2.5,1.5,85,1,200,short,238,158,80,66.4,735.5,1390.4,0.53
2.5,1.5,85,2,200,both,478,324,153,67.9,1903.8,1178.1,1.62
2.5,1.5,85,2,200,long,242,168,73,69.7,1573.1,674.6,2.33
2.5,1.5,85,2,200,short,236,156,80,66.1,330.7,1631.8,0.2
2.5,1.5,85,3,200,both,475,322,152,67.9,1691.0,1178.1,1.44
2.5,1.5,85,3,200,long,241,168,72,70.0,1502.7,674.6,2.23
2.5,1.5,85,3,200,short,234,154,80,65.8,188.3,1684.8,0.11
2.5,1.5,85,4,200,both,474,322,151,68.1,1857.8,1178.1,1.58
2.5,1.5,85,4,200,long,240,168,71,70.3,1660.7,667.9,2.49
2.5,1.5,85,4,200,short,234,154,80,65.8,197.1,1684.8,0.12
2.5,1.5,95,1,200,both,477,323,153,67.9,2843.0,1142.9,2.49
2.5,1.5,95,1,200,long,240,166,73,69.5,1822.9,714.0,2.55
2.5,1.5,95,1,200,short,237,157,80,66.2,1020.1,1488.8,0.69
2.5,1.5,95,2,200,both,476,322,153,67.8,2580.9,1142.9,2.26
2.5,1.5,95,2,200,long,240,166,73,69.5,1822.9,714.0,2.55
2.5,1.5,95,2,200,short,236,156,80,66.1,758.0,1488.8,0.51
2.5,1.5,95,3,200,both,473,319,153,67.6,2331.8,1142.9,2.04
2.5,1.5,95,3,200,long,239,165,73,69.3,1716.2,714.0,2.4
2.5,1.5,95,3,200,short,234,154,80,65.8,615.6,1488.8,0.41
2.5,1.5,95,4,200,both,472,319,152,67.7,2498.6,1142.9,2.19
2.5,1.5,95,4,200,long,238,165,72,69.6,1874.2,714.0,2.62
2.5,1.5,95,4,200,short,234,154,80,65.8,624.4,1488.8,0.42
2.5,2.0,55,1,200,both,487,341,145,70.2,147.2,2389.4,0.06
2.5,2.0,55,1,200,long,246,178,67,72.7,516.5,1183.0,0.44
2.5,2.0,55,1,200,short,241,163,78,67.6,-369.3,2052.2,-0.18
2.5,2.0,55,2,200,both,481,339,141,70.6,219.4,2324.1,0.09
2.5,2.0,55,2,200,long,244,176,67,72.4,451.8,1247.7,0.36
2.5,2.0,55,2,200,short,237,163,74,68.8,-232.4,2043.9,-0.11
2.5,2.0,55,3,200,both,479,338,140,70.7,27.7,2323.3,0.01
2.5,2.0,55,3,200,long,243,176,66,72.7,355.5,1204.1,0.3
2.5,2.0,55,3,200,short,236,162,74,68.6,-327.8,2043.9,-0.16
2.5,2.0,55,4,200,both,479,339,139,70.9,276.7,2123.1,0.13
2.5,2.0,55,4,200,long,243,176,66,72.7,377.5,1182.1,0.32
2.5,2.0,55,4,200,short,236,163,73,69.1,-100.8,1865.7,-0.05
2.5,2.0,65,1,200,both,480,333,146,69.5,515.2,2431.8,0.21
2.5,2.0,65,1,200,long,242,173,68,71.8,526.9,1151.2,0.46
2.5,2.0,65,1,200,short,238,160,78,67.2,-11.7,2006.0,-0.01
2.5,2.0,65,2,200,both,476,333,142,70.1,486.7,2366.5,0.21
2.5,2.0,65,2,200,long,242,173,68,71.8,546.2,1131.9,0.48
2.5,2.0,65,2,200,short,234,160,74,68.4,-59.5,1997.7,-0.03
2.5,2.0,65,3,200,both,474,332,141,70.2,319.6,2365.7,0.14
2.5,2.0,65,3,200,long,241,173,67,72.1,468.5,1069.7,0.44
2.5,2.0,65,3,200,short,233,159,74,68.2,-148.9,1997.7,-0.07
2.5,2.0,65,4,200,both,472,331,140,70.3,434.4,2343.7,0.19
2.5,2.0,65,4,200,long,239,172,66,72.3,574.5,963.7,0.6
2.5,2.0,65,4,200,short,233,159,74,68.2,-140.1,1997.7,-0.07
2.5,2.0,75,1,200,both,478,332,145,69.6,1047.1,2394.2,0.44
2.5,2.0,75,1,200,long,241,173,67,72.1,615.5,1064.9,0.58
2.5,2.0,75,1,200,short,237,159,78,67.1,431.6,1968.4,0.22
2.5,2.0,75,2,200,both,473,330,142,69.9,872.2,2328.9,0.37
2.5,2.0,75,2,200,long,240,172,67,72.0,587.6,1092.8,0.54
2.5,2.0,75,2,200,short,233,158,75,67.8,284.6,1960.1,0.15
2.5,2.0,75,3,200,both,471,329,141,70.0,707.1,2328.1,0.3
2.5,2.0,75,3,200,long,239,172,66,72.3,511.9,1047.4,0.49
2.5,2.0,75,3,200,short,232,157,75,67.7,195.2,1960.1,0.1
2.5,2.0,75,4,200,both,470,329,140,70.1,945.9,2306.1,0.41
2.5,2.0,75,4,200,long,238,172,65,72.6,741.9,935.3,0.79
2.5,2.0,75,4,200,short,232,157,75,67.7,204.0,1960.1,0.1
2.5,2.0,85,1,200,both,474,328,145,69.3,2111.8,2020.3,1.05
2.5,2.0,85,1,200,long,240,171,68,71.5,1007.5,837.6,1.2
2.5,2.0,85,1,200,short,234,157,77,67.1,1104.3,1798.4,0.61
2.5,2.0,85,2,200,both,470,325,144,69.3,1837.6,2020.3,0.91
2.5,2.0,85,2,200,long,239,170,68,71.4,968.2,837.6,1.16
2.5,2.0,85,2,200,short,231,155,76,67.1,869.4,1798.4,0.48
2.5,2.0,85,3,200,both,468,324,143,69.4,1677.8,2020.3,0.83
2.5,2.0,85,3,200,long,238,170,67,71.7,897.8,837.6,1.07
2.5,2.0,85,3,200,short,230,154,76,67.0,780.0,1798.4,0.43
2.5,2.0,85,4,200,both,467,324,142,69.5,1894.6,2020.3,0.94
2.5,2.0,85,4,200,long,237,170,66,72.0,1105.8,837.6,1.32
2.5,2.0,85,4,200,short,230,154,76,67.0,788.8,1798.4,0.44
2.5,2.0,95,1,200,both,470,323,146,68.9,2593.5,1956.5,1.33
2.5,2.0,95,1,200,long,237,167,69,70.8,1204.6,861.4,1.4
2.5,2.0,95,1,200,short,233,156,77,67.0,1388.9,1755.9,0.79
2.5,2.0,95,2,200,both,468,322,145,69.0,2501.3,1956.5,1.28
2.5,2.0,95,2,200,long,237,167,69,70.8,1204.6,861.4,1.4
2.5,2.0,95,2,200,short,231,155,76,67.1,1296.7,1755.9,0.74
2.5,2.0,95,3,200,both,466,320,145,68.8,2305.2,1956.5,1.18
2.5,2.0,95,3,200,long,236,166,69,70.6,1097.9,861.4,1.27
2.5,2.0,95,3,200,short,230,154,76,67.0,1207.3,1755.9,0.69
2.5,2.0,95,4,200,both,465,320,144,69.0,2522.0,1956.5,1.29
2.5,2.0,95,4,200,long,235,166,68,70.9,1305.9,837.6,1.56
2.5,2.0,95,4,200,short,230,154,76,67.0,1216.1,1755.9,0.69
2.5,0.5,55,1,250,both,562,288,274,51.2,-232.4,1743.1,-0.13
2.5,0.5,55,1,250,long,281,147,134,52.3,420.6,1074.2,0.39
2.5,0.5,55,1,250,short,281,141,140,50.2,-653.0,1005.9,-0.65
2.5,0.5,55,2,250,both,548,281,267,51.3,-178.1,1661.2,-0.11
2.5,0.5,55,2,250,long,274,143,131,52.2,458.5,1094.3,0.42
2.5,0.5,55,2,250,short,274,138,136,50.4,-636.6,1078.3,-0.59
2.5,0.5,55,3,250,both,536,276,260,51.5,-416.6,1871.5,-0.22
2.5,0.5,55,3,250,long,268,141,127,52.6,303.2,1167.7,0.26
2.5,0.5,55,3,250,short,268,135,133,50.4,-719.8,1072.1,-0.67
2.5,0.5,55,4,250,both,533,275,258,51.6,-320.0,1779.8,-0.18
2.5,0.5,55,4,250,long,267,141,126,52.8,361.2,1109.7,0.33
2.5,0.5,55,4,250,short,266,134,132,50.4,-681.2,1063.4,-0.64
2.5,0.5,65,1,250,both,558,282,276,50.5,90.4,1555.5,0.06
2.5,0.5,65,1,250,long,279,142,137,50.9,460.0,1013.5,0.45
2.5,0.5,65,1,250,short,279,140,139,50.2,-369.6,1011.7,-0.37
2.5,0.5,65,2,250,both,545,277,268,50.8,417.3,1184.3,0.35
2.5,0.5,65,2,250,long,273,139,134,50.9,565.2,949.6,0.6
2.5,0.5,65,2,250,short,272,138,134,50.7,-147.9,1008.9,-0.15
2.5,0.5,65,3,250,both,532,271,261,50.9,73.4,1500.0,0.05
2.5,0.5,65,3,250,long,266,136,130,51.1,304.5,1180.3,0.26
2.5,0.5,65,3,250,short,266,135,131,50.8,-231.1,892.9,-0.26
2.5,0.5,65,4,250,both,528,269,259,50.9,165.8,1412.5,0.12
2.5,0.5,65,4,250,long,264,136,128,51.5,420.5,1064.3,0.4
2.5,0.5,65,4,250,short,264,133,131,50.4,-254.7,892.9,-0.29
2.5,0.5,75,1,250,both,554,276,278,49.8,165.1,1507.7,0.11
2.5,0.5,75,1,250,long,277,139,138,50.2,248.0,1173.7,0.21
2.5,0.5,75,1,250,short,277,137,140,49.5,-82.9,893.9,-0.09
2.5,0.5,75,2,250,both,541,271,270,50.1,340.8,1334.4,0.26
2.5,0.5,75,2,250,long,271,137,134,50.6,407.3,1111.7,0.37
2.5,0.5,75,2,250,short,270,134,136,49.6,-66.5,891.1,-0.07
2.5,0.5,75,3,250,both,529,266,263,50.3,122.9,1556.1,0.08
2.5,0.5,75,3,250,long,265,135,130,50.9,272.6,1285.9,0.21
2.5,0.5,75,3,250,short,264,131,133,49.6,-149.7,852.3,-0.18
2.5,0.5,75,4,250,both,525,264,261,50.3,126.1,1622.3,0.08
2.5,0.5,75,4,250,long,263,135,128,51.3,388.6,1169.9,0.33
2.5,0.5,75,4,250,short,262,129,133,49.2,-262.5,995.0,-0.26
2.5,0.5,85,1,250,both,550,270,280,49.1,1187.1,787.4,1.51
2.5,0.5,85,1,250,long,276,136,140,49.3,569.9,918.2,0.62
2.5,0.5,85,1,250,short,274,134,140,48.9,617.2,736.1,0.84
2.5,0.5,85,2,250,both,539,266,273,49.4,1642.6,845.7,1.94
2.5,0.5,85,2,250,long,270,134,136,49.6,729.2,903.7,0.81
2.5,0.5,85,2,250,short,269,132,137,49.1,913.4,733.3,1.25
2.5,0.5,85,3,250,both,526,260,266,49.4,971.2,1177.5,0.82
2.5,0.5,85,3,250,long,264,132,132,50.0,548.5,1031.2,0.53
2.5,0.5,85,3,250,short,262,128,134,48.9,422.7,750.1,0.56
2.5,0.5,85,4,250,both,522,258,264,49.4,974.4,1267.1,0.77
2.5,0.5,85,4,250,long,262,132,130,50.4,664.5,973.2,0.68
2.5,0.5,85,4,250,short,260,126,134,48.5,309.9,892.8,0.35
2.5,0.5,95,1,250,both,547,267,280,48.8,1831.9,782.0,2.34
2.5,0.5,95,1,250,long,273,134,139,49.1,853.8,839.6,1.02
2.5,0.5,95,1,250,short,274,133,141,48.5,978.1,615.8,1.59
2.5,0.5,95,2,250,both,538,264,274,49.1,2221.4,797.1,2.79
2.5,0.5,95,2,250,long,269,133,136,49.4,947.1,838.7,1.13
2.5,0.5,95,2,250,short,269,131,138,48.7,1274.3,654.0,1.95
2.5,0.5,95,3,250,both,525,257,268,49.0,1513.7,1128.9,1.34
2.5,0.5,95,3,250,long,263,130,133,49.4,730.1,966.2,0.76
2.5,0.5,95,3,250,short,262,127,135,48.5,783.6,701.5,1.12
2.5,0.5,95,4,250,both,521,255,266,48.9,1516.9,1218.5,1.24
2.5,0.5,95,4,250,long,261,130,131,49.8,846.1,908.2,0.93
2.5,0.5,95,4,250,short,260,125,135,48.1,670.8,844.2,0.79
2.5,0.75,55,1,250,both,532,323,209,60.7,985.8,1059.7,0.93
2.5,0.75,55,1,250,long,265,164,101,61.9,960.1,754.1,1.27
2.5,0.75,55,1,250,short,267,159,108,59.6,25.7,1044.0,0.02
2.5,0.75,55,2,250,both,524,319,205,60.9,919.0,1059.7,0.87
2.5,0.75,55,2,250,long,261,161,100,61.7,886.3,747.2,1.19
2.5,0.75,55,2,250,short,263,158,105,60.1,32.7,1114.1,0.03
2.5,0.75,55,3,250,both,519,317,202,61.1,635.6,1059.7,0.6
2.5,0.75,55,3,250,long,260,161,99,61.9,637.8,704.4,0.91
2.5,0.75,55,3,250,short,259,156,103,60.2,-2.2,1037.1,-0.0
2.5,0.75,55,4,250,both,518,318,200,61.4,852.1,1006.5,0.85
2.5,0.75,55,4,250,long,259,161,98,62.2,752.3,610.5,1.23
2.5,0.75,55,4,250,short,259,157,102,60.6,99.8,963.3,0.1
2.5,0.75,65,1,250,both,526,314,212,59.7,1376.3,1013.5,1.36
2.5,0.75,65,1,250,long,261,157,104,60.2,891.4,816.4,1.09
2.5,0.75,65,1,250,short,265,157,108,59.2,484.9,969.1,0.5
2.5,0.75,65,2,250,both,519,311,208,59.9,1212.1,1013.5,1.2
2.5,0.75,65,2,250,long,258,155,103,60.1,884.9,725.5,1.22
2.5,0.75,65,2,250,short,261,156,105,59.8,327.2,1045.3,0.31
2.5,0.75,65,3,250,both,513,308,205,60.0,827.9,1013.5,0.82
2.5,0.75,65,3,250,long,256,154,102,60.2,529.6,910.0,0.58
2.5,0.75,65,3,250,short,257,154,103,59.9,298.3,969.1,0.31
2.5,0.75,65,4,250,both,511,309,202,60.5,1060.8,1013.5,1.05
2.5,0.75,65,4,250,long,254,155,99,61.0,753.7,724.9,1.04
2.5,0.75,65,4,250,short,257,154,103,59.9,307.1,969.1,0.32
2.5,0.75,75,1,250,both,522,310,212,59.4,1638.5,985.9,1.66
2.5,0.75,75,1,250,long,259,155,104,59.8,812.3,848.0,0.96
2.5,0.75,75,1,250,short,263,155,108,58.9,826.2,828.3,1.0
2.5,0.75,75,2,250,both,515,307,208,59.6,1454.8,985.9,1.48
2.5,0.75,75,2,250,long,256,154,102,60.2,905.5,724.9,1.25
2.5,0.75,75,2,250,short,259,153,106,59.1,549.3,895.8,0.61
2.5,0.75,75,3,250,both,509,304,205,59.7,1163.9,985.9,1.18
2.5,0.75,75,3,250,long,254,153,101,60.2,643.5,818.5,0.79
2.5,0.75,75,3,250,short,255,151,104,59.2,520.4,828.3,0.63
2.5,0.75,75,4,250,both,507,305,202,60.2,1396.8,985.9,1.42
2.5,0.75,75,4,250,long,252,154,98,61.1,867.6,724.9,1.2
2.5,0.75,75,4,250,short,255,151,104,59.2,529.2,828.3,0.64
2.5,0.75,85,1,250,both,518,305,213,58.9,2546.0,919.7,2.77
2.5,0.75,85,1,250,long,258,153,105,59.3,1089.4,799.9,1.36
2.5,0.75,85,1,250,short,260,152,108,58.5,1456.6,812.5,1.79
2.5,0.75,85,2,250,both,512,302,210,59.0,2279.3,919.7,2.48
2.5,0.75,85,2,250,long,255,152,103,59.6,1182.6,695.5,1.7
2.5,0.75,85,2,250,short,257,150,107,58.4,1096.7,812.5,1.35
2.5,0.75,85,3,250,both,506,299,207,59.1,1994.5,919.7,2.17
2.5,0.75,85,3,250,long,253,151,102,59.7,926.7,695.5,1.33
2.5,0.75,85,3,250,short,253,148,105,58.5,1067.8,812.5,1.31
2.5,0.75,85,4,250,both,504,300,204,59.5,2227.4,919.7,2.42
2.5,0.75,85,4,250,long,251,152,99,60.6,1150.8,669.1,1.72
2.5,0.75,85,4,250,short,253,148,105,58.5,1076.6,812.5,1.33
2.5,0.75,95,1,250,both,514,301,213,58.6,3073.6,919.7,3.34
2.5,0.75,95,1,250,long,255,151,104,59.2,1372.6,763.0,1.8
2.5,0.75,95,1,250,short,259,150,109,57.9,1701.0,812.5,2.09
2.5,0.75,95,2,250,both,510,299,211,58.6,2858.7,919.7,3.11
2.5,0.75,95,2,250,long,253,150,103,59.3,1374.9,715.2,1.92
2.5,0.75,95,2,250,short,257,149,108,58.0,1483.8,812.5,1.83
2.5,0.75,95,3,250,both,504,295,209,58.5,2537.6,919.7,2.76
2.5,0.75,95,3,250,long,251,148,103,59.0,1082.7,715.2,1.51
2.5,0.75,95,3,250,short,253,147,106,58.1,1454.9,812.5,1.79
2.5,0.75,95,4,250,both,502,295,207,58.8,2705.5,919.7,2.94
2.5,0.75,95,4,250,long,249,148,101,59.4,1241.8,715.2,1.74
2.5,0.75,95,4,250,short,253,147,106,58.1,1463.7,812.5,1.8
2.5,1.0,55,1,250,both,521,336,185,64.5,276.3,1863.1,0.15
2.5,1.0,55,1,250,long,259,171,88,66.0,572.0,895.5,0.64
2.5,1.0,55,1,250,short,262,165,97,63.0,-295.7,1324.2,-0.22
2.5,1.0,55,2,250,both,513,333,180,64.9,524.7,1647.1,0.32
2.5,1.0,55,2,250,long,256,169,87,66.0,635.4,895.5,0.71
2.5,1.0,55,2,250,short,257,164,93,63.8,-110.7,1128.8,-0.1
2.5,1.0,55,3,250,both,512,334,178,65.2,571.3,1647.1,0.35
2.5,1.0,55,3,250,long,257,171,86,66.5,669.4,895.5,0.75
2.5,1.0,55,3,250,short,255,163,92,63.9,-98.1,1134.8,-0.09
2.5,1.0,55,4,250,both,511,334,177,65.4,592.8,1674.4,0.35
2.5,1.0,55,4,250,long,257,171,86,66.5,669.4,895.5,0.75
2.5,1.0,55,4,250,short,254,163,91,64.2,-76.6,1135.5,-0.07
2.5,1.0,65,1,250,both,514,325,189,63.2,404.7,2042.8,0.2
2.5,1.0,65,1,250,long,255,163,92,63.9,297.1,1146.9,0.26
2.5,1.0,65,1,250,short,259,162,97,62.5,107.6,1278.0,0.08
2.5,1.0,65,2,250,both,507,324,183,63.9,542.3,1826.8,0.3
2.5,1.0,65,2,250,long,253,163,90,64.4,454.4,990.0,0.46
2.5,1.0,65,2,250,short,254,161,93,63.4,87.9,1068.4,0.08
2.5,1.0,65,3,250,both,505,324,181,64.2,488.1,1826.8,0.27
2.5,1.0,65,3,250,long,253,164,89,64.8,381.6,1045.2,0.37
2.5,1.0,65,3,250,short,252,160,92,63.5,106.5,1068.4,0.1
2.5,1.0,65,4,250,both,503,323,180,64.2,499.4,1932.3,0.26
2.5,1.0,65,4,250,long,252,164,88,65.1,489.6,990.0,0.49
2.5,1.0,65,4,250,short,251,159,92,63.3,9.8,1167.5,0.01
2.5,1.0,75,1,250,both,511,322,189,63.0,695.6,2005.2,0.35
2.5,1.0,75,1,250,long,253,161,92,63.6,218.0,1179.6,0.18
2.5,1.0,75,1,250,short,258,161,97,62.4,477.6,1240.4,0.39
2.5,1.0,75,2,250,both,504,320,184,63.5,703.5,1789.2,0.39
2.5,1.0,75,2,250,long,251,161,90,64.1,344.8,1052.8,0.33
2.5,1.0,75,2,250,short,253,159,94,62.8,358.7,1030.8,0.35
2.5,1.0,75,3,250,both,502,320,182,63.7,742.6,1789.2,0.42
2.5,1.0,75,3,250,long,251,162,89,64.5,365.3,999.1,0.37
2.5,1.0,75,3,250,short,251,158,93,62.9,377.3,1030.8,0.37
2.5,1.0,75,4,250,both,500,319,181,63.8,753.9,1894.7,0.4
2.5,1.0,75,4,250,long,250,162,88,64.8,473.3,990.0,0.48
2.5,1.0,75,4,250,short,250,157,93,62.8,280.6,1129.9,0.25
2.5,1.0,85,1,250,both,507,317,190,62.5,1652.4,1612.2,1.02
2.5,1.0,85,1,250,long,252,159,93,63.1,470.1,945.3,0.5
2.5,1.0,85,1,250,short,255,158,97,62.0,1182.3,1051.3,1.12
2.5,1.0,85,2,250,both,501,315,186,62.9,1552.3,1504.2,1.03
2.5,1.0,85,2,250,long,250,159,91,63.6,596.9,945.3,0.63
2.5,1.0,85,2,250,short,251,156,95,62.2,955.4,943.3,1.01
2.5,1.0,85,3,250,both,499,315,184,63.1,1597.5,1504.2,1.06
2.5,1.0,85,3,250,long,250,160,90,64.0,623.5,945.3,0.66
2.5,1.0,85,3,250,short,249,155,94,62.2,974.0,943.3,1.03
2.5,1.0,85,4,250,both,497,314,183,63.2,1608.8,1609.7,1.0
2.5,1.0,85,4,250,long,249,160,89,64.3,731.5,945.3,0.77
2.5,1.0,85,4,250,short,248,154,94,62.1,877.3,1048.8,0.84
2.5,1.0,95,1,250,both,503,313,190,62.2,2144.9,1468.5,1.46
2.5,1.0,95,1,250,long,249,156,93,62.7,598.1,1079.5,0.55
2.5,1.0,95,1,250,short,254,157,97,61.8,1546.8,940.7,1.64
2.5,1.0,95,2,250,both,499,312,187,62.5,2161.8,1360.5,1.59
2.5,1.0,95,2,250,long,248,156,92,62.9,699.2,991.4,0.71
2.5,1.0,95,2,250,short,251,156,95,62.2,1462.6,940.7,1.55
2.5,1.0,95,3,250,both,497,311,186,62.6,2170.7,1360.5,1.6
2.5,1.0,95,3,250,long,248,156,92,62.9,689.5,991.4,0.7
2.5,1.0,95,3,250,short,249,155,94,62.2,1481.2,940.7,1.57
2.5,1.0,95,4,250,both,495,310,185,62.6,2182.0,1466.0,1.49
2.5,1.0,95,4,250,long,247,156,91,63.2,797.5,991.4,0.8
2.5,1.0,95,4,250,short,248,154,94,62.1,1384.5,940.7,1.47
2.5,1.25,55,1,250,both,509,344,165,67.6,220.3,1765.4,0.12
2.5,1.25,55,1,250,long,253,175,78,69.2,653.1,679.6,0.96
2.5,1.25,55,1,250,short,256,169,87,66.0,-432.8,1516.5,-0.29
2.5,1.25,55,2,250,both,504,342,162,67.9,394.8,1393.9,0.28
2.5,1.25,55,2,250,long,251,173,78,68.9,577.0,703.0,0.82
2.5,1.25,55,2,250,short,253,169,84,66.8,-182.2,1253.2,-0.15
2.5,1.25,55,3,250,both,502,341,161,67.9,256.0,1393.9,0.18
2.5,1.25,55,3,250,long,251,174,77,69.3,586.6,703.0,0.83
2.5,1.25,55,3,250,short,251,167,84,66.5,-330.6,1312.2,-0.25
2.5,1.25,55,4,250,both,499,341,158,68.3,568.5,1385.0,0.41
2.5,1.25,55,4,250,long,250,174,76,69.6,719.6,619.1,1.16
2.5,1.25,55,4,250,short,249,167,82,67.1,-151.1,1145.8,-0.13
2.5,1.25,65,1,250,both,502,334,168,66.5,368.7,1970.1,0.19
2.5,1.25,65,1,250,long,249,168,81,67.5,353.4,886.7,0.4
2.5,1.25,65,1,250,short,253,166,87,65.6,15.3,1470.3,0.01
2.5,1.25,65,2,250,both,498,333,165,66.9,425.8,1598.6,0.27
2.5,1.25,65,2,250,long,248,167,81,67.3,344.6,886.7,0.39
2.5,1.25,65,2,250,short,250,166,84,66.4,81.2,1232.6,0.07
2.5,1.25,65,3,250,both,495,331,164,66.9,187.6,1598.6,0.12
2.5,1.25,65,3,250,long,247,167,80,67.6,248.8,992.1,0.25
2.5,1.25,65,3,250,short,248,164,84,66.1,-61.2,1232.6,-0.05
2.5,1.25,65,4,250,both,491,330,161,67.2,489.9,1704.1,0.29
2.5,1.25,65,4,250,long,245,167,78,68.2,514.8,824.6,0.62
2.5,1.25,65,4,250,short,246,163,83,66.3,-24.9,1236.8,-0.02
2.5,1.25,75,1,250,both,498,330,168,66.3,601.9,1932.5,0.31
2.5,1.25,75,1,250,long,246,165,81,67.1,241.6,944.2,0.26
2.5,1.25,75,1,250,short,252,165,87,65.5,360.3,1432.7,0.25
2.5,1.25,75,2,250,both,494,328,166,66.4,529.3,1561.0,0.34
2.5,1.25,75,2,250,long,245,164,81,66.9,202.3,944.2,0.21
2.5,1.25,75,2,250,short,249,164,85,65.9,327.0,1196.1,0.27
2.5,1.25,75,3,250,both,492,327,165,66.5,417.1,1561.0,0.27
2.5,1.25,75,3,250,long,245,165,80,67.3,232.5,944.2,0.25
2.5,1.25,75,3,250,short,247,162,85,65.6,184.6,1196.1,0.15
2.5,1.25,75,4,250,both,488,326,162,66.8,719.4,1666.5,0.43
2.5,1.25,75,4,250,long,243,165,78,67.9,498.5,824.6,0.6
2.5,1.25,75,4,250,short,245,161,84,65.7,220.9,1199.2,0.18
2.5,1.25,85,1,250,both,494,325,169,65.8,1533.7,1584.1,0.97
2.5,1.25,85,1,250,long,245,163,82,66.5,468.7,752.8,0.62
2.5,1.25,85,1,250,short,249,162,87,65.1,1065.0,1243.6,0.86
2.5,1.25,85,2,250,both,491,323,168,65.8,1328.1,1345.6,0.99
2.5,1.25,85,2,250,long,244,162,82,66.4,429.4,752.8,0.57
2.5,1.25,85,2,250,short,247,161,86,65.2,898.7,1040.1,0.86
2.5,1.25,85,3,250,both,489,322,167,65.8,1222.0,1345.6,0.91
2.5,1.25,85,3,250,long,244,163,81,66.8,465.7,752.8,0.62
2.5,1.25,85,3,250,short,245,159,86,64.9,756.3,1040.1,0.73
2.5,1.25,85,4,250,both,485,321,164,66.2,1524.3,1451.1,1.05
2.5,1.25,85,4,250,long,242,163,79,67.4,731.7,665.3,1.1
2.5,1.25,85,4,250,short,243,158,85,65.0,792.6,1110.6,0.71
2.5,1.25,95,1,250,both,490,320,170,65.3,1936.2,1440.4,1.34
2.5,1.25,95,1,250,long,242,159,83,65.7,506.7,880.9,0.58
2.5,1.25,95,1,250,short,248,161,87,64.9,1429.5,1099.9,1.3
2.5,1.25,95,2,250,both,489,320,169,65.4,1912.6,1201.9,1.59
2.5,1.25,95,2,250,long,242,159,83,65.7,506.7,880.9,0.58
2.5,1.25,95,2,250,short,247,161,86,65.2,1405.9,1036.3,1.36
2.5,1.25,95,3,250,both,487,318,169,65.3,1770.2,1201.9,1.47
2.5,1.25,95,3,250,long,242,159,83,65.7,506.7,880.9,0.58
2.5,1.25,95,3,250,short,245,159,86,64.9,1263.5,1036.3,1.22
2.5,1.25,95,4,250,both,483,317,166,65.6,2072.5,1307.4,1.59
2.5,1.25,95,4,250,long,240,159,81,66.2,772.7,711.4,1.09
2.5,1.25,95,4,250,short,243,158,85,65.0,1299.8,1036.3,1.25
2.5,1.5,55,1,250,both,505,346,159,68.5,9.4,1971.6,0.0
2.5,1.5,55,1,250,long,251,177,74,70.5,1114.4,770.6,1.45
2.5,1.5,55,1,250,short,254,169,85,66.5,-1105.0,2363.6,-0.47
2.5,1.5,55,2,250,both,500,344,156,68.8,107.9,2032.7,0.05
2.5,1.5,55,2,250,long,249,175,74,70.3,1038.3,770.6,1.35
2.5,1.5,55,2,250,short,251,169,82,67.3,-930.4,2385.3,-0.39
2.5,1.5,55,3,250,both,496,341,155,68.8,-243.1,2230.4,-0.11
2.5,1.5,55,3,250,long,248,175,73,70.6,941.2,770.6,1.22
2.5,1.5,55,3,250,short,248,166,82,66.9,-1184.3,2549.8,-0.46
2.5,1.5,55,4,250,both,495,342,153,69.1,213.4,1782.7,0.12
2.5,1.5,55,4,250,long,248,175,73,70.6,1062.7,649.1,1.64
2.5,1.5,55,4,250,short,247,167,80,67.6,-849.3,2223.6,-0.38
2.5,1.5,65,1,250,both,498,338,160,67.9,366.6,1850.9,0.2
2.5,1.5,65,1,250,long,247,172,75,69.6,1023.5,960.0,1.07
2.5,1.5,65,1,250,short,251,166,85,66.1,-656.9,1963.5,-0.33
2.5,1.5,65,2,250,both,494,337,157,68.2,347.7,2096.7,0.17
2.5,1.5,65,2,250,long,246,171,75,69.5,1014.7,960.0,1.06
2.5,1.5,65,2,250,short,248,166,82,66.9,-667.0,2169.9,-0.31
2.5,1.5,65,3,250,both,489,333,156,68.1,-102.7,2288.4,-0.04
2.5,1.5,65,3,250,long,244,170,74,69.7,812.2,960.0,0.85
2.5,1.5,65,3,250,short,245,163,82,66.5,-914.9,2328.4,-0.39
2.5,1.5,65,4,250,both,487,333,154,68.4,343.6,2008.9,0.17
2.5,1.5,65,4,250,long,243,170,73,70.0,1091.7,838.5,1.3
2.5,1.5,65,4,250,short,244,163,81,66.8,-748.1,2170.4,-0.34
2.5,1.5,75,1,250,both,494,334,160,67.6,574.8,1778.0,0.32
2.5,1.5,75,1,250,long,244,169,75,69.3,911.7,960.0,0.95
2.5,1.5,75,1,250,short,250,165,85,66.0,-336.9,1808.0,-0.19
2.5,1.5,75,2,250,both,490,332,158,67.8,426.2,1918.2,0.22
2.5,1.5,75,2,250,long,243,168,75,69.1,872.4,960.0,0.91
2.5,1.5,75,2,250,short,247,164,83,66.4,-446.2,2093.3,-0.21
2.5,1.5,75,3,250,both,486,329,157,67.7,101.8,2109.9,0.05
2.5,1.5,75,3,250,long,242,168,74,69.4,795.9,960.0,0.83
2.5,1.5,75,3,250,short,244,161,83,66.0,-694.1,2251.8,-0.31
2.5,1.5,75,4,250,both,484,329,155,68.0,548.1,1830.4,0.3
2.5,1.5,75,4,250,long,241,168,73,69.7,1075.4,838.5,1.28
2.5,1.5,75,4,250,short,243,161,82,66.3,-527.3,2093.8,-0.25
2.5,1.5,85,1,250,both,490,330,160,67.3,1719.7,1477.1,1.16
2.5,1.5,85,1,250,long,243,167,76,68.7,1264.9,828.1,1.53
2.5,1.5,85,1,250,short,247,163,84,66.0,454.8,1531.4,0.3
2.5,1.5,85,2,250,both,487,327,160,67.1,1326.1,1477.1,0.9
2.5,1.5,85,2,250,long,242,166,76,68.6,1225.6,828.1,1.48
2.5,1.5,85,2,250,short,245,161,84,65.7,100.5,1717.2,0.06
2.5,1.5,85,3,250,both,483,324,159,67.1,1007.8,1582.6,0.64
2.5,1.5,85,3,250,long,241,166,75,68.9,1155.2,828.1,1.4
2.5,1.5,85,3,250,short,242,158,84,65.3,-147.4,1875.7,-0.08
2.5,1.5,85,4,250,both,481,324,157,67.4,1332.6,1582.6,0.84
2.5,1.5,85,4,250,long,240,166,74,69.2,1313.2,828.1,1.59
2.5,1.5,85,4,250,short,241,158,83,65.6,19.4,1779.6,0.01
2.5,1.5,95,1,250,both,486,326,160,67.1,2372.6,1333.4,1.78
2.5,1.5,95,1,250,long,240,164,76,68.3,1553.3,797.9,1.95
2.5,1.5,95,1,250,short,246,162,84,65.9,819.3,1549.9,0.53
2.5,1.5,95,2,250,both,485,325,160,67.0,2161.0,1333.4,1.62
2.5,1.5,95,2,250,long,240,164,76,68.3,1553.3,797.9,1.95
2.5,1.5,95,2,250,short,245,161,84,65.7,607.7,1549.9,0.39
2.5,1.5,95,3,250,both,481,321,160,66.7,1806.4,1438.9,1.26
2.5,1.5,95,3,250,long,239,163,76,68.2,1446.6,797.9,1.81
2.5,1.5,95,3,250,short,242,158,84,65.3,359.8,1655.4,0.22
2.5,1.5,95,4,250,both,479,321,158,67.0,2131.2,1438.9,1.48
2.5,1.5,95,4,250,long,238,163,75,68.5,1604.6,797.9,2.01
2.5,1.5,95,4,250,short,241,158,83,65.6,526.6,1655.4,0.32
2.5,2.0,55,1,250,both,497,346,151,69.6,-708.0,2838.4,-0.25
2.5,2.0,55,1,250,long,247,178,69,72.1,228.9,1340.4,0.17
2.5,2.0,55,1,250,short,250,168,82,67.2,-936.9,2293.2,-0.41
2.5,2.0,55,2,250,both,491,344,147,70.1,-635.8,2773.1,-0.23
2.5,2.0,55,2,250,long,245,176,69,71.8,164.2,1405.1,0.12
2.5,2.0,55,2,250,short,246,168,78,68.3,-800.0,2239.3,-0.36
2.5,2.0,55,3,250,both,487,342,145,70.2,-725.0,2877.8,-0.25
2.5,2.0,55,3,250,long,244,176,68,72.1,67.9,1361.5,0.05
2.5,2.0,55,3,250,short,243,166,77,68.3,-792.9,2344.8,-0.34
2.5,2.0,55,4,250,both,487,343,144,70.4,-476.0,2677.6,-0.18
2.5,2.0,55,4,250,long,244,176,68,72.1,89.9,1339.5,0.07
2.5,2.0,55,4,250,short,243,167,76,68.7,-565.9,2166.6,-0.26
2.5,2.0,65,1,250,both,490,337,153,68.8,-261.0,2880.8,-0.09
2.5,2.0,65,1,250,long,243,172,71,70.8,227.8,1335.2,0.17
2.5,2.0,65,1,250,short,247,165,82,66.8,-488.8,2247.0,-0.22
2.5,2.0,65,2,250,both,485,336,149,69.3,-306.2,2815.5,-0.11
2.5,2.0,65,2,250,long,242,171,71,70.7,230.4,1315.9,0.18
2.5,2.0,65,2,250,short,243,165,78,67.9,-536.6,2193.1,-0.24
2.5,2.0,65,3,250,both,480,333,147,69.4,-494.8,2920.2,-0.17
2.5,2.0,65,3,250,long,240,170,70,70.8,28.7,1377.7,0.02
2.5,2.0,65,3,250,short,240,163,77,67.9,-523.5,2298.6,-0.23
2.5,2.0,65,4,250,both,479,333,146,69.5,-256.0,2898.2,-0.09
2.5,2.0,65,4,250,long,239,170,69,71.1,258.7,1147.7,0.23
2.5,2.0,65,4,250,short,240,163,77,67.9,-514.7,2298.6,-0.22
2.5,2.0,75,1,250,both,487,334,153,68.6,103.2,2843.2,0.04
2.5,2.0,75,1,250,long,241,170,71,70.5,148.7,1362.5,0.11
2.5,2.0,75,1,250,short,246,164,82,66.7,-45.5,2209.4,-0.02
2.5,2.0,75,2,250,both,482,332,150,68.9,-71.7,2777.9,-0.03
2.5,2.0,75,2,250,long,240,169,71,70.4,120.8,1390.4,0.09
2.5,2.0,75,2,250,short,242,163,79,67.4,-192.5,2155.5,-0.09
2.5,2.0,75,3,250,both,478,330,148,69.0,-134.3,2882.6,-0.05
2.5,2.0,75,3,250,long,239,169,70,70.7,45.1,1326.2,0.03
2.5,2.0,75,3,250,short,239,161,78,67.4,-179.4,2261.0,-0.08
2.5,2.0,75,4,250,both,477,330,147,69.2,104.5,2860.6,0.04
2.5,2.0,75,4,250,long,238,169,69,71.0,275.1,1096.2,0.25
2.5,2.0,75,4,250,short,239,161,78,67.4,-170.6,2261.0,-0.08
2.5,2.0,85,1,250,both,483,330,153,68.3,1176.0,2469.3,0.48
2.5,2.0,85,1,250,long,240,168,72,70.0,501.9,991.9,0.51
2.5,2.0,85,1,250,short,243,162,81,66.7,674.1,2039.4,0.33
2.5,2.0,85,2,250,both,479,327,152,68.3,901.8,2469.3,0.37
2.5,2.0,85,2,250,long,239,167,72,69.9,462.6,1003.1,0.46
2.5,2.0,85,2,250,short,240,160,80,66.7,439.2,2039.4,0.22
2.5,2.0,85,3,250,both,475,325,150,68.4,844.5,2574.8,0.33
2.5,2.0,85,3,250,long,238,167,71,70.2,392.2,991.9,0.4
2.5,2.0,85,3,250,short,237,158,79,66.7,452.3,2144.9,0.21
2.5,2.0,85,4,250,both,474,325,149,68.6,1061.3,2574.8,0.41
2.5,2.0,85,4,250,long,237,167,70,70.5,600.2,991.9,0.61
2.5,2.0,85,4,250,short,237,158,79,66.7,461.1,2144.9,0.21
2.5,2.0,95,1,250,both,479,326,153,68.1,1767.0,2325.6,0.76
2.5,2.0,95,1,250,long,237,165,72,69.6,728.4,991.9,0.73
2.5,2.0,95,1,250,short,242,161,81,66.5,1038.6,1895.7,0.55
2.5,2.0,95,2,250,both,477,325,152,68.1,1674.8,2325.6,0.72
2.5,2.0,95,2,250,long,237,165,72,69.6,728.4,991.9,0.73
2.5,2.0,95,2,250,short,240,160,80,66.7,946.4,1895.7,0.5
2.5,2.0,95,3,250,both,473,322,151,68.1,1581.2,2431.1,0.65
2.5,2.0,95,3,250,long,236,164,72,69.5,621.7,991.9,0.63
2.5,2.0,95,3,250,short,237,158,79,66.7,959.5,2001.2,0.48
2.5,2.0,95,4,250,both,472,322,150,68.2,1798.0,2431.1,0.74
2.5,2.0,95,4,250,long,235,164,71,69.8,829.7,991.9,0.84
2.5,2.0,95,4,250,short,237,158,79,66.7,968.3,2001.2,0.48
2.5,0.5,55,1,300,both,561,282,279,50.3,-670.3,2047.1,-0.33
2.5,0.5,55,1,300,long,282,145,137,51.4,15.0,1537.8,0.01
2.5,0.5,55,1,300,short,279,137,142,49.1,-685.3,1127.3,-0.61
2.5,0.5,55,2,300,both,543,273,270,50.3,-662.2,2011.4,-0.33
2.5,0.5,55,2,300,long,273,140,133,51.3,87.8,1465.0,0.06
2.5,0.5,55,2,300,short,270,133,137,49.3,-750.0,1366.5,-0.55
2.5,0.5,55,3,300,both,530,268,262,50.6,-768.8,2147.8,-0.36
2.5,0.5,55,3,300,long,267,138,129,51.7,6.4,1464.5,0.0
2.5,0.5,55,3,300,short,263,130,133,49.4,-775.2,1302.3,-0.6
2.5,0.5,55,4,300,both,527,267,260,50.7,-672.2,2051.2,-0.33
2.5,0.5,55,4,300,long,266,138,128,51.9,64.4,1412.2,0.05
2.5,0.5,55,4,300,short,261,129,132,49.4,-736.6,1293.6,-0.57
2.5,0.5,65,1,300,both,558,277,281,49.6,-339.6,1859.5,-0.18
2.5,0.5,65,1,300,long,280,140,140,50.0,54.4,1477.1,0.04
2.5,0.5,65,1,300,short,278,137,141,49.3,-394.0,1025.4,-0.38
2.5,0.5,65,2,300,both,541,270,271,49.9,-58.9,1549.6,-0.04
2.5,0.5,65,2,300,long,272,136,136,50.0,194.5,1320.3,0.15
2.5,0.5,65,2,300,short,269,134,135,49.8,-253.4,1002.9,-0.25
2.5,0.5,65,3,300,both,528,266,262,50.4,-138.9,1790.3,-0.08
2.5,0.5,65,3,300,long,266,135,131,50.8,139.7,1293.2,0.11
2.5,0.5,65,3,300,short,262,131,131,50.0,-278.6,930.8,-0.3
2.5,0.5,65,4,300,both,524,264,260,50.4,-46.5,1712.5,-0.03
2.5,0.5,65,4,300,long,264,135,129,51.1,255.7,1182.9,0.22
2.5,0.5,65,4,300,short,260,129,131,49.6,-302.2,952.9,-0.32
2.5,0.5,75,1,300,both,555,271,284,48.8,-235.5,1782.3,-0.13
2.5,0.5,75,1,300,long,279,138,141,49.5,-52.2,1531.9,-0.03
2.5,0.5,75,1,300,short,276,133,143,48.2,-183.3,963.9,-0.19
2.5,0.5,75,2,300,both,538,264,274,49.1,-106.0,1652.5,-0.06
2.5,0.5,75,2,300,long,271,135,136,49.8,142.0,1337.7,0.11
2.5,0.5,75,2,300,short,267,129,138,48.3,-248.0,1006.3,-0.25
2.5,0.5,75,3,300,both,525,260,265,49.5,-165.4,1865.5,-0.09
2.5,0.5,75,3,300,long,265,134,131,50.6,107.8,1334.7,0.08
2.5,0.5,75,3,300,short,260,126,134,48.5,-273.2,977.8,-0.28
2.5,0.5,75,4,300,both,521,258,263,49.5,-162.2,1950.2,-0.08
2.5,0.5,75,4,300,long,263,134,129,51.0,223.8,1224.4,0.18
2.5,0.5,75,4,300,short,258,124,134,48.1,-386.0,1120.5,-0.34
2.5,0.5,85,1,300,both,550,265,285,48.2,844.5,1062.0,0.8
2.5,0.5,85,1,300,long,278,135,143,48.6,269.7,1232.9,0.22
2.5,0.5,85,1,300,short,272,130,142,47.8,574.8,746.1,0.77
2.5,0.5,85,2,300,both,536,259,277,48.3,1195.8,1178.5,1.01
2.5,0.5,85,2,300,long,270,132,138,48.9,463.9,1043.2,0.44
2.5,0.5,85,2,300,short,266,127,139,47.7,731.9,828.1,0.88
2.5,0.5,85,3,300,both,522,254,268,48.7,682.9,1510.3,0.45
2.5,0.5,85,3,300,long,264,131,133,49.6,383.7,1070.2,0.36
2.5,0.5,85,3,300,short,258,123,135,47.7,299.2,875.6,0.34
2.5,0.5,85,4,300,both,518,252,266,48.6,686.1,1595.0,0.43
2.5,0.5,85,4,300,long,262,131,131,50.0,499.7,1012.2,0.49
2.5,0.5,85,4,300,short,256,121,135,47.3,186.4,1018.3,0.18
2.5,0.5,95,1,300,both,547,262,285,47.9,1542.7,868.7,1.78
2.5,0.5,95,1,300,long,275,133,142,48.4,607.0,1082.3,0.56
2.5,0.5,95,1,300,short,272,129,143,47.4,935.7,602.2,1.55
2.5,0.5,95,2,300,both,535,257,278,48.0,1774.6,1129.9,1.57
2.5,0.5,95,2,300,long,269,131,138,48.7,681.8,1007.5,0.68
2.5,0.5,95,2,300,short,266,126,140,47.4,1092.8,779.5,1.4
2.5,0.5,95,3,300,both,521,250,271,48.0,1160.4,1461.7,0.79
2.5,0.5,95,3,300,long,263,128,135,48.7,500.3,1070.2,0.47
2.5,0.5,95,3,300,short,258,122,136,47.3,660.1,827.0,0.8
2.5,0.5,95,4,300,both,517,248,269,48.0,1163.6,1546.4,0.75
2.5,0.5,95,4,300,long,261,128,133,49.0,616.3,1012.2,0.61
2.5,0.5,95,4,300,short,256,120,136,46.9,547.3,969.7,0.56
2.5,0.75,55,1,300,both,533,318,215,59.7,668.6,1281.5,0.52
2.5,0.75,55,1,300,long,265,161,104,60.8,563.2,859.6,0.66
2.5,0.75,55,1,300,short,268,157,111,58.6,105.4,1270.0,0.08
2.5,0.75,55,2,300,both,521,312,209,59.9,445.4,1490.7,0.3
2.5,0.75,55,2,300,long,259,158,101,61.0,578.0,847.9,0.68
2.5,0.75,55,2,300,short,262,154,108,58.8,-132.6,1479.2,-0.09
2.5,0.75,55,3,300,both,515,309,206,60.0,22.9,1556.5,0.01
2.5,0.75,55,3,300,long,258,158,100,61.2,329.5,987.5,0.33
2.5,0.75,55,3,300,short,257,151,106,58.8,-306.6,1541.3,-0.2
2.5,0.75,55,4,300,both,514,310,204,60.3,165.5,1463.3,0.11
2.5,0.75,55,4,300,long,257,158,99,61.5,370.1,946.9,0.39
2.5,0.75,55,4,300,short,257,152,105,59.1,-204.6,1448.1,-0.14
2.5,0.75,65,1,300,both,529,310,219,58.6,920.7,1195.1,0.77
2.5,0.75,65,1,300,long,262,154,108,58.8,348.2,1132.3,0.31
2.5,0.75,65,1,300,short,267,156,111,58.4,572.5,1167.1,0.49
2.5,0.75,65,2,300,both,518,305,213,58.9,600.1,1383.9,0.43
2.5,0.75,65,2,300,long,257,152,105,59.1,430.3,1033.5,0.42
2.5,0.75,65,2,300,short,261,153,108,58.6,169.8,1255.9,0.14
2.5,0.75,65,3,300,both,512,302,210,59.0,182.2,1571.4,0.12
2.5,0.75,65,3,300,long,256,152,104,59.4,180.4,1176.2,0.15
2.5,0.75,65,3,300,short,256,150,106,58.6,1.8,1312.0,0.0
2.5,0.75,65,4,300,both,510,302,208,59.2,314.6,1571.4,0.2
2.5,0.75,65,4,300,long,254,152,102,59.8,304.0,1052.6,0.29
2.5,0.75,65,4,300,short,256,150,106,58.6,10.6,1312.0,0.01
2.5,0.75,75,1,300,both,526,306,220,58.2,1187.3,1167.5,1.02
2.5,0.75,75,1,300,long,261,153,108,58.6,374.5,1059.6,0.35
2.5,0.75,75,1,300,short,265,153,112,57.7,812.8,1034.4,0.79
2.5,0.75,75,2,300,both,515,301,214,58.4,847.2,1339.1,0.63
2.5,0.75,75,2,300,long,256,152,104,59.4,556.3,899.2,0.62
2.5,0.75,75,2,300,short,259,149,110,57.5,290.9,1117.4,0.26
2.5,0.75,75,3,300,both,508,297,211,58.5,417.2,1526.6,0.27
2.5,0.75,75,3,300,long,254,151,103,59.4,294.3,1084.7,0.27
2.5,0.75,75,3,300,short,254,146,108,57.5,122.9,1134.5,0.11
2.5,0.75,75,4,300,both,506,297,209,58.7,549.6,1526.6,0.36
2.5,0.75,75,4,300,long,252,151,101,59.9,417.9,961.1,0.43
2.5,0.75,75,4,300,short,254,146,108,57.5,131.7,1134.5,0.12
2.5,0.75,85,1,300,both,521,300,221,57.6,1988.9,1094.9,1.82
2.5,0.75,85,1,300,long,260,151,109,58.1,651.6,813.3,0.8
2.5,0.75,85,1,300,short,261,149,112,57.1,1337.3,853.9,1.57
2.5,0.75,85,2,300,both,512,296,216,57.8,1671.7,1218.7,1.37
2.5,0.75,85,2,300,long,255,150,105,58.8,833.4,813.3,1.02
2.5,0.75,85,2,300,short,257,146,111,56.8,838.3,974.3,0.86
2.5,0.75,85,3,300,both,505,292,213,57.8,1247.8,1218.7,1.02
2.5,0.75,85,3,300,long,253,149,104,58.9,577.5,843.3,0.68
2.5,0.75,85,3,300,short,252,143,109,56.7,670.3,974.3,0.69
2.5,0.75,85,4,300,both,503,292,211,58.1,1380.2,1218.7,1.13
2.5,0.75,85,4,300,long,251,149,102,59.4,701.1,813.3,0.86
2.5,0.75,85,4,300,short,252,143,109,56.7,679.1,974.3,0.7
2.5,0.75,95,1,300,both,517,295,222,57.1,2451.5,1094.9,2.24
2.5,0.75,95,1,300,long,257,148,109,57.6,869.8,859.4,1.01
2.5,0.75,95,1,300,short,260,147,113,56.5,1581.7,853.9,1.85
2.5,0.75,95,2,300,both,510,292,218,57.3,2186.1,1218.7,1.79
2.5,0.75,95,2,300,long,253,147,106,58.1,960.7,859.4,1.12
2.5,0.75,95,2,300,short,257,145,112,56.4,1225.4,974.3,1.26
2.5,0.75,95,3,300,both,503,287,216,57.1,1725.9,1218.7,1.42
2.5,0.75,95,3,300,long,251,145,106,57.8,668.5,938.9,0.71
2.5,0.75,95,3,300,short,252,142,110,56.3,1057.4,974.3,1.09
2.5,0.75,95,4,300,both,501,287,214,57.3,1858.3,1218.7,1.52
2.5,0.75,95,4,300,long,249,145,104,58.2,792.1,859.4,0.92
2.5,0.75,95,4,300,short,252,142,110,56.3,1066.2,974.3,1.09
2.5,1.0,55,1,300,both,514,329,185,64.0,-139.0,2292.5,-0.06
2.5,1.0,55,1,300,long,256,168,88,65.6,226.9,1243.2,0.18
2.5,1.0,55,1,300,short,258,161,97,62.4,-365.9,1681.5,-0.22
2.5,1.0,55,2,300,both,506,326,180,64.4,109.4,2076.5,0.05
2.5,1.0,55,2,300,long,253,166,87,65.6,290.3,1179.8,0.25
2.5,1.0,55,2,300,short,253,160,93,63.2,-180.9,1517.0,-0.12
2.5,1.0,55,3,300,both,505,327,178,64.8,156.0,2076.5,0.08
2.5,1.0,55,3,300,long,254,168,86,66.1,324.3,1146.7,0.28
2.5,1.0,55,3,300,short,251,159,92,63.3,-168.3,1523.0,-0.11
2.5,1.0,55,4,300,both,504,327,177,64.9,177.5,2079.7,0.09
2.5,1.0,55,4,300,long,254,168,86,66.1,324.3,1146.7,0.28
2.5,1.0,55,4,300,short,250,159,91,63.6,-146.8,1503.9,-0.1
2.5,1.0,65,1,300,both,509,319,190,62.7,3.1,2399.0,0.0
2.5,1.0,65,1,300,long,253,160,93,63.2,-42.2,1533.7,-0.03
2.5,1.0,65,1,300,short,256,159,97,62.1,45.3,1464.5,0.03
2.5,1.0,65,2,300,both,502,318,184,63.3,140.7,2183.0,0.06
2.5,1.0,65,2,300,long,251,160,91,63.7,115.1,1359.7,0.08
2.5,1.0,65,2,300,short,251,158,93,62.9,25.6,1293.7,0.02
2.5,1.0,65,3,300,both,501,319,182,63.7,191.9,2183.0,0.09
2.5,1.0,65,3,300,long,252,162,90,64.3,147.7,1326.6,0.11
2.5,1.0,65,3,300,short,249,157,92,63.1,44.2,1293.7,0.03
2.5,1.0,65,4,300,both,499,318,181,63.7,203.2,2288.5,0.09
2.5,1.0,65,4,300,long,251,162,89,64.5,255.7,1218.6,0.21
2.5,1.0,65,4,300,short,248,156,92,62.9,-52.5,1392.8,-0.04
2.5,1.0,75,1,300,both,507,316,191,62.3,273.4,2361.4,0.12
2.5,1.0,75,1,300,long,252,159,93,63.1,-15.9,1461.0,-0.01
2.5,1.0,75,1,300,short,255,157,98,61.6,289.3,1426.9,0.2
2.5,1.0,75,2,300,both,500,314,186,62.8,281.3,2145.4,0.13
2.5,1.0,75,2,300,long,250,159,91,63.6,110.9,1334.2,0.08
2.5,1.0,75,2,300,short,250,155,95,62.0,170.4,1217.3,0.14
2.5,1.0,75,3,300,both,498,314,184,63.1,320.4,2145.4,0.15
2.5,1.0,75,3,300,long,250,160,90,64.0,131.4,1280.5,0.1
2.5,1.0,75,3,300,short,248,154,94,62.1,189.0,1217.3,0.16
2.5,1.0,75,4,300,both,496,313,183,63.1,331.7,2250.9,0.15
2.5,1.0,75,4,300,long,249,160,89,64.3,239.4,1172.5,0.2
2.5,1.0,75,4,300,short,247,153,94,61.9,92.3,1316.4,0.07
2.5,1.0,85,1,300,both,503,311,192,61.8,1230.2,1988.0,0.62
2.5,1.0,85,1,300,long,251,157,94,62.5,236.2,1196.5,0.2
2.5,1.0,85,1,300,short,252,154,98,61.1,994.0,1237.8,0.8
2.5,1.0,85,2,300,both,497,309,188,62.2,1130.1,1880.0,0.6
2.5,1.0,85,2,300,long,249,157,92,63.1,363.0,1069.7,0.34
2.5,1.0,85,2,300,short,248,152,96,61.3,767.1,1129.8,0.68
2.5,1.0,85,3,300,both,495,309,186,62.4,1175.3,1880.0,0.63
2.5,1.0,85,3,300,long,249,158,91,63.5,389.6,1043.1,0.37
2.5,1.0,85,3,300,short,246,151,95,61.4,785.7,1129.8,0.7
2.5,1.0,85,4,300,both,493,308,185,62.5,1186.6,1985.5,0.6
2.5,1.0,85,4,300,long,248,158,90,63.7,497.6,979.2,0.51
2.5,1.0,85,4,300,short,245,150,95,61.2,689.0,1235.3,0.56
2.5,1.0,95,1,300,both,499,307,192,61.5,1722.7,1844.3,0.93
2.5,1.0,95,1,300,long,248,154,94,62.1,364.2,1360.9,0.27
2.5,1.0,95,1,300,short,251,153,98,61.0,1358.5,1127.2,1.21
2.5,1.0,95,2,300,both,495,306,189,61.8,1739.6,1736.3,1.0
2.5,1.0,95,2,300,long,247,154,93,62.3,465.3,1259.8,0.37
2.5,1.0,95,2,300,short,248,152,96,61.3,1274.3,1127.2,1.13
2.5,1.0,95,3,300,both,493,305,188,61.9,1748.5,1736.3,1.01
2.5,1.0,95,3,300,long,247,154,93,62.3,455.6,1269.5,0.36
2.5,1.0,95,3,300,short,246,151,95,61.4,1292.9,1127.2,1.15
2.5,1.0,95,4,300,both,491,304,187,61.9,1759.8,1841.8,0.96
2.5,1.0,95,4,300,long,246,154,92,62.6,563.6,1161.5,0.49
2.5,1.0,95,4,300,short,245,150,95,61.2,1196.2,1127.2,1.06
2.5,1.25,55,1,300,both,501,339,162,67.7,203.4,2195.3,0.09
2.5,1.25,55,1,300,long,250,173,77,69.2,503.4,902.0,0.56
2.5,1.25,55,1,300,short,251,166,85,66.1,-300.0,1612.3,-0.19
2.5,1.25,55,2,300,both,496,337,159,67.9,377.9,1823.8,0.21
2.5,1.25,55,2,300,long,248,171,77,69.0,427.3,925.4,0.46
2.5,1.25,55,2,300,short,248,166,82,66.9,-49.4,1424.8,-0.03
2.5,1.25,55,3,300,both,494,336,158,68.0,239.1,1823.8,0.13
2.5,1.25,55,3,300,long,248,172,76,69.4,436.9,925.4,0.47
2.5,1.25,55,3,300,short,246,164,82,66.7,-197.8,1483.8,-0.13
2.5,1.25,55,4,300,both,491,336,155,68.4,551.6,1792.1,0.31
2.5,1.25,55,4,300,long,247,172,75,69.6,569.9,798.3,0.71
2.5,1.25,55,4,300,short,244,164,80,67.2,-18.3,1276.6,-0.01
2.5,1.25,65,1,300,both,496,330,166,66.5,365.5,2326.8,0.16
2.5,1.25,65,1,300,long,247,166,81,67.2,209.5,1103.1,0.19
2.5,1.25,65,1,300,short,249,164,85,65.9,156.0,1549.1,0.1
2.5,1.25,65,2,300,both,492,329,163,66.9,422.6,1955.3,0.22
2.5,1.25,65,2,300,long,246,165,81,67.1,200.7,1103.1,0.18
2.5,1.25,65,2,300,short,246,164,82,66.7,221.9,1246.6,0.18
2.5,1.25,65,3,300,both,490,328,162,66.9,289.8,1955.3,0.15
2.5,1.25,65,3,300,long,246,166,80,67.5,210.3,1103.1,0.19
2.5,1.25,65,3,300,short,244,162,82,66.4,79.5,1254.5,0.06
2.5,1.25,65,4,300,both,486,327,159,67.3,592.1,2060.8,0.29
2.5,1.25,65,4,300,long,244,166,78,68.0,476.3,998.0,0.48
2.5,1.25,65,4,300,short,242,161,81,66.5,115.8,1315.6,0.09
2.5,1.25,75,1,300,both,493,326,167,66.1,639.6,2289.2,0.28
2.5,1.25,75,1,300,long,245,164,81,66.9,203.1,1055.2,0.19
2.5,1.25,75,1,300,short,248,162,86,65.3,436.5,1511.5,0.29
2.5,1.25,75,2,300,both,489,324,165,66.3,567.0,1917.7,0.3
2.5,1.25,75,2,300,long,244,163,81,66.8,163.8,1055.2,0.16
2.5,1.25,75,2,300,short,245,161,84,65.7,403.2,1209.0,0.33
2.5,1.25,75,3,300,both,487,323,164,66.3,454.8,1917.7,0.24
2.5,1.25,75,3,300,long,244,164,80,67.2,194.0,1055.2,0.18
2.5,1.25,75,3,300,short,243,159,84,65.4,260.8,1209.0,0.22
2.5,1.25,75,4,300,both,483,322,161,66.7,757.1,2023.2,0.37
2.5,1.25,75,4,300,long,242,164,78,67.8,460.0,998.0,0.46
2.5,1.25,75,4,300,short,241,158,83,65.6,297.1,1278.0,0.23
2.5,1.25,85,1,300,both,489,321,168,65.6,1571.4,1940.8,0.81
2.5,1.25,85,1,300,long,244,162,82,66.4,430.2,863.8,0.5
2.5,1.25,85,1,300,short,245,159,86,64.9,1141.2,1322.4,0.86
2.5,1.25,85,2,300,both,486,319,167,65.6,1365.8,1702.3,0.8
2.5,1.25,85,2,300,long,243,161,82,66.3,390.9,863.8,0.45
2.5,1.25,85,2,300,short,243,158,85,65.0,974.9,1118.9,0.87
2.5,1.25,85,3,300,both,484,318,166,65.7,1259.7,1702.3,0.74
2.5,1.25,85,3,300,long,243,162,81,66.7,427.2,863.8,0.49
2.5,1.25,85,3,300,short,241,156,85,64.7,832.5,1118.9,0.74
2.5,1.25,85,4,300,both,480,317,163,66.0,1562.0,1807.8,0.86
2.5,1.25,85,4,300,long,241,162,79,67.2,693.2,838.7,0.83
2.5,1.25,85,4,300,short,239,155,84,64.9,868.8,1189.4,0.73
2.5,1.25,95,1,300,both,485,316,169,65.2,1973.9,1797.1,1.1
2.5,1.25,95,1,300,long,241,158,83,65.6,468.2,991.9,0.47
2.5,1.25,95,1,300,short,244,158,86,64.8,1505.7,1178.7,1.28
2.5,1.25,95,2,300,both,484,316,168,65.3,1950.3,1558.6,1.25
2.5,1.25,95,2,300,long,241,158,83,65.6,468.2,991.9,0.47
2.5,1.25,95,2,300,short,243,158,85,65.0,1482.1,1115.1,1.33
2.5,1.25,95,3,300,both,482,314,168,65.1,1807.9,1558.6,1.16
2.5,1.25,95,3,300,long,241,158,83,65.6,468.2,991.9,0.47
2.5,1.25,95,3,300,short,241,156,85,64.7,1339.7,1115.1,1.2
2.5,1.25,95,4,300,both,478,313,165,65.5,2110.2,1664.1,1.27
2.5,1.25,95,4,300,long,239,158,81,66.1,734.2,884.8,0.83
2.5,1.25,95,4,300,short,239,155,84,64.9,1376.0,1115.1,1.23
2.5,1.5,55,1,300,both,497,341,156,68.6,-213.6,2537.7,-0.08
2.5,1.5,55,1,300,long,248,175,73,70.6,758.6,804.5,0.94
2.5,1.5,55,1,300,short,249,166,83,66.7,-972.2,2535.2,-0.38
2.5,1.5,55,2,300,both,491,338,153,68.8,-286.4,2652.3,-0.11
2.5,1.5,55,2,300,long,246,173,73,70.3,682.5,827.4,0.82
2.5,1.5,55,2,300,short,245,165,80,67.3,-968.9,2527.7,-0.38
2.5,1.5,55,3,300,both,487,335,152,68.8,-637.4,2816.8,-0.23
2.5,1.5,55,3,300,long,245,173,72,70.6,585.4,825.9,0.71
2.5,1.5,55,3,300,short,242,162,80,66.9,-1222.8,2692.2,-0.45
2.5,1.5,55,4,300,both,486,336,150,69.1,-180.9,2369.1,-0.08
2.5,1.5,55,4,300,long,245,173,72,70.6,706.9,704.4,1.0
2.5,1.5,55,4,300,short,241,163,78,67.6,-887.8,2366.0,-0.38
2.5,1.5,65,1,300,both,492,334,158,67.9,157.3,2336.6,0.07
2.5,1.5,65,1,300,long,245,170,75,69.4,673.5,1008.5,0.67
2.5,1.5,65,1,300,short,247,164,83,66.4,-516.2,2127.2,-0.24
2.5,1.5,65,2,300,both,487,332,155,68.2,-32.9,2635.9,-0.01
2.5,1.5,65,2,300,long,244,169,75,69.3,664.7,1008.5,0.66
2.5,1.5,65,2,300,short,243,163,80,67.1,-697.6,2304.4,-0.3
2.5,1.5,65,3,300,both,483,329,154,68.1,-377.9,2794.4,-0.14
2.5,1.5,65,3,300,long,243,169,74,69.5,567.6,1008.5,0.56
2.5,1.5,65,3,300,short,240,160,80,66.7,-945.5,2462.9,-0.38
2.5,1.5,65,4,300,both,481,329,152,68.4,68.4,2514.9,0.03
2.5,1.5,65,4,300,long,242,169,73,69.8,847.1,887.0,0.96
2.5,1.5,65,4,300,short,239,160,79,66.9,-778.7,2304.9,-0.34
2.5,1.5,75,1,300,both,489,330,159,67.5,406.4,2257.7,0.18
2.5,1.5,75,1,300,long,243,168,75,69.1,667.1,1008.5,0.66
2.5,1.5,75,1,300,short,246,162,84,65.9,-260.7,1971.7,-0.13
2.5,1.5,75,2,300,both,484,327,157,67.6,86.5,2581.1,0.03
2.5,1.5,75,2,300,long,242,167,75,69.0,627.8,1008.5,0.62
2.5,1.5,75,2,300,short,242,160,82,66.1,-541.3,2244.6,-0.24
2.5,1.5,75,3,300,both,480,324,156,67.5,-237.9,2739.6,-0.09
2.5,1.5,75,3,300,long,241,167,74,69.3,551.3,1008.5,0.55
2.5,1.5,75,3,300,short,239,157,82,65.7,-789.2,2403.1,-0.33
2.5,1.5,75,4,300,both,478,324,154,67.8,208.4,2460.1,0.08
2.5,1.5,75,4,300,long,240,167,73,69.6,830.8,887.0,0.94
2.5,1.5,75,4,300,short,238,157,81,66.0,-622.4,2245.1,-0.28
2.5,1.5,85,1,300,both,485,326,159,67.2,1551.3,1814.3,0.86
2.5,1.5,85,1,300,long,242,166,76,68.6,1020.3,862.0,1.18
2.5,1.5,85,1,300,short,243,160,83,65.8,531.0,1610.2,0.33
2.5,1.5,85,2,300,both,481,322,159,66.9,986.4,2077.3,0.47
2.5,1.5,85,2,300,long,241,165,76,68.5,981.0,862.0,1.14
2.5,1.5,85,2,300,short,240,157,83,65.4,5.4,1868.5,0.0
2.5,1.5,85,3,300,both,477,319,158,66.9,668.1,2235.8,0.3
2.5,1.5,85,3,300,long,240,165,75,68.8,910.6,862.0,1.06
2.5,1.5,85,3,300,short,237,154,83,65.0,-242.5,2027.0,-0.12
2.5,1.5,85,4,300,both,475,319,156,67.2,992.9,2077.8,0.48
2.5,1.5,85,4,300,long,239,165,74,69.0,1068.6,862.0,1.24
2.5,1.5,85,4,300,short,236,154,82,65.3,-75.7,1869.0,-0.04
2.5,1.5,95,1,300,both,481,322,159,66.9,2204.2,1767.7,1.25
2.5,1.5,95,1,300,long,239,163,76,68.2,1308.7,831.8,1.57
2.5,1.5,95,1,300,short,242,159,83,65.7,895.5,1628.7,0.55
2.5,1.5,95,2,300,both,479,320,159,66.8,1821.3,1885.7,0.97
2.5,1.5,95,2,300,long,239,163,76,68.2,1308.7,831.8,1.57
2.5,1.5,95,2,300,short,240,157,83,65.4,512.6,1628.7,0.31
2.5,1.5,95,3,300,both,475,316,159,66.5,1466.7,2044.2,0.72
2.5,1.5,95,3,300,long,238,162,76,68.1,1202.0,831.8,1.45
2.5,1.5,95,3,300,short,237,154,83,65.0,264.7,1734.2,0.15
2.5,1.5,95,4,300,both,473,316,157,66.8,1791.5,1886.2,0.95
2.5,1.5,95,4,300,long,237,162,75,68.4,1360.0,831.8,1.64
2.5,1.5,95,4,300,short,236,154,82,65.3,431.5,1734.2,0.25
2.5,2.0,55,1,300,both,488,341,147,69.9,-758.8,3187.9,-0.24
2.5,2.0,55,1,300,long,244,176,68,72.1,-11.2,1584.0,-0.01
2.5,2.0,55,1,300,short,244,165,79,67.6,-747.6,2371.1,-0.32
2.5,2.0,55,2,300,both,482,339,143,70.3,-686.6,3122.6,-0.22
2.5,2.0,55,2,300,long,242,174,68,71.9,-75.9,1648.7,-0.05
2.5,2.0,55,2,300,short,240,165,75,68.8,-610.7,2317.2,-0.26
2.5,2.0,55,3,300,both,478,337,141,70.5,-775.8,3227.3,-0.24
2.5,2.0,55,3,300,long,241,174,67,72.2,-172.2,1605.1,-0.11
2.5,2.0,55,3,300,short,237,163,74,68.8,-603.6,2422.7,-0.25
2.5,2.0,55,4,300,both,478,338,140,70.7,-526.8,2993.1,-0.18
2.5,2.0,55,4,300,long,241,174,67,72.2,-150.2,1583.1,-0.09
2.5,2.0,55,4,300,short,237,164,73,69.2,-376.6,2244.5,-0.17
2.5,2.0,65,1,300,both,483,334,149,69.2,-271.5,3157.1,-0.09
2.5,2.0,65,1,300,long,241,171,70,71.0,20.1,1546.4,0.01
2.5,2.0,65,1,300,short,242,163,79,67.4,-291.6,2324.9,-0.13
2.5,2.0,65,2,300,both,478,333,145,69.7,-316.7,3091.8,-0.1
2.5,2.0,65,2,300,long,240,170,70,70.8,22.7,1527.1,0.01
2.5,2.0,65,2,300,short,238,163,75,68.5,-339.4,2271.0,-0.15
2.5,2.0,65,3,300,both,474,331,143,69.8,-399.9,3196.5,-0.13
2.5,2.0,65,3,300,long,239,170,69,71.1,-73.6,1483.5,-0.05
2.5,2.0,65,3,300,short,235,161,74,68.5,-326.3,2376.5,-0.14
2.5,2.0,65,4,300,both,473,331,142,70.0,-161.1,3174.5,-0.05
2.5,2.0,65,4,300,long,238,170,68,71.4,156.4,1302.6,0.12
2.5,2.0,65,4,300,short,235,161,74,68.5,-317.5,2376.5,-0.13
2.5,2.0,75,1,300,both,481,331,150,68.8,133.6,3119.5,0.04
2.5,2.0,75,1,300,long,240,170,70,70.8,46.4,1468.3,0.03
2.5,2.0,75,1,300,short,241,161,80,66.8,87.2,2287.3,0.04
2.5,2.0,75,2,300,both,476,329,147,69.1,-41.3,3054.2,-0.01
2.5,2.0,75,2,300,long,239,169,70,70.7,18.5,1496.2,0.01
2.5,2.0,75,2,300,short,237,160,77,67.5,-59.8,2233.4,-0.03
2.5,2.0,75,3,300,both,472,327,145,69.3,-103.9,3158.9,-0.03
2.5,2.0,75,3,300,long,238,169,69,71.0,-57.2,1432.0,-0.04
2.5,2.0,75,3,300,short,234,158,76,67.5,-46.7,2338.9,-0.02
2.5,2.0,75,4,300,both,471,327,144,69.4,134.9,3136.9,0.04
2.5,2.0,75,4,300,long,237,169,68,71.3,172.8,1302.6,0.13
2.5,2.0,75,4,300,short,234,158,76,67.5,-37.9,2338.9,-0.02
2.5,2.0,85,1,300,both,477,327,150,68.6,1206.4,2693.4,0.45
2.5,2.0,85,1,300,long,239,168,71,70.3,399.6,1069.6,0.37
2.5,2.0,85,1,300,short,238,159,79,66.8,806.8,2117.3,0.38
2.5,2.0,85,2,300,both,473,324,149,68.5,932.2,2693.4,0.35
2.5,2.0,85,2,300,long,238,167,71,70.2,360.3,1108.9,0.32
2.5,2.0,85,2,300,short,235,157,78,66.8,571.9,2117.3,0.27
2.5,2.0,85,3,300,both,469,322,147,68.7,874.9,2798.9,0.31
2.5,2.0,85,3,300,long,237,167,70,70.5,289.9,1072.6,0.27
2.5,2.0,85,3,300,short,232,155,77,66.8,585.0,2222.8,0.26
2.5,2.0,85,4,300,both,468,322,146,68.8,1091.7,2798.9,0.39
2.5,2.0,85,4,300,long,236,167,69,70.8,497.9,1051.4,0.47
2.5,2.0,85,4,300,short,232,155,77,66.8,593.8,2222.8,0.27
2.5,2.0,95,1,300,both,473,322,151,68.1,1732.4,2549.7,0.68
2.5,2.0,95,1,300,long,236,164,72,69.5,561.1,1081.4,0.52
2.5,2.0,95,1,300,short,237,158,79,66.7,1171.3,1973.6,0.59
2.5,2.0,95,2,300,both,471,321,150,68.2,1640.2,2549.7,0.64
2.5,2.0,95,2,300,long,236,164,72,69.5,561.1,1081.4,0.52
2.5,2.0,95,2,300,short,235,157,78,66.8,1079.1,1973.6,0.55
2.5,2.0,95,3,300,both,467,318,149,68.1,1546.6,2655.2,0.58
2.5,2.0,95,3,300,long,235,163,72,69.4,454.4,1081.4,0.42
2.5,2.0,95,3,300,short,232,155,77,66.8,1092.2,2079.1,0.53
2.5,2.0,95,4,300,both,466,318,148,68.2,1763.4,2655.2,0.66
2.5,2.0,95,4,300,long,234,163,71,69.7,662.4,1051.4,0.63
2.5,2.0,95,4,300,short,232,155,77,66.8,1101.0,2079.1,0.53
2.75,0.5,55,1,100,both,357,196,160,55.1,2091.4,521.4,4.01
2.75,0.5,55,1,100,long,199,112,86,56.6,1854.9,290.4,6.39
2.75,0.5,55,1,100,short,158,84,74,53.2,236.5,812.4,0.29
2.75,0.5,55,2,100,both,348,192,155,55.3,2127.9,558.8,3.81
2.75,0.5,55,2,100,long,195,111,83,57.2,2006.6,290.4,6.91
2.75,0.5,55,2,100,short,153,81,72,52.9,121.3,883.6,0.14
2.75,0.5,55,3,100,both,346,191,154,55.4,2157.5,556.9,3.87
2.75,0.5,55,3,100,long,194,110,83,57.0,1978.2,290.4,6.81
2.75,0.5,55,3,100,short,152,81,71,53.3,179.3,825.6,0.22
2.75,0.5,55,4,100,both,346,191,154,55.4,2157.5,556.9,3.87
2.75,0.5,55,4,100,long,194,110,83,57.0,1978.2,290.4,6.81
2.75,0.5,55,4,100,short,152,81,71,53.3,179.3,825.6,0.22
2.75,0.5,65,1,100,both,352,185,166,52.7,1459.7,675.8,2.16
2.75,0.5,65,1,100,long,194,102,91,52.8,1085.7,544.4,1.99
2.75,0.5,65,1,100,short,158,83,75,52.5,374.0,812.4,0.46
2.75,0.5,65,2,100,both,344,183,160,53.4,1486.9,747.0,1.99
2.75,0.5,65,2,100,long,191,103,87,54.2,1323.9,544.4,2.43
2.75,0.5,65,2,100,short,153,80,73,52.3,163.0,883.6,0.18
2.75,0.5,65,3,100,both,342,182,159,53.4,1516.5,726.9,2.09
2.75,0.5,65,3,100,long,190,102,87,54.0,1295.5,544.4,2.38
2.75,0.5,65,3,100,short,152,80,72,52.6,221.0,825.6,0.27
2.75,0.5,65,4,100,both,341,182,158,53.5,1574.5,726.9,2.17
2.75,0.5,65,4,100,long,189,102,86,54.3,1353.5,486.4,2.78
2.75,0.5,65,4,100,short,152,80,72,52.6,221.0,825.6,0.27
2.75,0.5,75,1,100,both,349,180,168,51.7,1837.0,546.3,3.36
2.75,0.5,75,1,100,long,193,101,91,52.6,1257.0,544.4,2.31
2.75,0.5,75,1,100,short,156,79,77,50.6,580.0,713.2,0.81
2.75,0.5,75,2,100,both,342,179,162,52.5,1943.3,637.4,3.05
2.75,0.5,75,2,100,long,190,102,87,54.0,1495.2,544.4,2.75
2.75,0.5,75,2,100,short,152,77,75,50.7,448.1,774.0,0.58
2.75,0.5,75,3,100,both,340,178,161,52.5,1998.5,617.3,3.24
2.75,0.5,75,3,100,long,189,101,87,53.7,1492.4,544.4,2.74
2.75,0.5,75,3,100,short,151,77,74,51.0,506.1,716.0,0.71
2.75,0.5,75,4,100,both,338,177,160,52.5,1916.3,617.3,3.1
2.75,0.5,75,4,100,long,188,101,86,54.0,1550.4,486.4,3.19
2.75,0.5,75,4,100,short,150,76,74,50.7,365.9,716.0,0.51
2.75,0.5,85,1,100,both,344,173,170,50.4,2169.3,521.8,4.16
2.75,0.5,85,1,100,long,189,96,92,51.1,1212.1,544.4,2.23
2.75,0.5,85,1,100,short,155,77,78,49.7,957.2,501.7,1.91
2.75,0.5,85,2,100,both,339,171,167,50.6,2095.4,557.0,3.76
2.75,0.5,85,2,100,long,187,96,90,51.6,1328.1,544.4,2.44
2.75,0.5,85,2,100,short,152,75,77,49.3,767.3,562.5,1.36
2.75,0.5,85,3,100,both,338,171,166,50.7,2153.4,556.9,3.87
2.75,0.5,85,3,100,long,187,96,90,51.6,1328.1,544.4,2.44
2.75,0.5,85,3,100,short,151,75,76,49.7,825.3,504.5,1.64
2.75,0.5,85,4,100,both,336,170,165,50.7,2071.2,556.9,3.72
2.75,0.5,85,4,100,long,186,96,89,51.9,1386.1,486.4,2.85
2.75,0.5,85,4,100,short,150,74,76,49.3,685.1,504.5,1.36
2.75,0.5,95,1,100,both,343,171,171,50.0,2396.9,506.1,4.74
2.75,0.5,95,1,100,long,188,94,93,50.3,1414.4,544.4,2.6
2.75,0.5,95,1,100,short,155,77,78,49.7,982.5,501.7,1.96
2.75,0.5,95,2,100,both,339,169,169,50.0,2265.0,557.0,4.07
2.75,0.5,95,2,100,long,187,94,92,50.5,1472.4,544.4,2.7
2.75,0.5,95,2,100,short,152,75,77,49.3,792.6,562.5,1.41
2.75,0.5,95,3,100,both,338,169,168,50.1,2323.0,556.9,4.17
2.75,0.5,95,3,100,long,187,94,92,50.5,1472.4,544.4,2.7
2.75,0.5,95,3,100,short,151,75,76,49.7,850.6,504.5,1.69
2.75,0.5,95,4,100,both,336,168,167,50.1,2240.8,556.9,4.02
2.75,0.5,95,4,100,long,186,94,91,50.8,1530.4,486.4,3.15
2.75,0.5,95,4,100,short,150,74,76,49.3,710.4,504.5,1.41
2.75,0.75,55,1,100,both,350,219,130,62.8,2717.7,722.3,3.76
2.75,0.75,55,1,100,long,196,125,70,64.1,1963.6,384.1,5.11
2.75,0.75,55,1,100,short,154,94,60,61.0,754.1,650.9,1.16
2.75,0.75,55,2,100,both,343,216,126,63.2,2786.6,689.4,4.04
2.75,0.75,55,2,100,long,193,124,68,64.6,2026.5,410.5,4.94
2.75,0.75,55,2,100,short,150,92,58,61.3,760.1,650.9,1.17
2.75,0.75,55,3,100,both,342,215,126,63.0,2758.2,689.4,4.0
2.75,0.75,55,3,100,long,192,123,68,64.4,1998.1,410.5,4.87
2.75,0.75,55,3,100,short,150,92,58,61.3,760.1,650.9,1.17
2.75,0.75,55,4,100,both,342,215,126,63.0,2758.2,689.4,4.0
2.75,0.75,55,4,100,long,192,123,68,64.4,1998.1,410.5,4.87
2.75,0.75,55,4,100,short,150,92,58,61.3,760.1,650.9,1.17
2.75,0.75,65,1,100,both,345,210,134,61.0,2335.1,722.3,3.23
2.75,0.75,65,1,100,long,191,117,73,61.6,1458.5,619.0,2.36
2.75,0.75,65,1,100,short,154,93,61,60.4,876.6,650.9,1.35
2.75,0.75,65,2,100,both,339,209,129,61.8,2419.7,689.4,3.51
2.75,0.75,65,2,100,long,189,118,70,62.8,1632.9,619.0,2.64
2.75,0.75,65,2,100,short,150,91,59,60.7,786.8,650.9,1.21
2.75,0.75,65,3,100,both,338,208,129,61.7,2391.3,689.4,3.47
2.75,0.75,65,3,100,long,188,117,70,62.6,1604.5,619.0,2.59
2.75,0.75,65,3,100,short,150,91,59,60.7,786.8,650.9,1.21
2.75,0.75,65,4,100,both,337,208,128,61.9,2474.3,689.4,3.59
2.75,0.75,65,4,100,long,187,117,69,62.9,1687.5,536.0,3.15
2.75,0.75,65,4,100,short,150,91,59,60.7,786.8,650.9,1.21
2.75,0.75,75,1,100,both,340,204,135,60.2,2693.2,722.7,3.73
2.75,0.75,75,1,100,long,190,116,73,61.4,1674.2,619.0,2.7
2.75,0.75,75,1,100,short,150,88,62,58.7,1019.0,627.6,1.62
2.75,0.75,75,2,100,both,337,205,131,61.0,2950.6,689.8,4.28
2.75,0.75,75,2,100,long,188,117,70,62.6,1848.6,619.0,2.99
2.75,0.75,75,2,100,short,149,88,61,59.1,1102.0,627.6,1.76
2.75,0.75,75,3,100,both,336,204,131,60.9,2947.8,689.8,4.27
2.75,0.75,75,3,100,long,187,116,70,62.4,1845.8,619.0,2.98
2.75,0.75,75,3,100,short,149,88,61,59.1,1102.0,627.6,1.76
2.75,0.75,75,4,100,both,334,203,130,61.0,2890.6,689.8,4.19
2.75,0.75,75,4,100,long,186,116,69,62.7,1928.8,536.0,3.6
2.75,0.75,75,4,100,short,148,87,61,58.8,961.8,627.6,1.53
2.75,0.75,85,1,100,both,335,198,136,59.3,3070.4,722.7,4.25
2.75,0.75,85,1,100,long,186,112,73,60.5,1699.2,619.0,2.75
2.75,0.75,85,1,100,short,149,86,63,57.7,1371.2,534.1,2.57
2.75,0.75,85,2,100,both,334,198,135,59.5,3153.4,689.8,4.57
2.75,0.75,85,2,100,long,185,112,72,60.9,1782.2,619.0,2.88
2.75,0.75,85,2,100,short,149,86,63,57.7,1371.2,534.1,2.57
2.75,0.75,85,3,100,both,334,198,135,59.5,3153.4,689.8,4.57
2.75,0.75,85,3,100,long,185,112,72,60.9,1782.2,619.0,2.88
2.75,0.75,85,3,100,short,149,86,63,57.7,1371.2,534.1,2.57
2.75,0.75,85,4,100,both,332,197,134,59.5,3096.2,689.8,4.49
2.75,0.75,85,4,100,long,184,112,71,61.2,1865.2,536.0,3.48
2.75,0.75,85,4,100,short,148,85,63,57.4,1231.0,534.1,2.3
2.75,0.75,95,1,100,both,334,197,136,59.2,3412.4,684.8,4.98
2.75,0.75,95,1,100,long,185,111,73,60.3,2015.9,619.0,3.26
2.75,0.75,95,1,100,short,149,86,63,57.7,1396.5,534.1,2.61
2.75,0.75,95,2,100,both,334,197,136,59.2,3412.4,684.8,4.98
2.75,0.75,95,2,100,long,185,111,73,60.3,2015.9,619.0,3.26
2.75,0.75,95,2,100,short,149,86,63,57.7,1396.5,534.1,2.61
2.75,0.75,95,3,100,both,334,197,136,59.2,3412.4,684.8,4.98
2.75,0.75,95,3,100,long,185,111,73,60.3,2015.9,619.0,3.26
2.75,0.75,95,3,100,short,149,86,63,57.7,1396.5,534.1,2.61
2.75,0.75,95,4,100,both,332,196,135,59.2,3355.2,684.8,4.9
2.75,0.75,95,4,100,long,184,111,72,60.7,2098.9,536.0,3.92
2.75,0.75,95,4,100,short,148,85,63,57.4,1256.3,534.1,2.35
2.75,1.0,55,1,100,both,349,230,118,66.1,1993.1,863.5,2.31
2.75,1.0,55,1,100,long,196,132,63,67.7,1761.8,511.9,3.44
2.75,1.0,55,1,100,short,153,98,55,64.1,231.3,1140.6,0.2
2.75,1.0,55,2,100,both,342,227,114,66.6,2137.0,760.2,2.81
2.75,1.0,55,2,100,long,193,131,61,68.2,1849.7,538.3,3.44
2.75,1.0,55,2,100,short,149,96,53,64.4,287.3,1140.6,0.25
2.75,1.0,55,3,100,both,341,226,114,66.5,2108.6,760.2,2.77
2.75,1.0,55,3,100,long,192,130,61,68.1,1821.3,538.3,3.38
2.75,1.0,55,3,100,short,149,96,53,64.4,287.3,1140.6,0.25
2.75,1.0,55,4,100,both,341,226,114,66.5,2108.6,760.2,2.77
2.75,1.0,55,4,100,long,192,130,61,68.1,1821.3,538.3,3.38
2.75,1.0,55,4,100,short,149,96,53,64.4,287.3,1140.6,0.25
2.75,1.0,65,1,100,both,344,221,122,64.4,1611.3,1088.2,1.48
2.75,1.0,65,1,100,long,191,124,66,65.3,1282.5,683.6,1.88
2.75,1.0,65,1,100,short,153,97,56,63.4,328.8,1140.6,0.29
2.75,1.0,65,2,100,both,338,220,117,65.3,1795.9,983.7,1.83
2.75,1.0,65,2,100,long,189,125,63,66.5,1506.9,683.6,2.2
2.75,1.0,65,2,100,short,149,95,54,63.8,289.0,1140.6,0.25
2.75,1.0,65,3,100,both,336,218,117,65.1,1751.9,983.7,1.78
2.75,1.0,65,3,100,long,187,123,63,66.1,1462.9,683.6,2.14
2.75,1.0,65,3,100,short,149,95,54,63.8,289.0,1140.6,0.25
2.75,1.0,65,4,100,both,335,218,116,65.3,1859.9,983.7,1.89
2.75,1.0,65,4,100,long,186,123,62,66.5,1570.9,683.6,2.3
2.75,1.0,65,4,100,short,149,95,54,63.8,289.0,1140.6,0.25
2.75,1.0,75,1,100,both,339,216,122,63.9,2046.6,918.8,2.23
2.75,1.0,75,1,100,long,190,123,66,65.1,1473.2,683.6,2.16
2.75,1.0,75,1,100,short,149,93,56,62.4,573.4,1031.0,0.56
2.75,1.0,75,2,100,both,336,217,118,64.8,2379.0,866.2,2.75
2.75,1.0,75,2,100,long,188,124,63,66.3,1697.6,683.6,2.48
2.75,1.0,75,2,100,short,148,93,55,62.8,681.4,1031.0,0.66
2.75,1.0,75,3,100,both,334,215,118,64.6,2360.6,866.2,2.73
2.75,1.0,75,3,100,long,186,122,63,65.9,1679.2,683.6,2.46
2.75,1.0,75,3,100,short,148,93,55,62.8,681.4,1031.0,0.66
2.75,1.0,75,4,100,both,332,214,117,64.7,2328.4,866.2,2.69
2.75,1.0,75,4,100,long,185,122,62,66.3,1787.2,683.6,2.61
2.75,1.0,75,4,100,short,147,92,55,62.6,541.2,1031.0,0.52
2.75,1.0,85,1,100,both,334,210,123,63.1,2398.8,893.9,2.68
2.75,1.0,85,1,100,long,186,119,66,64.3,1498.2,640.8,2.34
2.75,1.0,85,1,100,short,148,91,57,61.5,900.6,809.1,1.11
2.75,1.0,85,2,100,both,333,210,122,63.3,2506.8,876.3,2.86
2.75,1.0,85,2,100,long,185,119,65,64.7,1606.2,640.8,2.51
2.75,1.0,85,2,100,short,148,91,57,61.5,900.6,809.1,1.11
2.75,1.0,85,3,100,both,332,209,122,63.1,2491.2,876.3,2.84
2.75,1.0,85,3,100,long,184,118,65,64.5,1590.6,640.8,2.48
2.75,1.0,85,3,100,short,148,91,57,61.5,900.6,809.1,1.11
2.75,1.0,85,4,100,both,330,208,121,63.2,2459.0,876.3,2.81
2.75,1.0,85,4,100,long,183,118,64,64.8,1698.6,640.8,2.65
2.75,1.0,85,4,100,short,147,90,57,61.2,760.4,809.1,0.94
2.75,1.0,95,1,100,both,333,209,123,63.0,2740.8,876.3,3.13
2.75,1.0,95,1,100,long,185,118,66,64.1,1814.9,640.8,2.83
2.75,1.0,95,1,100,short,148,91,57,61.5,925.9,809.1,1.14
2.75,1.0,95,2,100,both,333,209,123,63.0,2740.8,876.3,3.13
2.75,1.0,95,2,100,long,185,118,66,64.1,1814.9,640.8,2.83
2.75,1.0,95,2,100,short,148,91,57,61.5,925.9,809.1,1.14
2.75,1.0,95,3,100,both,332,208,123,62.8,2725.2,876.3,3.11
2.75,1.0,95,3,100,long,184,117,66,63.9,1799.3,640.8,2.81
2.75,1.0,95,3,100,short,148,91,57,61.5,925.9,809.1,1.14
2.75,1.0,95,4,100,both,330,207,122,62.9,2693.0,876.3,3.07
2.75,1.0,95,4,100,long,183,117,65,64.3,1907.3,640.8,2.98
2.75,1.0,95,4,100,short,147,90,57,61.2,785.7,809.1,0.97
2.75,1.25,55,1,100,both,347,236,110,68.2,1171.0,1411.5,0.83
2.75,1.25,55,1,100,long,194,135,58,69.9,1498.5,653.9,2.29
2.75,1.25,55,1,100,short,153,101,52,66.0,-327.5,1528.5,-0.21
2.75,1.25,55,2,100,both,340,233,106,68.7,1389.9,1261.4,1.1
2.75,1.25,55,2,100,long,191,134,56,70.5,1611.4,654.0,2.46
2.75,1.25,55,2,100,short,149,99,50,66.4,-221.5,1488.1,-0.15
2.75,1.25,55,3,100,both,339,232,106,68.6,1361.5,1299.3,1.05
2.75,1.25,55,3,100,long,190,133,56,70.4,1583.0,654.0,2.42
2.75,1.25,55,3,100,short,149,99,50,66.4,-221.5,1488.1,-0.15
2.75,1.25,55,4,100,both,339,232,106,68.6,1361.5,1299.3,1.05
2.75,1.25,55,4,100,long,190,133,56,70.4,1583.0,654.0,2.42
2.75,1.25,55,4,100,short,149,99,50,66.4,-221.5,1488.1,-0.15
2.75,1.25,65,1,100,both,342,228,113,66.9,900.9,1757.4,0.51
2.75,1.25,65,1,100,long,189,128,60,68.1,1155.9,1011.2,1.14
2.75,1.25,65,1,100,short,153,100,53,65.4,-255.0,1471.8,-0.17
2.75,1.25,65,2,100,both,336,227,108,67.8,1185.5,1624.4,0.73
2.75,1.25,65,2,100,long,187,129,57,69.4,1430.3,908.6,1.57
2.75,1.25,65,2,100,short,149,98,51,65.8,-244.8,1446.7,-0.17
2.75,1.25,65,3,100,both,334,225,108,67.6,1141.5,1662.3,0.69
2.75,1.25,65,3,100,long,185,127,57,69.0,1386.3,908.6,1.53
2.75,1.25,65,3,100,short,149,98,51,65.8,-244.8,1446.7,-0.17
2.75,1.25,65,4,100,both,333,225,107,67.8,1274.5,1662.3,0.77
2.75,1.25,65,4,100,long,184,127,56,69.4,1519.3,908.6,1.67
2.75,1.25,65,4,100,short,149,98,51,65.8,-244.8,1446.7,-0.17
2.75,1.25,75,1,100,both,337,223,113,66.4,1311.2,1605.8,0.82
2.75,1.25,75,1,100,long,188,127,60,67.9,1321.6,1114.3,1.19
2.75,1.25,75,1,100,short,149,96,53,64.4,-10.4,1358.2,-0.01
2.75,1.25,75,2,100,both,334,224,109,67.3,1718.6,1472.8,1.17
2.75,1.25,75,2,100,long,186,128,57,69.2,1596.0,981.3,1.63
2.75,1.25,75,2,100,short,148,96,52,64.9,122.6,1333.1,0.09
2.75,1.25,75,3,100,both,332,222,109,67.1,1700.2,1510.7,1.13
2.75,1.25,75,3,100,long,184,126,57,68.9,1577.6,981.3,1.61
2.75,1.25,75,3,100,short,148,96,52,64.9,122.6,1333.1,0.09
2.75,1.25,75,4,100,both,330,221,108,67.2,1693.0,1650.9,1.03
2.75,1.25,75,4,100,long,183,126,56,69.2,1710.6,981.3,1.74
2.75,1.25,75,4,100,short,147,95,52,64.6,-17.6,1333.1,-0.01
2.75,1.25,85,1,100,both,333,218,114,65.7,1691.3,1530.2,1.11
2.75,1.25,85,1,100,long,185,124,60,67.4,1399.5,1071.5,1.31
2.75,1.25,85,1,100,short,148,94,54,63.5,291.8,1086.6,0.27
2.75,1.25,85,2,100,both,332,218,113,65.9,1824.3,1397.2,1.31
2.75,1.25,85,2,100,long,184,124,59,67.8,1532.5,938.5,1.63
2.75,1.25,85,2,100,short,148,94,54,63.5,291.8,1086.6,0.27
2.75,1.25,85,3,100,both,331,217,113,65.8,1808.7,1397.2,1.29
2.75,1.25,85,3,100,long,183,123,59,67.6,1516.9,938.5,1.62
2.75,1.25,85,3,100,short,148,94,54,63.5,291.8,1086.6,0.27
2.75,1.25,85,4,100,both,329,216,112,65.9,1801.5,1537.4,1.17
2.75,1.25,85,4,100,long,182,123,58,68.0,1649.9,938.5,1.76
2.75,1.25,85,4,100,short,147,93,54,63.3,151.6,1129.0,0.13
2.75,1.25,95,1,100,both,332,217,114,65.6,2033.3,1319.2,1.54
2.75,1.25,95,1,100,long,184,123,60,67.2,1716.2,895.4,1.92
2.75,1.25,95,1,100,short,148,94,54,63.5,317.1,1086.6,0.29
2.75,1.25,95,2,100,both,332,217,114,65.6,2033.3,1319.2,1.54
2.75,1.25,95,2,100,long,184,123,60,67.2,1716.2,895.4,1.92
2.75,1.25,95,2,100,short,148,94,54,63.5,317.1,1086.6,0.29
2.75,1.25,95,3,100,both,331,216,114,65.5,2017.7,1319.2,1.53
2.75,1.25,95,3,100,long,183,122,60,67.0,1700.6,895.4,1.9
2.75,1.25,95,3,100,short,148,94,54,63.5,317.1,1086.6,0.29
2.75,1.25,95,4,100,both,329,215,113,65.5,2010.5,1459.4,1.38
2.75,1.25,95,4,100,long,182,122,59,67.4,1833.6,895.4,2.05
2.75,1.25,95,4,100,short,147,93,54,63.3,176.9,1129.0,0.16
2.75,1.5,55,1,100,both,346,242,103,70.1,1743.2,1379.3,1.26
2.75,1.5,55,1,100,long,194,139,54,72.0,1737.5,762.7,2.28
2.75,1.5,55,1,100,short,152,103,49,67.8,5.7,1195.9,0.0
2.75,1.5,55,2,100,both,339,239,99,70.7,1923.4,1221.3,1.57
2.75,1.5,55,2,100,long,191,138,52,72.6,1875.4,723.8,2.59
2.75,1.5,55,2,100,short,148,101,47,68.2,48.0,1105.5,0.04
2.75,1.5,55,3,100,both,338,238,99,70.6,1895.0,1221.3,1.55
2.75,1.5,55,3,100,long,190,137,52,72.5,1847.0,723.8,2.55
2.75,1.5,55,3,100,short,148,101,47,68.2,48.0,1105.5,0.04
2.75,1.5,55,4,100,both,338,238,99,70.6,1895.0,1221.3,1.55
2.75,1.5,55,4,100,long,190,137,52,72.5,1847.0,723.8,2.55
2.75,1.5,55,4,100,short,148,101,47,68.2,48.0,1105.5,0.04
2.75,1.5,65,1,100,both,341,234,106,68.8,1398.1,1776.2,0.79
2.75,1.5,65,1,100,long,189,132,56,70.2,1344.9,1169.6,1.15
2.75,1.5,65,1,100,short,152,102,50,67.1,53.2,1180.6,0.05
2.75,1.5,65,2,100,both,335,233,101,69.8,1669.0,1618.2,1.03
2.75,1.5,65,2,100,long,187,133,53,71.5,1669.3,1011.6,1.65
2.75,1.5,65,2,100,short,148,100,48,67.6,-0.3,1105.5,-0.0
2.75,1.5,65,3,100,both,333,231,101,69.6,1625.0,1618.2,1.0
2.75,1.5,65,3,100,long,185,131,53,71.2,1625.3,1011.6,1.61
2.75,1.5,65,3,100,short,148,100,48,67.6,-0.3,1105.5,-0.0
2.75,1.5,65,4,100,both,332,231,100,69.8,1783.0,1618.2,1.1
2.75,1.5,65,4,100,long,184,131,52,71.6,1783.3,1011.6,1.76
2.75,1.5,65,4,100,short,148,100,48,67.6,-0.3,1105.5,-0.0
2.75,1.5,75,1,100,both,336,229,106,68.4,1669.7,1562.7,1.07
2.75,1.5,75,1,100,long,188,131,56,70.1,1485.6,1175.9,1.26
2.75,1.5,75,1,100,short,148,98,50,66.2,184.1,1071.0,0.17
2.75,1.5,75,2,100,both,333,230,102,69.3,2152.1,1404.7,1.53
2.75,1.5,75,2,100,long,186,132,53,71.4,1810.0,1017.9,1.78
2.75,1.5,75,2,100,short,147,98,49,66.7,342.1,995.9,0.34
2.75,1.5,75,3,100,both,331,228,102,69.1,2133.7,1404.7,1.52
2.75,1.5,75,3,100,long,184,130,53,71.0,1791.6,1017.9,1.76
2.75,1.5,75,3,100,short,147,98,49,66.7,342.1,995.9,0.34
2.75,1.5,75,4,100,both,329,227,101,69.2,2151.5,1544.9,1.39
2.75,1.5,75,4,100,long,183,130,52,71.4,1949.6,1017.9,1.92
2.75,1.5,75,4,100,short,146,97,49,66.4,201.9,1011.1,0.2
2.75,1.5,85,1,100,both,332,224,107,67.7,2024.8,1614.4,1.25
2.75,1.5,85,1,100,long,185,128,56,69.6,1563.5,1133.1,1.38
2.75,1.5,85,1,100,short,147,96,51,65.3,461.3,784.3,0.59
2.75,1.5,85,2,100,both,331,224,106,67.9,2182.8,1456.4,1.5
2.75,1.5,85,2,100,long,184,128,55,69.9,1721.5,975.1,1.77
2.75,1.5,85,2,100,short,147,96,51,65.3,461.3,784.3,0.59
2.75,1.5,85,3,100,both,330,223,106,67.8,2167.2,1456.4,1.49
2.75,1.5,85,3,100,long,183,127,55,69.8,1705.9,975.1,1.75
2.75,1.5,85,3,100,short,147,96,51,65.3,461.3,784.3,0.59
2.75,1.5,85,4,100,both,328,222,105,67.9,2185.0,1596.6,1.37
2.75,1.5,85,4,100,long,182,127,54,70.2,1863.9,975.1,1.91
2.75,1.5,85,4,100,short,146,95,51,65.1,321.1,924.5,0.35
2.75,1.5,95,1,100,both,331,223,107,67.6,2366.8,1403.4,1.69
2.75,1.5,95,1,100,long,184,127,56,69.4,1880.2,969.1,1.94
2.75,1.5,95,1,100,short,147,96,51,65.3,486.6,784.3,0.62
2.75,1.5,95,2,100,both,331,223,107,67.6,2366.8,1403.4,1.69
2.75,1.5,95,2,100,long,184,127,56,69.4,1880.2,969.1,1.94
2.75,1.5,95,2,100,short,147,96,51,65.3,486.6,784.3,0.62
2.75,1.5,95,3,100,both,330,222,107,67.5,2351.2,1403.4,1.68
2.75,1.5,95,3,100,long,183,126,56,69.2,1864.6,969.1,1.92
2.75,1.5,95,3,100,short,147,96,51,65.3,486.6,784.3,0.62
2.75,1.5,95,4,100,both,328,221,106,67.6,2369.0,1543.6,1.53
2.75,1.5,95,4,100,long,182,126,55,69.6,2022.6,969.1,2.09
2.75,1.5,95,4,100,short,146,95,51,65.1,346.4,924.5,0.37
2.75,2.0,55,1,100,both,344,250,93,72.9,1669.0,1908.4,0.87
2.75,2.0,55,1,100,long,194,141,52,73.1,1036.8,1095.0,0.95
2.75,2.0,55,1,100,short,150,109,41,72.7,632.2,1041.4,0.61
2.75,2.0,55,2,100,both,337,246,90,73.2,1444.0,1809.0,0.8
2.75,2.0,55,2,100,long,191,140,50,73.7,1116.1,995.6,1.12
2.75,2.0,55,2,100,short,146,106,40,72.6,327.9,1041.4,0.31
2.75,2.0,55,3,100,both,336,245,90,73.1,1415.6,1809.0,0.78
2.75,2.0,55,3,100,long,190,139,50,73.5,1087.7,995.6,1.09
2.75,2.0,55,3,100,short,146,106,40,72.6,327.9,1041.4,0.31
2.75,2.0,55,4,100,both,336,245,90,73.1,1415.6,1809.0,0.78
2.75,2.0,55,4,100,long,190,139,50,73.5,1087.7,995.6,1.09
2.75,2.0,55,4,100,short,146,106,40,72.6,327.9,1041.4,0.31
2.75,2.0,65,1,100,both,338,241,96,71.5,1320.2,2220.7,0.59
2.75,2.0,65,1,100,long,189,134,54,71.3,728.8,1417.3,0.51
2.75,2.0,65,1,100,short,149,107,42,71.8,591.4,1030.8,0.57
2.75,2.0,65,2,100,both,332,238,93,71.9,976.0,2121.3,0.46
2.75,2.0,65,2,100,long,187,134,52,72.0,784.7,1317.9,0.6
2.75,2.0,65,2,100,short,145,104,41,71.7,191.3,1030.8,0.19
2.75,2.0,65,3,100,both,330,236,93,71.7,932.0,2121.3,0.44
2.75,2.0,65,3,100,long,185,132,52,71.7,740.7,1317.9,0.56
2.75,2.0,65,3,100,short,145,104,41,71.7,191.3,1030.8,0.19
2.75,2.0,65,4,100,both,329,236,92,72.0,1140.0,2121.3,0.54
2.75,2.0,65,4,100,long,184,132,51,72.1,948.7,1317.9,0.72
2.75,2.0,65,4,100,short,145,104,41,71.7,191.3,1030.8,0.19
2.75,2.0,75,1,100,both,333,236,96,71.1,1635.5,1992.8,0.82
2.75,2.0,75,1,100,long,188,133,54,71.1,819.5,1503.7,0.54
2.75,2.0,75,1,100,short,145,103,42,71.0,816.0,1006.4,0.81
2.75,2.0,75,2,100,both,330,235,94,71.4,1502.8,1893.4,0.79
2.75,2.0,75,2,100,long,186,133,52,71.9,875.4,1404.3,0.62
2.75,2.0,75,2,100,short,144,102,42,70.8,627.4,1006.4,0.62
2.75,2.0,75,3,100,both,328,233,94,71.3,1484.4,1893.4,0.78
2.75,2.0,75,3,100,long,184,131,52,71.6,857.0,1404.3,0.61
2.75,2.0,75,3,100,short,144,102,42,70.8,627.4,1006.4,0.62
2.75,2.0,75,4,100,both,326,232,93,71.4,1552.2,1893.4,0.82
2.75,2.0,75,4,100,long,183,131,51,72.0,1065.0,1404.3,0.76
2.75,2.0,75,4,100,short,143,101,42,70.6,487.2,1006.4,0.48
2.75,2.0,85,1,100,both,329,229,99,69.8,1344.7,1915.0,0.7
2.75,2.0,85,1,100,long,185,129,55,70.1,637.5,1460.9,0.44
2.75,2.0,85,1,100,short,144,100,44,69.4,707.2,1006.4,0.7
2.75,2.0,85,2,100,both,328,229,98,70.0,1444.1,1815.6,0.8
2.75,2.0,85,2,100,long,184,129,54,70.5,736.9,1361.5,0.54
2.75,2.0,85,2,100,short,144,100,44,69.4,707.2,1006.4,0.7
2.75,2.0,85,3,100,both,327,228,98,69.9,1428.5,1815.6,0.79
2.75,2.0,85,3,100,long,183,128,54,70.3,721.3,1361.5,0.53
2.75,2.0,85,3,100,short,144,100,44,69.4,707.2,1006.4,0.7
2.75,2.0,85,4,100,both,325,227,97,70.1,1496.3,1886.7,0.79
2.75,2.0,85,4,100,long,182,128,53,70.7,929.3,1361.5,0.68
2.75,2.0,85,4,100,short,143,99,44,69.2,567.0,1097.6,0.52
2.75,2.0,95,1,100,both,328,228,99,69.7,1578.1,1904.1,0.83
2.75,2.0,95,1,100,long,184,128,55,69.9,845.6,1393.4,0.61
2.75,2.0,95,1,100,short,144,100,44,69.4,732.5,1006.4,0.73
2.75,2.0,95,2,100,both,328,228,99,69.7,1578.1,1904.1,0.83
2.75,2.0,95,2,100,long,184,128,55,69.9,845.6,1393.4,0.61
2.75,2.0,95,2,100,short,144,100,44,69.4,732.5,1006.4,0.73
2.75,2.0,95,3,100,both,327,227,99,69.6,1562.5,1904.1,0.82
2.75,2.0,95,3,100,long,183,127,55,69.8,830.0,1393.4,0.6
2.75,2.0,95,3,100,short,144,100,44,69.4,732.5,1006.4,0.73
2.75,2.0,95,4,100,both,325,226,98,69.8,1630.3,1918.6,0.85
2.75,2.0,95,4,100,long,182,127,54,70.2,1038.0,1393.4,0.74
2.75,2.0,95,4,100,short,143,99,44,69.2,592.3,1097.6,0.54
2.75,0.5,55,1,150,both,395,217,177,55.1,2975.2,505.3,5.89
2.75,0.5,55,1,150,long,206,113,92,55.1,2171.0,290.0,7.49
2.75,0.5,55,1,150,short,189,104,85,55.0,804.2,764.9,1.05
2.75,0.5,55,2,150,both,388,213,174,55.0,2915.5,568.9,5.12
2.75,0.5,55,2,150,long,203,112,90,55.4,2264.7,301.1,7.52
2.75,0.5,55,2,150,short,185,101,84,54.6,650.8,836.1,0.78
2.75,0.5,55,3,150,both,385,211,173,54.9,2879.4,556.9,5.17
2.75,0.5,55,3,150,long,202,111,90,55.2,2236.3,301.1,7.43
2.75,0.5,55,3,150,short,183,100,83,54.6,643.1,778.1,0.83
2.75,0.5,55,4,150,both,384,211,172,55.1,2988.1,556.9,5.37
2.75,0.5,55,4,150,long,201,111,89,55.5,2294.3,301.1,7.62
2.75,0.5,55,4,150,short,183,100,83,54.6,693.8,778.1,0.89
2.75,0.5,65,1,150,both,389,205,183,52.8,2343.5,591.1,3.96
2.75,0.5,65,1,150,long,200,103,96,51.8,1483.5,654.4,2.27
2.75,0.5,65,1,150,short,189,102,87,54.0,860.0,764.9,1.12
2.75,0.5,65,2,150,both,383,204,178,53.4,2474.1,662.3,3.74
2.75,0.5,65,2,150,long,198,104,93,52.8,1663.7,654.4,2.54
2.75,0.5,65,2,150,short,185,100,85,54.1,810.4,836.1,0.97
2.75,0.5,65,3,150,both,380,202,177,53.3,2342.3,604.3,3.88
2.75,0.5,65,3,150,long,197,103,93,52.6,1635.3,654.4,2.5
2.75,0.5,65,3,150,short,183,99,84,54.1,707.0,778.1,0.91
2.75,0.5,65,4,150,both,378,202,175,53.6,2509.0,604.3,4.15
2.75,0.5,65,4,150,long,195,103,91,53.1,1751.3,596.4,2.94
2.75,0.5,65,4,150,short,183,99,84,54.1,757.7,778.1,0.97
2.75,0.5,75,1,150,both,386,200,185,51.9,2765.7,505.7,5.47
2.75,0.5,75,1,150,long,199,103,95,52.0,1767.1,602.4,2.93
2.75,0.5,75,1,150,short,187,97,90,51.9,998.6,635.4,1.57
2.75,0.5,75,2,150,both,380,199,180,52.5,2814.0,569.1,4.94
2.75,0.5,75,2,150,long,197,104,92,53.1,1947.3,602.4,3.23
2.75,0.5,75,2,150,short,183,95,88,51.9,866.7,726.5,1.19
2.75,0.5,75,3,150,both,378,198,179,52.5,2869.2,569.1,5.04
2.75,0.5,75,3,150,long,196,103,92,52.8,1944.5,602.4,3.23
2.75,0.5,75,3,150,short,182,95,87,52.2,924.7,668.5,1.38
2.75,0.5,75,4,150,both,376,198,177,52.8,3037.4,569.1,5.34
2.75,0.5,75,4,150,long,194,103,90,53.4,2060.5,544.4,3.78
2.75,0.5,75,4,150,short,182,95,87,52.2,976.9,668.5,1.46
2.75,0.5,85,1,150,both,382,193,188,50.7,3004.3,505.7,5.94
2.75,0.5,85,1,150,long,195,98,96,50.5,1733.7,602.4,2.88
2.75,0.5,85,1,150,short,187,95,92,50.8,1270.6,503.0,2.53
2.75,0.5,85,2,150,both,377,191,185,50.8,2930.4,562.8,5.21
2.75,0.5,85,2,150,long,194,98,95,50.8,1791.7,602.4,2.97
2.75,0.5,85,2,150,short,183,93,90,50.8,1138.7,594.1,1.92
2.75,0.5,85,3,150,both,376,191,184,50.9,2988.4,556.9,5.37
2.75,0.5,85,3,150,long,194,98,95,50.8,1791.7,602.4,2.97
2.75,0.5,85,3,150,short,182,93,89,51.1,1196.7,594.1,2.01
2.75,0.5,85,4,150,both,374,191,182,51.2,3156.6,556.9,5.67
2.75,0.5,85,4,150,long,192,98,93,51.3,1907.7,544.4,3.5
2.75,0.5,85,4,150,short,182,93,89,51.1,1248.9,594.1,2.1
2.75,0.5,95,1,150,both,379,190,188,50.3,3288.3,500.7,6.57
2.75,0.5,95,1,150,long,193,96,96,50.0,1950.1,602.4,3.24
2.75,0.5,95,1,150,short,186,94,92,50.5,1338.2,503.0,2.66
2.75,0.5,95,2,150,both,376,188,187,50.1,3098.4,562.8,5.51
2.75,0.5,95,2,150,long,193,96,96,50.0,1950.1,602.4,3.24
2.75,0.5,95,2,150,short,183,92,91,50.3,1148.3,594.1,1.93
2.75,0.5,95,3,150,both,375,188,186,50.3,3156.4,556.9,5.67
2.75,0.5,95,3,150,long,193,96,96,50.0,1950.1,602.4,3.24
2.75,0.5,95,3,150,short,182,92,90,50.5,1206.3,594.1,2.03
2.75,0.5,95,4,150,both,372,187,184,50.4,3282.8,556.9,5.89
2.75,0.5,95,4,150,long,190,95,94,50.3,2024.3,584.9,3.46
2.75,0.5,95,4,150,short,182,92,90,50.5,1258.5,594.1,2.12
2.75,0.75,55,1,150,both,382,237,144,62.2,3111.0,706.2,4.41
2.75,0.75,55,1,150,long,197,124,72,63.3,2394.3,335.6,7.13
2.75,0.75,55,1,150,short,185,113,72,61.1,716.7,958.2,0.75
2.75,0.75,55,2,150,both,376,234,141,62.4,3116.7,681.6,4.57
2.75,0.75,55,2,150,long,194,123,70,63.7,2457.2,335.6,7.32
2.75,0.75,55,2,150,short,182,111,71,61.0,659.5,958.2,0.69
2.75,0.75,55,3,150,both,374,232,141,62.2,3022.6,681.6,4.43
2.75,0.75,55,3,150,long,193,122,70,63.5,2428.8,335.6,7.24
2.75,0.75,55,3,150,short,181,110,71,60.8,593.8,958.2,0.62
2.75,0.75,55,4,150,both,374,232,141,62.2,3039.9,681.6,4.46
2.75,0.75,55,4,150,long,193,122,70,63.5,2428.8,335.6,7.24
2.75,0.75,55,4,150,short,181,110,71,60.8,611.1,958.2,0.64
2.75,0.75,65,1,150,both,376,227,148,60.5,2728.4,800.0,3.41
2.75,0.75,65,1,150,long,191,116,74,61.1,1995.9,536.0,3.72
2.75,0.75,65,1,150,short,185,111,74,60.0,732.5,971.4,0.75
2.75,0.75,65,2,150,both,371,227,143,61.4,2974.4,800.0,3.72
2.75,0.75,65,2,150,long,189,117,71,62.2,2170.3,536.0,4.05
2.75,0.75,65,2,150,short,182,110,72,60.4,804.1,958.2,0.84
2.75,0.75,65,3,150,both,369,225,143,61.1,2784.6,800.0,3.48
2.75,0.75,65,3,150,long,188,116,71,62.0,2141.9,536.0,4.0
2.75,0.75,65,3,150,short,181,109,72,60.2,642.7,958.2,0.67
2.75,0.75,65,4,150,both,368,225,142,61.3,2884.9,800.0,3.61
2.75,0.75,65,4,150,long,187,116,70,62.4,2224.9,453.0,4.91
2.75,0.75,65,4,150,short,181,109,72,60.2,660.0,958.2,0.69
2.75,0.75,75,1,150,both,371,222,148,60.0,3287.0,778.0,4.22
2.75,0.75,75,1,150,long,190,116,73,61.4,2348.9,536.0,4.38
2.75,0.75,75,1,150,short,181,106,75,58.6,938.1,861.8,1.09
2.75,0.75,75,2,150,both,368,223,144,60.8,3544.4,778.0,4.56
2.75,0.75,75,2,150,long,188,117,70,62.6,2523.3,536.0,4.71
2.75,0.75,75,2,150,short,180,106,74,58.9,1021.1,848.6,1.2
2.75,0.75,75,3,150,both,367,222,144,60.7,3541.6,778.0,4.55
2.75,0.75,75,3,150,long,187,116,70,62.4,2520.5,536.0,4.7
2.75,0.75,75,3,150,short,180,106,74,58.9,1021.1,848.6,1.2
2.75,0.75,75,4,150,both,366,222,143,60.8,3643.4,778.0,4.68
2.75,0.75,75,4,150,long,186,116,69,62.7,2603.5,453.0,5.75
2.75,0.75,75,4,150,short,180,106,74,58.9,1039.9,848.6,1.23
2.75,0.75,85,1,150,both,367,216,150,59.0,3545.5,735.2,4.82
2.75,0.75,85,1,150,long,186,112,73,60.5,2385.4,536.0,4.45
2.75,0.75,85,1,150,short,181,104,77,57.5,1160.1,642.2,1.81
2.75,0.75,85,2,150,both,365,216,148,59.3,3711.5,735.2,5.05
2.75,0.75,85,2,150,long,185,112,72,60.9,2468.4,536.0,4.61
2.75,0.75,85,2,150,short,180,104,76,57.8,1243.1,637.1,1.95
2.75,0.75,85,3,150,both,365,216,148,59.3,3711.5,735.2,5.05
2.75,0.75,85,3,150,long,185,112,72,60.9,2468.4,536.0,4.61
2.75,0.75,85,3,150,short,180,104,76,57.8,1243.1,637.1,1.95
2.75,0.75,85,4,150,both,364,216,147,59.5,3813.3,735.2,5.19
2.75,0.75,85,4,150,long,184,112,71,61.2,2551.4,453.0,5.63
2.75,0.75,85,4,150,short,180,104,76,57.8,1261.9,637.1,1.98
2.75,0.75,95,1,150,both,365,214,150,58.8,3859.0,735.2,5.25
2.75,0.75,95,1,150,long,185,111,73,60.3,2631.3,536.0,4.91
2.75,0.75,95,1,150,short,180,103,77,57.2,1227.7,637.1,1.93
2.75,0.75,95,2,150,both,365,214,150,58.8,3859.0,735.2,5.25
2.75,0.75,95,2,150,long,185,111,73,60.3,2631.3,536.0,4.91
2.75,0.75,95,2,150,short,180,103,77,57.2,1227.7,637.1,1.93
2.75,0.75,95,3,150,both,365,214,150,58.8,3859.0,735.2,5.25
2.75,0.75,95,3,150,long,185,111,73,60.3,2631.3,536.0,4.91
2.75,0.75,95,3,150,short,180,103,77,57.2,1227.7,637.1,1.93
2.75,0.75,95,4,150,both,363,213,149,58.8,3919.0,735.2,5.33
2.75,0.75,95,4,150,long,183,110,72,60.4,2672.5,453.0,5.9
2.75,0.75,95,4,150,short,180,103,77,57.2,1246.5,637.1,1.96
2.75,1.0,55,1,150,both,379,248,130,65.6,1966.9,847.4,2.32
2.75,1.0,55,1,150,long,195,131,63,67.5,2033.9,498.4,4.08
2.75,1.0,55,1,150,short,184,117,67,63.6,-67.0,1497.2,-0.04
2.75,1.0,55,2,150,both,373,245,127,65.9,2022.6,781.3,2.59
2.75,1.0,55,2,150,long,192,130,61,68.1,2121.8,498.4,4.26
2.75,1.0,55,2,150,short,181,115,66,63.5,-99.2,1542.7,-0.06
2.75,1.0,55,3,150,both,371,243,127,65.7,1928.5,781.3,2.47
2.75,1.0,55,3,150,long,191,129,61,67.9,2093.4,498.4,4.2
2.75,1.0,55,3,150,short,180,114,66,63.3,-164.9,1542.7,-0.11
2.75,1.0,55,4,150,both,371,243,127,65.7,1945.8,781.3,2.49
2.75,1.0,55,4,150,long,191,129,61,67.9,2093.4,498.4,4.2
2.75,1.0,55,4,150,short,180,114,66,63.3,-147.6,1542.7,-0.1
2.75,1.0,65,1,150,both,373,237,135,63.7,1355.0,1084.1,1.25
2.75,1.0,65,1,150,long,189,122,66,64.9,1456.2,498.4,2.92
2.75,1.0,65,1,150,short,184,115,69,62.5,-101.2,1594.0,-0.06
2.75,1.0,65,2,150,both,368,237,130,64.6,1701.0,1079.6,1.58
2.75,1.0,65,2,150,long,187,123,63,66.1,1680.6,498.4,3.37
2.75,1.0,65,2,150,short,181,114,67,63.0,20.4,1486.0,0.01
2.75,1.0,65,3,150,both,365,234,130,64.3,1495.6,1079.6,1.39
2.75,1.0,65,3,150,long,185,121,63,65.8,1636.6,498.4,3.28
2.75,1.0,65,3,150,short,180,113,67,62.8,-141.0,1486.0,-0.09
2.75,1.0,65,4,150,both,364,234,129,64.5,1620.9,1079.6,1.5
2.75,1.0,65,4,150,long,184,121,62,66.1,1744.6,498.4,3.5
2.75,1.0,65,4,150,short,180,113,67,62.8,-123.7,1486.0,-0.08
2.75,1.0,75,1,150,both,368,233,134,63.5,2015.8,970.0,2.08
2.75,1.0,75,1,150,long,188,122,65,65.2,1809.2,498.4,3.63
2.75,1.0,75,1,150,short,180,111,69,61.7,206.6,1404.3,0.15
2.75,1.0,75,2,150,both,365,234,130,64.3,2348.2,970.0,2.42
2.75,1.0,75,2,150,long,186,123,62,66.5,2033.6,498.4,4.08
2.75,1.0,75,2,150,short,179,111,68,62.0,314.6,1296.3,0.24
2.75,1.0,75,3,150,both,363,232,130,64.1,2329.8,970.0,2.4
2.75,1.0,75,3,150,long,184,121,62,66.1,2015.2,498.4,4.04
2.75,1.0,75,3,150,short,179,111,68,62.0,314.6,1296.3,0.24
2.75,1.0,75,4,150,both,362,232,129,64.3,2456.6,970.0,2.53
2.75,1.0,75,4,150,long,183,121,61,66.5,2123.2,498.4,4.26
2.75,1.0,75,4,150,short,179,111,68,62.0,333.4,1296.3,0.26
2.75,1.0,85,1,150,both,364,227,136,62.5,2224.3,980.1,2.27
2.75,1.0,85,1,150,long,184,118,65,64.5,1845.7,498.4,3.7
2.75,1.0,85,1,150,short,180,109,71,60.6,378.6,1096.8,0.35
2.75,1.0,85,2,150,both,362,227,134,62.9,2440.3,980.1,2.49
2.75,1.0,85,2,150,long,183,118,64,64.8,1953.7,498.4,3.92
2.75,1.0,85,2,150,short,179,109,70,60.9,486.6,1041.7,0.47
2.75,1.0,85,3,150,both,361,226,134,62.8,2424.7,980.1,2.47
2.75,1.0,85,3,150,long,182,117,64,64.6,1938.1,498.4,3.89
2.75,1.0,85,3,150,short,179,109,70,60.9,486.6,1041.7,0.47
2.75,1.0,85,4,150,both,360,226,133,63.0,2551.5,980.1,2.6
2.75,1.0,85,4,150,long,181,117,63,65.0,2046.1,498.4,4.11
2.75,1.0,85,4,150,short,179,109,70,60.9,505.4,1041.7,0.49
2.75,1.0,95,1,150,both,362,225,136,62.3,2537.8,980.1,2.59
2.75,1.0,95,1,150,long,183,117,65,64.3,2091.6,473.4,4.42
2.75,1.0,95,1,150,short,179,108,71,60.3,446.2,1048.4,0.43
2.75,1.0,95,2,150,both,362,225,136,62.3,2537.8,980.1,2.59
2.75,1.0,95,2,150,long,183,117,65,64.3,2091.6,473.4,4.42
2.75,1.0,95,2,150,short,179,108,71,60.3,446.2,1048.4,0.43
2.75,1.0,95,3,150,both,361,224,136,62.2,2522.2,980.1,2.57
2.75,1.0,95,3,150,long,182,116,65,64.1,2076.0,473.4,4.39
2.75,1.0,95,3,150,short,179,108,71,60.3,446.2,1048.4,0.43
2.75,1.0,95,4,150,both,359,223,135,62.3,2607.2,980.1,2.66
2.75,1.0,95,4,150,long,180,115,64,64.2,2142.2,473.4,4.53
2.75,1.0,95,4,150,short,179,108,71,60.3,465.0,1048.4,0.44
2.75,1.25,55,1,150,both,375,254,120,67.9,1187.8,1312.0,0.91
2.75,1.25,55,1,150,long,193,134,58,69.8,1770.6,605.1,2.93
2.75,1.25,55,1,150,short,182,120,62,65.9,-582.8,1959.8,-0.3
2.75,1.25,55,2,150,both,370,252,117,68.3,1339.4,1179.0,1.14
2.75,1.25,55,2,150,long,190,133,56,70.4,1883.5,521.0,3.62
2.75,1.25,55,2,150,short,180,119,61,66.1,-544.1,1959.8,-0.28
2.75,1.25,55,3,150,both,368,250,117,68.1,1245.3,1179.0,1.06
2.75,1.25,55,3,150,long,189,132,56,70.2,1855.1,521.0,3.56
2.75,1.25,55,3,150,short,179,118,61,65.9,-609.8,1959.8,-0.31
2.75,1.25,55,4,150,both,368,250,117,68.1,1262.6,1179.0,1.07
2.75,1.25,55,4,150,long,189,132,56,70.2,1855.1,521.0,3.56
2.75,1.25,55,4,150,short,179,118,61,65.9,-592.5,1959.8,-0.3
2.75,1.25,65,1,150,both,369,244,124,66.3,662.6,1749.2,0.38
2.75,1.25,65,1,150,long,187,126,60,67.7,1329.6,835.8,1.59
2.75,1.25,65,1,150,short,182,118,64,64.8,-667.0,2082.0,-0.32
2.75,1.25,65,2,150,both,365,244,120,67.0,975.6,1592.8,0.61
2.75,1.25,65,2,150,long,185,127,57,69.0,1604.0,702.8,2.28
2.75,1.25,65,2,150,short,180,117,63,65.0,-628.4,2082.0,-0.3
2.75,1.25,65,3,150,both,362,241,120,66.8,770.2,1630.7,0.47
2.75,1.25,65,3,150,long,183,125,57,68.7,1560.0,702.8,2.22
2.75,1.25,65,3,150,short,179,116,63,64.8,-789.8,2082.0,-0.38
2.75,1.25,65,4,150,both,361,241,119,66.9,920.5,1630.7,0.56
2.75,1.25,65,4,150,long,182,125,56,69.1,1693.0,702.8,2.41
2.75,1.25,65,4,150,short,179,116,63,64.8,-772.5,2082.0,-0.37
2.75,1.25,75,1,150,both,364,240,123,66.1,1323.4,1522.9,0.87
2.75,1.25,75,1,150,long,186,126,59,68.1,1682.6,822.6,2.05
2.75,1.25,75,1,150,short,178,114,64,64.0,-359.2,1892.3,-0.19
2.75,1.25,75,2,150,both,362,241,120,66.8,1597.8,1389.9,1.15
2.75,1.25,75,2,150,long,184,127,56,69.4,1957.0,689.6,2.84
2.75,1.25,75,2,150,short,178,114,64,64.0,-359.2,1892.3,-0.19
2.75,1.25,75,3,150,both,360,239,120,66.6,1579.4,1427.8,1.11
2.75,1.25,75,3,150,long,182,125,56,69.1,1938.6,689.6,2.81
2.75,1.25,75,3,150,short,178,114,64,64.0,-359.2,1892.3,-0.19
2.75,1.25,75,4,150,both,359,239,119,66.8,1731.2,1427.8,1.21
2.75,1.25,75,4,150,long,181,125,55,69.4,2071.6,689.6,3.0
2.75,1.25,75,4,150,short,178,114,64,64.0,-340.4,1892.3,-0.18
2.75,1.25,85,1,150,both,361,235,125,65.3,1534.8,1360.7,1.13
2.75,1.25,85,1,150,long,183,123,59,67.6,1772.0,779.8,2.27
2.75,1.25,85,1,150,short,178,112,66,62.9,-237.2,1509.3,-0.16
2.75,1.25,85,2,150,both,360,235,124,65.5,1667.8,1227.7,1.36
2.75,1.25,85,2,150,long,182,123,58,68.0,1905.0,646.8,2.95
2.75,1.25,85,2,150,short,178,112,66,62.9,-237.2,1509.3,-0.16
2.75,1.25,85,3,150,both,359,234,124,65.4,1652.2,1227.7,1.35
2.75,1.25,85,3,150,long,181,122,58,67.8,1889.4,646.8,2.92
2.75,1.25,85,3,150,short,178,112,66,62.9,-237.2,1509.3,-0.16
2.75,1.25,85,4,150,both,358,234,123,65.5,1804.0,1226.2,1.47
2.75,1.25,85,4,150,long,180,122,57,68.2,2022.4,646.8,3.13
2.75,1.25,85,4,150,short,178,112,66,62.9,-218.4,1509.3,-0.14
2.75,1.25,95,1,150,both,359,233,125,65.1,1799.9,1155.5,1.56
2.75,1.25,95,1,150,long,182,122,59,67.4,2017.9,623.2,3.24
2.75,1.25,95,1,150,short,177,111,66,62.7,-218.0,1509.3,-0.14
2.75,1.25,95,2,150,both,359,233,125,65.1,1799.9,1155.5,1.56
2.75,1.25,95,2,150,long,182,122,59,67.4,2017.9,623.2,3.24
2.75,1.25,95,2,150,short,177,111,66,62.7,-218.0,1509.3,-0.14
2.75,1.25,95,3,150,both,358,232,125,65.0,1784.3,1155.5,1.54
2.75,1.25,95,3,150,long,181,121,59,67.2,2002.3,623.2,3.21
2.75,1.25,95,3,150,short,177,111,66,62.7,-218.0,1509.3,-0.14
2.75,1.25,95,4,150,both,356,231,124,65.1,1894.3,1154.0,1.64
2.75,1.25,95,4,150,long,179,120,58,67.4,2093.5,623.2,3.36
2.75,1.25,95,4,150,short,177,111,66,62.7,-199.2,1509.3,-0.13
2.75,1.5,55,1,150,both,373,261,111,70.2,1863.7,1476.1,1.26
2.75,1.5,55,1,150,long,193,140,52,72.9,2402.1,681.0,3.53
2.75,1.5,55,1,150,short,180,121,59,67.2,-538.4,1851.0,-0.29
2.75,1.5,55,2,150,both,368,260,107,70.8,2333.9,1318.1,1.77
2.75,1.5,55,2,150,long,190,139,50,73.5,2540.0,565.8,4.49
2.75,1.5,55,2,150,short,178,121,57,68.0,-206.1,1767.0,-0.12
2.75,1.5,55,3,150,both,365,258,106,70.9,2397.8,1318.1,1.82
2.75,1.5,55,3,150,long,189,138,50,73.4,2511.6,565.8,4.44
2.75,1.5,55,3,150,short,176,120,56,68.2,-113.8,1609.0,-0.07
2.75,1.5,55,4,150,both,365,258,106,70.9,2415.1,1318.1,1.83
2.75,1.5,55,4,150,long,189,138,50,73.4,2511.6,565.8,4.44
2.75,1.5,55,4,150,short,176,120,56,68.2,-96.5,1609.0,-0.06
2.75,1.5,65,1,150,both,367,251,115,68.6,1238.5,1784.8,0.69
2.75,1.5,65,1,150,long,187,132,54,71.0,1911.1,965.8,1.98
2.75,1.5,65,1,150,short,180,119,61,66.1,-672.6,1998.2,-0.34
2.75,1.5,65,2,150,both,363,252,110,69.6,1895.1,1626.8,1.16
2.75,1.5,65,2,150,long,185,133,51,72.3,2235.5,807.8,2.77
2.75,1.5,65,2,150,short,178,119,59,66.9,-340.4,1765.1,-0.19
2.75,1.5,65,3,150,both,359,249,109,69.6,1847.7,1468.8,1.26
2.75,1.5,65,3,150,long,183,131,51,72.0,2191.5,807.8,2.71
2.75,1.5,65,3,150,short,176,118,58,67.0,-343.8,1607.1,-0.21
2.75,1.5,65,4,150,both,358,249,108,69.7,2023.0,1468.8,1.38
2.75,1.5,65,4,150,long,182,131,50,72.4,2349.5,807.8,2.91
2.75,1.5,65,4,150,short,176,118,58,67.0,-326.5,1607.1,-0.2
2.75,1.5,75,1,150,both,362,247,114,68.4,1785.6,1556.9,1.15
2.75,1.5,75,1,150,long,186,132,53,71.4,2264.1,927.6,2.44
2.75,1.5,75,1,150,short,176,115,61,65.3,-478.5,1808.5,-0.26
2.75,1.5,75,2,150,both,360,249,110,69.4,2492.3,1398.9,1.78
2.75,1.5,75,2,150,long,184,133,50,72.7,2588.5,769.6,3.36
2.75,1.5,75,2,150,short,176,116,60,65.9,-96.2,1575.4,-0.06
2.75,1.5,75,3,150,both,357,247,109,69.4,2631.9,1240.9,2.12
2.75,1.5,75,3,150,long,182,131,50,72.4,2570.1,769.6,3.34
2.75,1.5,75,3,150,short,175,116,59,66.3,61.8,1417.4,0.04
2.75,1.5,75,4,150,both,356,247,108,69.6,2808.7,1240.9,2.26
2.75,1.5,75,4,150,long,181,131,49,72.8,2728.1,769.6,3.54
2.75,1.5,75,4,150,short,175,116,59,66.3,80.6,1417.4,0.06
2.75,1.5,85,1,150,both,359,243,115,67.9,2329.3,1540.0,1.51
2.75,1.5,85,1,150,long,183,129,53,70.9,2353.5,884.8,2.66
2.75,1.5,85,1,150,short,176,114,62,64.8,-24.2,1436.2,-0.02
2.75,1.5,85,2,150,both,358,243,114,68.1,2487.3,1382.0,1.8
2.75,1.5,85,2,150,long,182,129,52,71.3,2511.5,726.8,3.46
2.75,1.5,85,2,150,short,176,114,62,64.8,-24.2,1436.2,-0.02
2.75,1.5,85,3,150,both,356,242,113,68.2,2629.7,1257.9,2.09
2.75,1.5,85,3,150,long,181,128,52,71.1,2495.9,726.8,3.43
2.75,1.5,85,3,150,short,175,114,61,65.1,133.8,1278.2,0.1
2.75,1.5,85,4,150,both,355,242,112,68.4,2806.5,1256.4,2.23
2.75,1.5,85,4,150,long,180,128,51,71.5,2653.9,726.8,3.65
2.75,1.5,85,4,150,short,175,114,61,65.1,152.6,1276.7,0.12
2.75,1.5,95,1,150,both,357,241,115,67.7,2594.4,1359.6,1.91
2.75,1.5,95,1,150,long,182,128,53,70.7,2599.4,765.3,3.4
2.75,1.5,95,1,150,short,175,113,62,64.6,-5.0,1436.2,-0.0
2.75,1.5,95,2,150,both,357,241,115,67.7,2594.4,1359.6,1.91
2.75,1.5,95,2,150,long,182,128,53,70.7,2599.4,765.3,3.4
2.75,1.5,95,2,150,short,175,113,62,64.6,-5.0,1436.2,-0.0
2.75,1.5,95,3,150,both,355,240,114,67.8,2736.8,1317.1,2.08
2.75,1.5,95,3,150,long,181,127,53,70.6,2583.8,765.3,3.38
2.75,1.5,95,3,150,short,174,113,61,64.9,153.0,1278.2,0.12
2.75,1.5,95,4,150,both,353,239,113,67.9,2871.8,1317.1,2.18
2.75,1.5,95,4,150,long,179,126,52,70.8,2700.0,765.3,3.53
2.75,1.5,95,4,150,short,174,113,61,64.9,171.8,1276.7,0.13
2.75,2.0,55,1,150,both,369,269,99,73.1,2200.5,1864.9,1.18
2.75,2.0,55,1,150,long,193,142,50,74.0,1851.4,993.2,1.86
2.75,2.0,55,1,150,short,176,127,49,72.2,349.1,1588.0,0.22
2.75,2.0,55,2,150,both,364,267,96,73.6,2265.5,1765.5,1.28
2.75,2.0,55,2,150,long,190,141,48,74.6,1930.7,893.8,2.16
2.75,2.0,55,2,150,short,174,126,48,72.4,334.8,1588.0,0.21
2.75,2.0,55,3,150,both,362,265,96,73.4,2171.4,1765.5,1.23
2.75,2.0,55,3,150,long,189,140,48,74.5,1902.3,893.8,2.13
2.75,2.0,55,3,150,short,173,125,48,72.3,269.1,1588.0,0.17
2.75,2.0,55,4,150,both,362,265,96,73.4,2188.7,1765.5,1.24
2.75,2.0,55,4,150,long,189,140,48,74.5,1902.3,893.8,2.13
2.75,2.0,55,4,150,short,173,125,48,72.3,286.4,1588.0,0.18
2.75,2.0,65,1,150,both,362,258,103,71.5,1707.3,2063.3,0.83
2.75,2.0,65,1,150,long,187,134,52,72.0,1445.0,1243.4,1.16
2.75,2.0,65,1,150,short,175,124,51,70.9,262.3,1584.9,0.17
2.75,2.0,65,2,150,both,358,257,100,72.0,1748.8,1963.9,0.89
2.75,2.0,65,2,150,long,185,134,50,72.8,1500.9,1144.0,1.31
2.75,2.0,65,2,150,short,173,123,50,71.1,247.9,1584.9,0.16
2.75,2.0,65,3,150,both,355,254,100,71.8,1543.4,1963.9,0.79
2.75,2.0,65,3,150,long,183,132,50,72.5,1456.9,1144.0,1.27
2.75,2.0,65,3,150,short,172,122,50,70.9,86.5,1584.9,0.05
2.75,2.0,65,4,150,both,354,254,99,72.0,1768.7,1963.9,0.9
2.75,2.0,65,4,150,long,182,132,49,72.9,1664.9,1144.0,1.46
2.75,2.0,65,4,150,short,172,122,50,70.9,103.8,1584.9,0.07
2.75,2.0,75,1,150,both,357,254,102,71.3,2348.1,1835.4,1.28
2.75,2.0,75,1,150,long,186,134,51,72.4,1798.0,1205.2,1.49
2.75,2.0,75,1,150,short,171,120,51,70.2,550.1,1395.2,0.39
2.75,2.0,75,2,150,both,355,254,100,71.8,2439.7,1736.0,1.41
2.75,2.0,75,2,150,long,184,134,49,73.2,1853.9,1105.8,1.68
2.75,2.0,75,2,150,short,171,120,51,70.2,585.8,1395.2,0.42
2.75,2.0,75,3,150,both,353,252,100,71.6,2421.3,1736.0,1.39
2.75,2.0,75,3,150,long,182,132,49,72.9,1835.5,1105.8,1.66
2.75,2.0,75,3,150,short,171,120,51,70.2,585.8,1395.2,0.42
2.75,2.0,75,4,150,both,352,252,99,71.8,2648.1,1736.0,1.53
2.75,2.0,75,4,150,long,181,132,48,73.3,2043.5,1105.8,1.85
2.75,2.0,75,4,150,short,171,120,51,70.2,604.6,1395.2,0.43
2.75,2.0,85,1,150,both,354,248,105,70.3,2245.9,1757.6,1.28
2.75,2.0,85,1,150,long,183,130,52,71.4,1627.5,1162.4,1.4
2.75,2.0,85,1,150,short,171,118,53,69.0,618.4,1373.4,0.45
2.75,2.0,85,2,150,both,353,248,104,70.5,2345.3,1658.2,1.41
2.75,2.0,85,2,150,long,182,130,51,71.8,1726.9,1063.0,1.62
2.75,2.0,85,2,150,short,171,118,53,69.0,618.4,1373.4,0.45
2.75,2.0,85,3,150,both,352,247,104,70.4,2329.7,1658.2,1.4
2.75,2.0,85,3,150,long,181,129,51,71.7,1711.3,1063.0,1.61
2.75,2.0,85,3,150,short,171,118,53,69.0,618.4,1373.4,0.45
2.75,2.0,85,4,150,both,351,247,103,70.6,2556.5,1658.2,1.54
2.75,2.0,85,4,150,long,180,129,50,72.1,1919.3,1063.0,1.81
2.75,2.0,85,4,150,short,171,118,53,69.0,637.2,1371.9,0.46
2.75,2.0,95,1,150,both,352,246,105,70.1,2402.4,1814.5,1.32
2.75,2.0,95,1,150,long,182,129,52,71.3,1764.8,1151.5,1.53
2.75,2.0,95,1,150,short,170,117,53,68.8,637.6,1373.4,0.46
2.75,2.0,95,2,150,both,352,246,105,70.1,2402.4,1814.5,1.32
2.75,2.0,95,2,150,long,182,129,52,71.3,1764.8,1151.5,1.53
2.75,2.0,95,2,150,short,170,117,53,68.8,637.6,1373.4,0.46
2.75,2.0,95,3,150,both,351,245,105,70.0,2386.8,1814.5,1.32
2.75,2.0,95,3,150,long,181,128,52,71.1,1749.2,1151.5,1.52
2.75,2.0,95,3,150,short,170,117,53,68.8,637.6,1373.4,0.46
2.75,2.0,95,4,150,both,349,244,104,70.1,2571.8,1814.5,1.42
2.75,2.0,95,4,150,long,179,127,51,71.3,1915.4,1151.5,1.66
2.75,2.0,95,4,150,short,170,117,53,68.8,656.4,1371.9,0.48
2.75,0.5,55,1,200,both,412,226,185,55.0,3194.2,645.7,4.95
2.75,0.5,55,1,200,long,217,117,99,54.2,2138.9,350.5,6.1
2.75,0.5,55,1,200,short,195,109,86,55.9,1055.3,683.1,1.54
2.75,0.5,55,2,200,both,403,222,180,55.2,3250.5,716.9,4.53
2.75,0.5,55,2,200,long,212,116,95,55.0,2348.6,300.9,7.81
2.75,0.5,55,2,200,short,191,106,85,55.5,901.9,754.3,1.2
2.75,0.5,55,3,200,both,397,218,178,55.1,3088.9,658.9,4.69
2.75,0.5,55,3,200,long,208,113,94,54.6,2194.7,300.9,7.29
2.75,0.5,55,3,200,short,189,105,84,55.6,894.2,696.3,1.28
2.75,0.5,55,4,200,both,396,218,177,55.2,3197.6,658.9,4.85
2.75,0.5,55,4,200,long,208,113,94,54.6,2194.7,300.9,7.29
2.75,0.5,55,4,200,short,188,105,83,55.9,1002.9,696.3,1.44
2.75,0.5,65,1,200,both,406,214,191,52.8,2615.4,739.1,3.54
2.75,0.5,65,1,200,long,211,108,102,51.4,1595.4,610.3,2.61
2.75,0.5,65,1,200,short,195,106,89,54.4,1020.0,681.5,1.5
2.75,0.5,65,2,200,both,398,213,184,53.7,2862.0,810.3,3.53
2.75,0.5,65,2,200,long,207,109,97,52.9,1891.6,552.3,3.42
2.75,0.5,65,2,200,short,191,104,87,54.5,970.4,752.7,1.29
2.75,0.5,65,3,200,both,392,209,182,53.5,2562.6,752.3,3.41
2.75,0.5,65,3,200,long,203,106,96,52.5,1695.6,552.3,3.07
2.75,0.5,65,3,200,short,189,103,86,54.5,867.0,694.7,1.25
2.75,0.5,65,4,200,both,390,209,180,53.7,2729.3,752.3,3.63
2.75,0.5,65,4,200,long,202,106,95,52.7,1753.6,494.3,3.55
2.75,0.5,65,4,200,short,188,103,85,54.8,975.7,694.7,1.4
2.75,0.5,75,1,200,both,403,209,193,52.0,3024.9,609.6,4.96
2.75,0.5,75,1,200,long,210,108,101,51.7,1866.3,537.4,3.47
2.75,0.5,75,1,200,short,193,101,92,52.3,1158.6,576.2,2.01
2.75,0.5,75,2,200,both,395,208,186,52.8,3189.2,700.7,4.55
2.75,0.5,75,2,200,long,206,109,96,53.2,2162.5,486.4,4.45
2.75,0.5,75,2,200,short,189,99,90,52.4,1026.7,643.1,1.6
2.75,0.5,75,3,200,both,390,205,184,52.7,3076.8,642.7,4.79
2.75,0.5,75,3,200,long,202,106,95,52.7,1992.1,486.4,4.1
2.75,0.5,75,3,200,short,188,99,89,52.7,1084.7,626.1,1.73
2.75,0.5,75,4,200,both,388,205,182,53.0,3245.0,642.7,5.05
2.75,0.5,75,4,200,long,201,106,94,53.0,2050.1,428.4,4.79
2.75,0.5,75,4,200,short,187,99,88,52.9,1194.9,626.1,1.91
2.75,0.5,85,1,200,both,399,202,196,50.8,3412.8,619.7,5.51
2.75,0.5,85,1,200,long,206,103,102,50.2,1896.9,537.4,3.53
2.75,0.5,85,1,200,short,193,99,94,51.3,1515.9,559.2,2.71
2.75,0.5,85,2,200,both,392,200,191,51.2,3454.9,710.8,4.86
2.75,0.5,85,2,200,long,203,103,99,51.0,2070.9,486.4,4.26
2.75,0.5,85,2,200,short,189,97,92,51.3,1384.0,626.1,2.21
2.75,0.5,85,3,200,both,388,198,189,51.2,3345.3,652.8,5.12
2.75,0.5,85,3,200,long,200,101,98,50.8,1903.3,486.4,3.91
2.75,0.5,85,3,200,short,188,97,91,51.6,1442.0,626.1,2.3
2.75,0.5,85,4,200,both,386,198,187,51.4,3513.5,652.8,5.38
2.75,0.5,85,4,200,long,199,101,97,51.0,1961.3,428.4,4.58
2.75,0.5,85,4,200,short,187,97,90,51.9,1552.2,626.1,2.48
2.75,0.5,95,1,200,both,396,199,196,50.4,3696.8,619.7,5.97
2.75,0.5,95,1,200,long,204,101,102,49.8,2113.3,557.0,3.79
2.75,0.5,95,1,200,short,192,98,94,51.0,1583.5,559.2,2.83
2.75,0.5,95,2,200,both,391,197,193,50.5,3622.9,710.8,5.1
2.75,0.5,95,2,200,long,202,101,100,50.2,2229.3,499.0,4.47
2.75,0.5,95,2,200,short,189,96,93,50.8,1393.6,626.1,2.23
2.75,0.5,95,3,200,both,387,195,191,50.5,3513.3,652.8,5.38
2.75,0.5,95,3,200,long,199,99,99,50.0,2061.7,499.0,4.13
2.75,0.5,95,3,200,short,188,96,92,51.1,1451.6,626.1,2.32
2.75,0.5,95,4,200,both,384,194,189,50.7,3639.7,652.8,5.58
2.75,0.5,95,4,200,long,197,98,98,50.0,2077.9,482.8,4.3
2.75,0.5,95,4,200,short,187,96,91,51.3,1561.8,626.1,2.49
2.75,0.75,55,1,200,both,398,246,151,62.0,3143.2,681.8,4.61
2.75,0.75,55,1,200,long,207,129,77,62.6,2496.1,415.0,6.01
2.75,0.75,55,1,200,short,191,117,74,61.3,647.1,927.4,0.7
2.75,0.75,55,2,200,both,392,243,148,62.1,3148.9,681.8,4.62
2.75,0.75,55,2,200,long,204,128,75,63.1,2559.0,415.0,6.17
2.75,0.75,55,2,200,short,188,115,73,61.2,589.9,927.4,0.64
2.75,0.75,55,3,200,both,389,240,148,61.9,2903.1,681.8,4.26
2.75,0.75,55,3,200,long,202,126,75,62.7,2378.9,415.0,5.73
2.75,0.75,55,3,200,short,187,114,73,61.0,524.2,927.4,0.57
2.75,0.75,55,4,200,both,388,240,147,62.0,3003.4,681.8,4.41
2.75,0.75,55,4,200,long,202,126,75,62.7,2378.9,415.0,5.73
2.75,0.75,55,4,200,short,186,114,72,61.3,624.5,927.4,0.67
2.75,0.75,65,1,200,both,392,237,154,60.6,2996.2,800.2,3.74
2.75,0.75,65,1,200,long,201,122,78,61.0,2224.6,474.8,4.69
2.75,0.75,65,1,200,short,191,115,76,60.2,771.6,930.9,0.83
2.75,0.75,65,2,200,both,387,237,149,61.4,3242.2,800.2,4.05
2.75,0.75,65,2,200,long,199,123,75,62.1,2399.0,474.8,5.05
2.75,0.75,65,2,200,short,188,114,74,60.6,843.2,925.8,0.91
2.75,0.75,65,3,200,both,384,234,149,61.1,2900.7,800.2,3.62
2.75,0.75,65,3,200,long,197,121,75,61.7,2218.9,474.8,4.67
2.75,0.75,65,3,200,short,187,113,74,60.4,681.8,925.8,0.74
2.75,0.75,65,4,200,both,382,234,147,61.4,3084.0,800.2,3.85
2.75,0.75,65,4,200,long,196,121,74,62.1,2301.9,474.8,4.85
2.75,0.75,65,4,200,short,186,113,73,60.8,782.1,925.8,0.84
2.75,0.75,75,1,200,both,387,232,154,60.1,3462.0,788.1,4.39
2.75,0.75,75,1,200,long,200,122,77,61.3,2564.9,474.8,5.4
2.75,0.75,75,1,200,short,187,110,77,58.8,897.1,821.3,1.09
2.75,0.75,75,2,200,both,384,233,150,60.8,3719.4,788.1,4.72
2.75,0.75,75,2,200,long,198,123,74,62.4,2739.3,474.8,5.77
2.75,0.75,75,2,200,short,186,110,76,59.1,980.1,816.2,1.2
2.75,0.75,75,3,200,both,382,231,150,60.6,3564.9,788.1,4.52
2.75,0.75,75,3,200,long,196,121,74,62.1,2584.8,474.8,5.44
2.75,0.75,75,3,200,short,186,110,76,59.1,980.1,816.2,1.2
2.75,0.75,75,4,200,both,380,231,148,60.9,3749.7,788.1,4.76
2.75,0.75,75,4,200,long,195,121,73,62.4,2667.8,474.8,5.62
2.75,0.75,75,4,200,short,185,110,75,59.5,1081.9,816.2,1.33
2.75,0.75,85,1,200,both,383,226,156,59.2,3869.8,745.3,5.19
2.75,0.75,85,1,200,long,196,118,77,60.5,2665.4,456.6,5.84
2.75,0.75,85,1,200,short,187,108,79,57.8,1204.4,660.2,1.82
2.75,0.75,85,2,200,both,381,226,154,59.5,4035.8,745.3,5.42
2.75,0.75,85,2,200,long,195,118,76,60.8,2748.4,456.6,6.02
2.75,0.75,85,2,200,short,186,108,78,58.1,1287.4,660.2,1.95
2.75,0.75,85,3,200,both,380,225,154,59.4,3884.1,745.3,5.21
2.75,0.75,85,3,200,long,194,117,76,60.6,2596.7,456.6,5.69
2.75,0.75,85,3,200,short,186,108,78,58.1,1287.4,660.2,1.95
2.75,0.75,85,4,200,both,378,225,152,59.7,4068.9,745.3,5.46
2.75,0.75,85,4,200,long,193,117,75,60.9,2679.7,432.0,6.2
2.75,0.75,85,4,200,short,185,108,77,58.4,1389.2,660.2,2.1
2.75,0.75,95,1,200,both,381,224,156,58.9,4183.3,745.3,5.61
2.75,0.75,95,1,200,long,195,117,77,60.3,2911.3,456.6,6.38
2.75,0.75,95,1,200,short,186,107,79,57.5,1272.0,660.2,1.93
2.75,0.75,95,2,200,both,381,224,156,58.9,4183.3,745.3,5.61
2.75,0.75,95,2,200,long,195,117,77,60.3,2911.3,456.6,6.38
2.75,0.75,95,2,200,short,186,107,79,57.5,1272.0,660.2,1.93
2.75,0.75,95,3,200,both,380,223,156,58.8,4031.6,745.3,5.41
2.75,0.75,95,3,200,long,194,116,77,60.1,2759.6,456.6,6.04
2.75,0.75,95,3,200,short,186,107,79,57.5,1272.0,660.2,1.93
2.75,0.75,95,4,200,both,377,222,154,59.0,4174.6,745.3,5.6
2.75,0.75,95,4,200,long,192,115,76,60.2,2800.8,432.0,6.48
2.75,0.75,95,4,200,short,185,107,78,57.8,1373.8,660.2,2.08
2.75,1.0,55,1,200,both,393,257,135,65.6,1909.6,1065.1,1.79
2.75,1.0,55,1,200,long,205,138,66,67.6,2324.5,500.3,4.65
2.75,1.0,55,1,200,short,188,119,69,63.3,-414.9,1727.5,-0.24
2.75,1.0,55,2,200,both,386,254,131,66.0,1968.9,957.1,2.06
2.75,1.0,55,2,200,long,201,137,63,68.5,2416.0,500.3,4.83
2.75,1.0,55,2,200,short,185,117,68,63.2,-447.1,1727.5,-0.26
2.75,1.0,55,3,200,both,382,251,130,65.9,1831.1,957.1,1.91
2.75,1.0,55,3,200,long,199,135,63,68.2,2235.9,606.4,3.69
2.75,1.0,55,3,200,short,183,116,67,63.4,-404.8,1727.5,-0.23
2.75,1.0,55,4,200,both,382,251,130,65.9,1848.4,957.1,1.93
2.75,1.0,55,4,200,long,199,135,63,68.2,2235.9,606.4,3.69
2.75,1.0,55,4,200,short,183,116,67,63.4,-387.5,1727.5,-0.22
2.75,1.0,65,1,200,both,387,246,140,63.7,1294.0,1386.0,0.93
2.75,1.0,65,1,200,long,199,129,69,65.2,1634.4,606.6,2.69
2.75,1.0,65,1,200,short,188,117,71,62.2,-340.4,1769.1,-0.19
2.75,1.0,65,2,200,both,381,246,134,64.7,1643.6,1278.0,1.29
2.75,1.0,65,2,200,long,196,130,65,66.7,1862.4,606.6,3.07
2.75,1.0,65,2,200,short,185,116,69,62.7,-218.8,1694.5,-0.13
2.75,1.0,65,3,200,both,377,243,133,64.6,1410.1,1278.0,1.1
2.75,1.0,65,3,200,long,194,128,65,66.3,1682.3,606.6,2.77
2.75,1.0,65,3,200,short,183,115,68,62.8,-272.2,1694.5,-0.16
2.75,1.0,65,4,200,both,376,243,132,64.8,1535.4,1278.0,1.2
2.75,1.0,65,4,200,long,193,128,64,66.7,1790.3,606.6,2.95
2.75,1.0,65,4,200,short,183,115,68,62.8,-254.9,1694.5,-0.15
2.75,1.0,75,1,200,both,382,242,139,63.5,1862.0,1275.9,1.46
2.75,1.0,75,1,200,long,198,129,68,65.5,1974.7,606.6,3.26
2.75,1.0,75,1,200,short,184,113,71,61.4,-112.7,1659.5,-0.07
2.75,1.0,75,2,200,both,378,243,134,64.5,2198.0,1167.9,1.88
2.75,1.0,75,2,200,long,195,130,64,67.0,2202.7,606.6,3.63
2.75,1.0,75,2,200,short,183,113,70,61.7,-4.7,1584.9,-0.0
2.75,1.0,75,3,200,both,375,241,133,64.4,2151.5,1167.9,1.84
2.75,1.0,75,3,200,long,193,128,64,66.7,2048.2,606.6,3.38
2.75,1.0,75,3,200,short,182,113,69,62.1,103.3,1584.9,0.07
2.75,1.0,75,4,200,both,374,241,132,64.6,2278.3,1167.9,1.95
2.75,1.0,75,4,200,long,192,128,63,67.0,2156.2,606.6,3.55
2.75,1.0,75,4,200,short,182,113,69,62.1,122.1,1584.9,0.08
2.75,1.0,85,1,200,both,378,236,141,62.6,2125.7,1286.0,1.65
2.75,1.0,85,1,200,long,194,125,68,64.8,2075.2,569.2,3.65
2.75,1.0,85,1,200,short,184,111,73,60.3,50.5,1428.5,0.04
2.75,1.0,85,2,200,both,375,236,138,63.1,2345.3,1178.0,1.99
2.75,1.0,85,2,200,long,192,125,66,65.4,2186.8,569.2,3.84
2.75,1.0,85,2,200,short,183,111,72,60.7,158.5,1373.4,0.12
2.75,1.0,85,3,200,both,373,235,137,63.2,2301.6,1178.0,1.95
2.75,1.0,85,3,200,long,191,124,66,65.3,2035.1,606.4,3.36
2.75,1.0,85,3,200,short,182,111,71,61.0,266.5,1373.4,0.19
2.75,1.0,85,4,200,both,372,235,136,63.3,2428.4,1178.0,2.06
2.75,1.0,85,4,200,long,190,124,65,65.6,2143.1,606.4,3.53
2.75,1.0,85,4,200,short,182,111,71,61.0,285.3,1373.4,0.21
2.75,1.0,95,1,200,both,376,234,141,62.4,2439.2,1127.5,2.16
2.75,1.0,95,1,200,long,193,124,68,64.6,2321.1,569.2,4.08
2.75,1.0,95,1,200,short,183,110,73,60.1,118.1,1380.1,0.09
2.75,1.0,95,2,200,both,375,234,140,62.6,2442.8,1127.5,2.17
2.75,1.0,95,2,200,long,192,124,67,64.9,2324.7,569.2,4.08
2.75,1.0,95,2,200,short,183,110,73,60.1,118.1,1380.1,0.09
2.75,1.0,95,3,200,both,373,233,139,62.6,2399.1,1127.5,2.13
2.75,1.0,95,3,200,long,191,123,67,64.7,2173.0,581.4,3.74
2.75,1.0,95,3,200,short,182,110,72,60.4,226.1,1380.1,0.16
2.75,1.0,95,4,200,both,371,232,138,62.7,2484.1,1127.5,2.2
2.75,1.0,95,4,200,long,189,122,66,64.9,2239.2,581.4,3.85
2.75,1.0,95,4,200,short,182,110,72,60.4,244.9,1380.1,0.18
2.75,1.25,55,1,200,both,386,264,121,68.6,1706.1,1374.6,1.24
2.75,1.25,55,1,200,long,201,141,59,70.5,2226.3,625.3,3.56
2.75,1.25,55,1,200,short,185,123,62,66.5,-520.2,2015.2,-0.26
2.75,1.25,55,2,200,both,381,262,118,68.9,1857.7,1241.6,1.5
2.75,1.25,55,2,200,long,198,140,57,71.1,2339.2,625.3,3.74
2.75,1.25,55,2,200,short,183,122,61,66.7,-481.5,2015.2,-0.24
2.75,1.25,55,3,200,both,378,259,118,68.7,1611.9,1241.6,1.3
2.75,1.25,55,3,200,long,196,138,57,70.8,2159.1,625.3,3.45
2.75,1.25,55,3,200,short,182,121,61,66.5,-547.2,2015.2,-0.27
2.75,1.25,55,4,200,both,378,259,118,68.7,1629.2,1241.6,1.31
2.75,1.25,55,4,200,long,196,138,57,70.8,2159.1,625.3,3.45
2.75,1.25,55,4,200,short,182,121,61,66.5,-529.9,2015.2,-0.26
2.75,1.25,65,1,200,both,380,254,125,67.0,1060.1,1700.1,0.62
2.75,1.25,65,1,200,long,195,133,61,68.6,1672.9,800.7,2.09
2.75,1.25,65,1,200,short,185,121,64,65.4,-612.8,2066.2,-0.3
2.75,1.25,65,2,200,both,376,254,121,67.7,1373.1,1567.1,0.88
2.75,1.25,65,2,200,long,193,134,58,69.8,1947.3,782.2,2.49
2.75,1.25,65,2,200,short,183,120,63,65.6,-574.2,2066.2,-0.28
2.75,1.25,65,3,200,both,373,251,121,67.5,1031.6,1659.6,0.62
2.75,1.25,65,3,200,long,191,132,58,69.5,1767.2,782.2,2.26
2.75,1.25,65,3,200,short,182,119,63,65.4,-735.6,2066.2,-0.36
2.75,1.25,65,4,200,both,372,251,120,67.7,1181.9,1659.6,0.71
2.75,1.25,65,4,200,long,190,132,57,69.8,1900.2,782.2,2.43
2.75,1.25,65,4,200,short,182,119,63,65.4,-718.3,2066.2,-0.35
2.75,1.25,75,1,200,both,375,250,124,66.8,1628.1,1590.0,1.02
2.75,1.25,75,1,200,long,194,133,60,68.9,2013.2,800.2,2.52
2.75,1.25,75,1,200,short,181,117,64,64.6,-385.1,1956.6,-0.2
2.75,1.25,75,2,200,both,373,251,121,67.5,1902.5,1457.0,1.31
2.75,1.25,75,2,200,long,192,134,57,70.2,2287.6,781.6,2.93
2.75,1.25,75,2,200,short,181,117,64,64.6,-385.1,1956.6,-0.2
2.75,1.25,75,3,200,both,371,249,121,67.3,1748.0,1549.5,1.13
2.75,1.25,75,3,200,long,190,132,57,69.8,2133.1,781.6,2.73
2.75,1.25,75,3,200,short,181,117,64,64.6,-385.1,1956.6,-0.2
2.75,1.25,75,4,200,both,370,249,120,67.5,1899.8,1549.5,1.23
2.75,1.25,75,4,200,long,189,132,56,70.2,2266.1,781.6,2.9
2.75,1.25,75,4,200,short,181,117,64,64.6,-366.3,1956.6,-0.19
2.75,1.25,85,1,200,both,372,245,126,66.0,1894.7,1547.2,1.22
2.75,1.25,85,1,200,long,191,130,60,68.4,2166.6,757.4,2.86
2.75,1.25,85,1,200,short,181,115,66,63.5,-271.9,1675.6,-0.16
2.75,1.25,85,2,200,both,371,245,125,66.2,2027.7,1414.2,1.43
2.75,1.25,85,2,200,long,190,130,59,68.8,2299.6,738.8,3.11
2.75,1.25,85,2,200,short,181,115,66,63.5,-271.9,1675.6,-0.16
2.75,1.25,85,3,200,both,370,244,125,66.1,1876.0,1414.2,1.33
2.75,1.25,85,3,200,long,189,129,59,68.6,2147.9,738.8,2.91
2.75,1.25,85,3,200,short,181,115,66,63.5,-271.9,1675.6,-0.16
2.75,1.25,85,4,200,both,369,244,124,66.3,2027.8,1414.2,1.43
2.75,1.25,85,4,200,long,188,129,58,69.0,2280.9,738.8,3.09
2.75,1.25,85,4,200,short,181,115,66,63.5,-253.1,1675.6,-0.15
2.75,1.25,95,1,200,both,370,243,126,65.9,2159.8,1401.1,1.54
2.75,1.25,95,1,200,long,190,129,60,68.3,2412.5,738.8,3.27
2.75,1.25,95,1,200,short,180,114,66,63.3,-252.7,1675.6,-0.15
2.75,1.25,95,2,200,both,370,243,126,65.9,2159.8,1401.1,1.54
2.75,1.25,95,2,200,long,190,129,60,68.3,2412.5,738.8,3.27
2.75,1.25,95,2,200,short,180,114,66,63.3,-252.7,1675.6,-0.15
2.75,1.25,95,3,200,both,369,242,126,65.8,2008.1,1401.1,1.43
2.75,1.25,95,3,200,long,189,128,60,68.1,2260.8,738.8,3.06
2.75,1.25,95,3,200,short,180,114,66,63.3,-252.7,1675.6,-0.15
2.75,1.25,95,4,200,both,367,241,125,65.8,2118.1,1401.1,1.51
2.75,1.25,95,4,200,long,187,127,59,68.3,2352.0,738.8,3.18
2.75,1.25,95,4,200,short,180,114,66,63.3,-233.9,1675.6,-0.14
2.75,1.5,55,1,200,both,384,272,111,71.0,2445.6,1522.9,1.61
2.75,1.5,55,1,200,long,200,146,53,73.4,2646.5,644.0,4.11
2.75,1.5,55,1,200,short,184,126,58,68.5,-200.9,1806.8,-0.11
2.75,1.5,55,2,200,both,379,271,107,71.7,2915.8,1364.9,2.14
2.75,1.5,55,2,200,long,197,145,51,74.0,2784.4,565.8,4.92
2.75,1.5,55,2,200,short,182,126,56,69.2,131.4,1806.8,0.07
2.75,1.5,55,3,200,both,377,269,107,71.5,2821.7,1364.9,2.07
2.75,1.5,55,3,200,long,196,144,51,73.8,2756.0,565.8,4.87
2.75,1.5,55,3,200,short,181,125,56,69.1,65.7,1806.8,0.04
2.75,1.5,55,4,200,both,376,269,106,71.7,2997.0,1206.9,2.48
2.75,1.5,55,4,200,long,196,144,51,73.8,2756.0,565.8,4.87
2.75,1.5,55,4,200,short,180,125,55,69.4,241.0,1648.8,0.15
2.75,1.5,65,1,200,both,378,262,115,69.5,1699.6,1898.4,0.9
2.75,1.5,65,1,200,long,194,138,55,71.5,2043.1,928.8,2.2
2.75,1.5,65,1,200,short,184,124,60,67.4,-343.5,1932.8,-0.18
2.75,1.5,65,2,200,both,374,263,110,70.5,2356.2,1740.4,1.35
2.75,1.5,65,2,200,long,192,139,52,72.8,2367.5,806.8,2.93
2.75,1.5,65,2,200,short,182,124,58,68.1,-11.3,1813.3,-0.01
2.75,1.5,65,3,200,both,372,261,110,70.4,2166.4,1740.4,1.24
2.75,1.5,65,3,200,long,191,138,52,72.6,2339.1,806.8,2.9
2.75,1.5,65,3,200,short,181,123,58,68.0,-172.7,1813.3,-0.1
2.75,1.5,65,4,200,both,370,261,108,70.7,2499.7,1582.4,1.58
2.75,1.5,65,4,200,long,190,138,51,73.0,2497.1,806.8,3.1
2.75,1.5,65,4,200,short,180,123,57,68.3,2.6,1655.3,0.0
2.75,1.5,75,1,200,both,373,258,114,69.4,2153.9,1763.3,1.22
2.75,1.5,75,1,200,long,193,138,54,71.9,2383.4,903.3,2.64
2.75,1.5,75,1,200,short,180,120,60,66.7,-229.5,1823.2,-0.13
2.75,1.5,75,2,200,both,371,260,110,70.3,2860.6,1605.3,1.78
2.75,1.5,75,2,200,long,191,139,51,73.2,2707.8,806.8,3.36
2.75,1.5,75,2,200,short,180,121,59,67.2,152.8,1703.7,0.09
2.75,1.5,75,3,200,both,370,259,110,70.2,2857.8,1605.3,1.78
2.75,1.5,75,3,200,long,190,138,51,73.0,2705.0,806.8,3.35
2.75,1.5,75,3,200,short,180,121,59,67.2,152.8,1703.7,0.09
2.75,1.5,75,4,200,both,368,259,108,70.6,3192.6,1447.3,2.21
2.75,1.5,75,4,200,long,189,138,50,73.4,2863.0,806.8,3.55
2.75,1.5,75,4,200,short,179,121,58,67.6,329.6,1545.7,0.21
2.75,1.5,85,1,200,both,370,254,115,68.8,2752.8,1720.5,1.6
2.75,1.5,85,1,200,long,190,135,54,71.4,2536.8,860.5,2.95
2.75,1.5,85,1,200,short,180,119,61,66.1,216.0,1492.2,0.14
2.75,1.5,85,2,200,both,369,254,114,69.0,2910.8,1562.5,1.86
2.75,1.5,85,2,200,long,189,135,53,71.8,2694.8,764.0,3.53
2.75,1.5,85,2,200,short,180,119,61,66.1,216.0,1492.2,0.14
2.75,1.5,85,3,200,both,369,254,114,69.0,2910.8,1562.5,1.86
2.75,1.5,85,3,200,long,189,135,53,71.8,2694.8,764.0,3.53
2.75,1.5,85,3,200,short,180,119,61,66.1,216.0,1492.2,0.14
2.75,1.5,85,4,200,both,367,254,112,69.4,3245.6,1404.5,2.31
2.75,1.5,85,4,200,long,188,135,52,72.2,2852.8,764.0,3.73
2.75,1.5,85,4,200,short,179,119,60,66.5,392.8,1334.2,0.29
2.75,1.5,95,1,200,both,368,252,115,68.7,3017.9,1601.0,1.89
2.75,1.5,95,1,200,long,189,134,54,71.3,2782.7,764.0,3.64
2.75,1.5,95,1,200,short,179,118,61,65.9,235.2,1492.2,0.16
2.75,1.5,95,2,200,both,368,252,115,68.7,3017.9,1601.0,1.89
2.75,1.5,95,2,200,long,189,134,54,71.3,2782.7,764.0,3.64
2.75,1.5,95,2,200,short,179,118,61,65.9,235.2,1492.2,0.16
2.75,1.5,95,3,200,both,368,252,115,68.7,3017.9,1601.0,1.89
2.75,1.5,95,3,200,long,189,134,54,71.3,2782.7,764.0,3.64
2.75,1.5,95,3,200,short,179,118,61,65.9,235.2,1492.2,0.16
2.75,1.5,95,4,200,both,365,251,113,69.0,3310.9,1443.0,2.29
2.75,1.5,95,4,200,long,187,133,53,71.5,2898.9,764.0,3.79
2.75,1.5,95,4,200,short,178,118,60,66.3,412.0,1334.2,0.31
2.75,2.0,55,1,200,both,378,278,99,73.7,2613.5,1912.0,1.37
2.75,2.0,55,1,200,long,198,147,50,74.6,2043.9,931.5,2.19
2.75,2.0,55,1,200,short,180,131,49,72.8,569.6,1653.8,0.34
2.75,2.0,55,2,200,both,373,276,96,74.2,2678.5,1812.6,1.48
2.75,2.0,55,2,200,long,195,146,48,75.3,2123.2,832.1,2.55
2.75,2.0,55,2,200,short,178,130,48,73.0,555.3,1653.8,0.34
2.75,2.0,55,3,200,both,371,274,96,74.1,2584.4,1812.6,1.43
2.75,2.0,55,3,200,long,194,145,48,75.1,2094.8,832.1,2.52
2.75,2.0,55,3,200,short,177,129,48,72.9,489.6,1653.8,0.3
2.75,2.0,55,4,200,both,371,274,96,74.1,2601.7,1812.6,1.44
2.75,2.0,55,4,200,long,194,145,48,75.1,2094.8,832.1,2.52
2.75,2.0,55,4,200,short,177,129,48,72.9,506.9,1653.8,0.31
2.75,2.0,65,1,200,both,371,267,103,72.2,1999.5,2202.9,0.91
2.75,2.0,65,1,200,long,192,139,52,72.8,1525.1,1253.8,1.22
2.75,2.0,65,1,200,short,179,128,51,71.5,474.4,1659.1,0.29
2.75,2.0,65,2,200,both,367,266,100,72.7,2041.0,2103.5,0.97
2.75,2.0,65,2,200,long,190,139,50,73.5,1581.0,1154.4,1.37
2.75,2.0,65,2,200,short,177,127,50,71.8,460.0,1659.1,0.28
2.75,2.0,65,3,200,both,365,264,100,72.5,1851.2,2103.5,0.88
2.75,2.0,65,3,200,long,189,138,50,73.4,1552.6,1154.4,1.34
2.75,2.0,65,3,200,short,176,126,50,71.6,298.6,1659.1,0.18
2.75,2.0,65,4,200,both,364,264,99,72.7,2076.5,2103.5,0.99
2.75,2.0,65,4,200,long,188,138,49,73.8,1760.6,1154.4,1.53
2.75,2.0,65,4,200,short,176,126,50,71.6,315.9,1659.1,0.19
2.75,2.0,75,1,200,both,366,263,102,72.1,2547.5,2067.8,1.23
2.75,2.0,75,1,200,long,191,139,51,73.2,1865.4,1228.3,1.52
2.75,2.0,75,1,200,short,175,124,51,70.9,682.1,1549.5,0.44
2.75,2.0,75,2,200,both,364,263,100,72.5,2639.1,1968.4,1.34
2.75,2.0,75,2,200,long,189,139,49,73.9,1921.3,1128.9,1.7
2.75,2.0,75,2,200,short,175,124,51,70.9,717.8,1549.5,0.46
2.75,2.0,75,3,200,both,363,262,100,72.4,2636.3,1968.4,1.34
2.75,2.0,75,3,200,long,188,138,49,73.8,1918.5,1128.9,1.7
2.75,2.0,75,3,200,short,175,124,51,70.9,717.8,1549.5,0.46
2.75,2.0,75,4,200,both,362,262,99,72.6,2863.1,1968.4,1.45
2.75,2.0,75,4,200,long,187,138,48,74.2,2126.5,1128.9,1.88
2.75,2.0,75,4,200,short,175,124,51,70.9,736.6,1549.5,0.48
2.75,2.0,85,1,200,both,363,257,105,71.0,2500.5,2025.0,1.23
2.75,2.0,85,1,200,long,188,135,52,72.2,1758.9,1185.5,1.48
2.75,2.0,85,1,200,short,175,122,53,69.7,741.6,1506.0,0.49
2.75,2.0,85,2,200,both,362,257,104,71.2,2599.9,1925.6,1.35
2.75,2.0,85,2,200,long,187,135,51,72.6,1858.3,1086.1,1.71
2.75,2.0,85,2,200,short,175,122,53,69.7,741.6,1506.0,0.49
2.75,2.0,85,3,200,both,362,257,104,71.2,2599.9,1925.6,1.35
2.75,2.0,85,3,200,long,187,135,51,72.6,1858.3,1086.1,1.71
2.75,2.0,85,3,200,short,175,122,53,69.7,741.6,1506.0,0.49
2.75,2.0,85,4,200,both,361,257,103,71.4,2826.7,1925.6,1.47
2.75,2.0,85,4,200,long,186,135,50,73.0,2066.3,1086.1,1.9
2.75,2.0,85,4,200,short,175,122,53,69.7,760.4,1504.5,0.51
2.75,2.0,95,1,200,both,361,255,105,70.8,2657.0,2014.1,1.32
2.75,2.0,95,1,200,long,187,134,52,72.0,1896.2,1174.6,1.61
2.75,2.0,95,1,200,short,174,121,53,69.5,760.8,1506.0,0.51
2.75,2.0,95,2,200,both,361,255,105,70.8,2657.0,2014.1,1.32
2.75,2.0,95,2,200,long,187,134,52,72.0,1896.2,1174.6,1.61
2.75,2.0,95,2,200,short,174,121,53,69.5,760.8,1506.0,0.51
2.75,2.0,95,3,200,both,361,255,105,70.8,2657.0,2014.1,1.32
2.75,2.0,95,3,200,long,187,134,52,72.0,1896.2,1174.6,1.61
2.75,2.0,95,3,200,short,174,121,53,69.5,760.8,1506.0,0.51
2.75,2.0,95,4,200,both,359,254,104,70.9,2842.0,2014.1,1.41
2.75,2.0,95,4,200,long,185,133,51,72.3,2062.4,1174.6,1.76
2.75,2.0,95,4,200,short,174,121,53,69.5,779.6,1504.5,0.52
2.75,0.5,55,1,250,both,427,231,196,54.1,2920.6,675.5,4.32
2.75,0.5,55,1,250,long,222,118,104,53.2,1872.7,473.0,3.96
2.75,0.5,55,1,250,short,205,113,92,55.1,1047.9,698.3,1.5
2.75,0.5,55,2,250,both,416,227,189,54.6,3092.9,741.8,4.17
2.75,0.5,55,2,250,long,215,117,98,54.4,2198.4,441.4,4.98
2.75,0.5,55,2,250,short,201,110,91,54.7,894.5,769.5,1.16
2.75,0.5,55,3,250,both,411,223,188,54.3,2873.3,683.8,4.2
2.75,0.5,55,3,250,long,212,114,98,53.8,1986.5,441.4,4.5
2.75,0.5,55,3,250,short,199,109,90,54.8,886.8,711.5,1.25
2.75,0.5,55,4,250,both,410,223,187,54.4,2982.0,683.8,4.36
2.75,0.5,55,4,250,long,212,114,98,53.8,1986.5,441.4,4.5
2.75,0.5,55,4,250,short,198,109,89,55.1,995.5,711.5,1.4
2.75,0.5,65,1,250,both,421,218,203,51.8,2219.4,764.0,2.9
2.75,0.5,65,1,250,long,217,110,107,50.7,1468.5,610.3,2.41
2.75,0.5,65,1,250,short,204,108,96,52.9,750.9,743.0,1.01
2.75,0.5,65,2,250,both,411,217,194,52.8,2582.0,835.2,3.09
2.75,0.5,65,2,250,long,211,111,100,52.6,1880.7,552.3,3.41
2.75,0.5,65,2,250,short,200,106,94,53.0,701.3,767.9,0.91
2.75,0.5,65,3,250,both,406,213,193,52.5,2224.6,777.2,2.86
2.75,0.5,65,3,250,long,208,108,100,51.9,1626.7,552.3,2.95
2.75,0.5,65,3,250,short,198,105,93,53.0,597.9,709.9,0.84
2.75,0.5,65,4,250,both,404,213,191,52.7,2391.3,777.2,3.08
2.75,0.5,65,4,250,long,207,108,99,52.2,1684.7,494.3,3.41
2.75,0.5,65,4,250,short,197,105,92,53.3,706.6,709.9,1.0
2.75,0.5,75,1,250,both,417,212,205,50.8,2543.3,675.5,3.77
2.75,0.5,75,1,250,long,216,110,106,50.9,1739.4,537.4,3.24
2.75,0.5,75,1,250,short,201,102,99,50.7,803.9,618.2,1.3
2.75,0.5,75,2,250,both,407,211,196,51.8,2823.6,725.6,3.89
2.75,0.5,75,2,250,long,210,111,99,52.9,2151.6,486.4,4.42
2.75,0.5,75,2,250,short,197,100,97,50.8,672.0,664.7,1.01
2.75,0.5,75,3,250,both,403,208,195,51.6,2653.2,667.6,3.97
2.75,0.5,75,3,250,long,207,108,99,52.2,1923.2,486.4,3.95
2.75,0.5,75,3,250,short,196,100,96,51.0,730.0,664.7,1.1
2.75,0.5,75,4,250,both,401,208,193,51.9,2821.4,667.6,4.23
2.75,0.5,75,4,250,long,206,108,98,52.4,1981.2,428.4,4.62
2.75,0.5,75,4,250,short,195,100,95,51.3,840.2,664.7,1.26
2.75,0.5,85,1,250,both,413,205,208,49.6,2988.2,728.4,4.1
2.75,0.5,85,1,250,long,212,105,107,49.5,1688.3,537.4,3.14
2.75,0.5,85,1,250,short,201,100,101,49.8,1299.9,573.6,2.27
2.75,0.5,85,2,250,both,404,203,201,50.2,3146.3,778.5,4.04
2.75,0.5,85,2,250,long,207,105,102,50.7,1978.3,486.4,4.07
2.75,0.5,85,2,250,short,197,98,99,49.7,1168.0,664.7,1.76
2.75,0.5,85,3,250,both,401,201,200,50.1,2978.7,720.5,4.13
2.75,0.5,85,3,250,long,205,103,102,50.2,1752.7,486.4,3.6
2.75,0.5,85,3,250,short,196,98,98,50.0,1226.0,664.7,1.84
2.75,0.5,85,4,250,both,399,201,198,50.4,3146.9,720.5,4.37
2.75,0.5,85,4,250,long,204,103,101,50.5,1810.7,462.8,3.91
2.75,0.5,85,4,250,short,195,98,97,50.3,1336.2,664.7,2.01
2.75,0.5,95,1,250,both,410,202,208,49.3,3237.3,728.4,4.44
2.75,0.5,95,1,250,long,210,103,107,49.0,1869.8,557.0,3.36
2.75,0.5,95,1,250,short,200,99,101,49.5,1367.5,573.6,2.38
2.75,0.5,95,2,250,both,403,200,203,49.6,3279.4,778.5,4.21
2.75,0.5,95,2,250,long,206,103,103,50.0,2101.8,499.0,4.21
2.75,0.5,95,2,250,short,197,97,100,49.2,1177.6,664.7,1.77
2.75,0.5,95,3,250,both,400,198,202,49.5,3111.8,720.5,4.32
2.75,0.5,95,3,250,long,204,101,103,49.5,1876.2,499.0,3.76
2.75,0.5,95,3,250,short,196,97,99,49.5,1235.6,664.7,1.86
2.75,0.5,95,4,250,both,397,197,200,49.6,3238.2,720.5,4.49
2.75,0.5,95,4,250,long,202,100,102,49.5,1892.4,482.8,3.92
2.75,0.5,95,4,250,short,195,97,98,49.7,1345.8,664.7,2.02
2.75,0.75,55,1,250,both,408,250,158,61.3,2986.2,682.2,4.38
2.75,0.75,55,1,250,long,209,131,78,62.7,2631.0,389.3,6.76
2.75,0.75,55,1,250,short,199,119,80,59.8,355.2,954.0,0.37
2.75,0.75,55,2,250,both,402,247,155,61.4,2991.9,682.2,4.39
2.75,0.75,55,2,250,long,206,130,76,63.1,2693.9,415.7,6.48
2.75,0.75,55,2,250,short,196,117,79,59.7,298.0,954.0,0.31
2.75,0.75,55,3,250,both,399,244,155,61.2,2746.1,682.2,4.03
2.75,0.75,55,3,250,long,204,128,76,62.7,2513.8,415.7,6.05
2.75,0.75,55,3,250,short,195,116,79,59.5,232.3,954.0,0.24
2.75,0.75,55,4,250,both,398,244,154,61.3,2846.4,682.2,4.17
2.75,0.75,55,4,250,long,204,128,76,62.7,2513.8,415.7,6.05
2.75,0.75,55,4,250,short,194,116,78,59.8,332.6,954.0,0.35
2.75,0.75,65,1,250,both,403,242,161,60.0,2978.5,800.6,3.72
2.75,0.75,65,1,250,long,204,125,79,61.3,2498.8,356.8,7.0
2.75,0.75,65,1,250,short,199,117,82,58.8,479.7,999.9,0.48
2.75,0.75,65,2,250,both,398,242,156,60.8,3224.5,800.6,4.03
2.75,0.75,65,2,250,long,202,126,76,62.4,2673.2,356.8,7.49
2.75,0.75,65,2,250,short,196,116,80,59.2,551.3,952.4,0.58
2.75,0.75,65,3,250,both,395,239,156,60.5,2883.0,800.6,3.6
2.75,0.75,65,3,250,long,200,124,76,62.0,2493.1,356.8,6.99
2.75,0.75,65,3,250,short,195,115,80,59.0,389.9,952.4,0.41
2.75,0.75,65,4,250,both,393,239,154,60.8,3066.3,800.6,3.83
2.75,0.75,65,4,250,long,199,124,75,62.3,2576.1,335.6,7.68
2.75,0.75,65,4,250,short,194,115,79,59.3,490.2,952.4,0.51
2.75,0.75,75,1,250,both,397,235,162,59.2,3189.9,810.1,3.94
2.75,0.75,75,1,250,long,203,124,79,61.1,2670.3,356.8,7.48
2.75,0.75,75,1,250,short,194,111,83,57.2,519.6,890.3,0.58
2.75,0.75,75,2,250,both,394,236,158,59.9,3447.3,810.1,4.26
2.75,0.75,75,2,250,long,201,125,76,62.2,2844.7,356.8,7.97
2.75,0.75,75,2,250,short,193,111,82,57.5,602.6,842.8,0.71
2.75,0.75,75,3,250,both,392,234,158,59.7,3292.8,810.1,4.06
2.75,0.75,75,3,250,long,199,123,76,61.8,2690.2,356.8,7.54
2.75,0.75,75,3,250,short,193,111,82,57.5,602.6,842.8,0.71
2.75,0.75,75,4,250,both,390,234,156,60.0,3477.6,810.1,4.29
2.75,0.75,75,4,250,long,198,123,75,62.1,2773.2,335.6,8.26
2.75,0.75,75,4,250,short,192,111,81,57.8,704.4,842.8,0.84
2.75,0.75,85,1,250,both,393,229,164,58.3,3654.7,810.1,4.51
2.75,0.75,85,1,250,long,199,120,79,60.3,2689.1,356.8,7.54
2.75,0.75,85,1,250,short,194,109,85,56.2,965.6,635.2,1.52
2.75,0.75,85,2,250,both,391,229,162,58.6,3820.7,810.1,4.72
2.75,0.75,85,2,250,long,198,120,78,60.6,2772.1,356.8,7.77
2.75,0.75,85,2,250,short,193,109,84,56.5,1048.6,635.2,1.65
2.75,0.75,85,3,250,both,390,228,162,58.5,3669.0,810.1,4.53
2.75,0.75,85,3,250,long,197,119,78,60.4,2620.4,356.8,7.34
2.75,0.75,85,3,250,short,193,109,84,56.5,1048.6,635.2,1.65
2.75,0.75,85,4,250,both,388,228,160,58.8,3853.8,810.1,4.76
2.75,0.75,85,4,250,long,196,119,77,60.7,2703.4,342.1,7.9
2.75,0.75,85,4,250,short,192,109,83,56.8,1150.4,635.2,1.81
2.75,0.75,95,1,250,both,391,227,164,58.1,3933.3,810.1,4.86
2.75,0.75,95,1,250,long,198,119,79,60.1,2900.1,356.8,8.13
2.75,0.75,95,1,250,short,193,108,85,56.0,1033.2,635.2,1.63
2.75,0.75,95,2,250,both,391,227,164,58.1,3933.3,810.1,4.86
2.75,0.75,95,2,250,long,198,119,79,60.1,2900.1,356.8,8.13
2.75,0.75,95,2,250,short,193,108,85,56.0,1033.2,635.2,1.63
2.75,0.75,95,3,250,both,390,226,164,57.9,3781.6,810.1,4.67
2.75,0.75,95,3,250,long,197,118,79,59.9,2748.4,356.8,7.7
2.75,0.75,95,3,250,short,193,108,85,56.0,1033.2,635.2,1.63
2.75,0.75,95,4,250,both,387,225,162,58.1,3924.6,810.1,4.84
2.75,0.75,95,4,250,long,195,117,78,60.0,2789.6,342.1,8.15
2.75,0.75,95,4,250,short,192,108,84,56.2,1135.0,635.2,1.79
2.75,1.0,55,1,250,both,400,260,140,65.0,1553.2,962.3,1.61
2.75,1.0,55,1,250,long,204,137,67,67.2,2180.2,500.3,4.36
2.75,1.0,55,1,250,short,196,123,73,62.8,-627.0,1849.9,-0.34
2.75,1.0,55,2,250,both,394,257,137,65.2,1599.9,854.3,1.87
2.75,1.0,55,2,250,long,201,136,65,67.7,2259.1,500.3,4.52
2.75,1.0,55,2,250,short,193,121,72,62.7,-659.2,1849.9,-0.36
2.75,1.0,55,3,250,both,390,254,136,65.1,1462.1,854.3,1.71
2.75,1.0,55,3,250,long,199,134,65,67.3,2079.0,573.9,3.62
2.75,1.0,55,3,250,short,191,120,71,62.8,-616.9,1849.9,-0.33
2.75,1.0,55,4,250,both,390,254,136,65.1,1479.4,854.3,1.73
2.75,1.0,55,4,250,long,199,134,65,67.3,2079.0,573.9,3.62
2.75,1.0,55,4,250,short,191,120,71,62.8,-599.6,1849.9,-0.32
2.75,1.0,65,1,250,both,395,250,145,63.3,1076.9,1326.4,0.81
2.75,1.0,65,1,250,long,199,129,70,64.8,1629.4,500.3,3.26
2.75,1.0,65,1,250,short,196,121,75,61.7,-552.5,1908.9,-0.29
2.75,1.0,65,2,250,both,390,250,140,64.1,1413.9,1218.4,1.16
2.75,1.0,65,2,250,long,197,130,67,66.0,1844.8,500.3,3.69
2.75,1.0,65,2,250,short,193,120,73,62.2,-430.9,1816.9,-0.24
2.75,1.0,65,3,250,both,386,247,139,64.0,1180.4,1218.4,0.97
2.75,1.0,65,3,250,long,195,128,67,65.6,1664.7,573.9,2.9
2.75,1.0,65,3,250,short,191,119,72,62.3,-484.3,1816.9,-0.27
2.75,1.0,65,4,250,both,385,247,138,64.2,1305.7,1218.4,1.07
2.75,1.0,65,4,250,long,194,128,66,66.0,1772.7,573.9,3.09
2.75,1.0,65,4,250,short,191,119,72,62.3,-467.0,1816.9,-0.26
2.75,1.0,75,1,250,both,389,244,145,62.7,1390.5,1216.3,1.14
2.75,1.0,75,1,250,long,198,128,70,64.6,1800.9,500.3,3.6
2.75,1.0,75,1,250,short,191,116,75,60.7,-410.4,1799.3,-0.23
2.75,1.0,75,2,250,both,386,245,141,63.5,1713.9,1108.3,1.55
2.75,1.0,75,2,250,long,196,129,67,65.8,2016.3,500.3,4.03
2.75,1.0,75,2,250,short,190,116,74,61.1,-302.4,1707.3,-0.18
2.75,1.0,75,3,250,both,383,243,140,63.4,1667.4,1108.3,1.5
2.75,1.0,75,3,250,long,194,127,67,65.5,1861.8,573.9,3.24
2.75,1.0,75,3,250,short,189,116,73,61.4,-194.4,1707.3,-0.11
2.75,1.0,75,4,250,both,382,243,139,63.6,1794.2,1108.3,1.62
2.75,1.0,75,4,250,long,193,127,66,65.8,1969.8,573.9,3.43
2.75,1.0,75,4,250,short,189,116,73,61.4,-175.6,1707.3,-0.1
2.75,1.0,85,1,250,both,385,238,147,61.8,1711.2,1269.2,1.35
2.75,1.0,85,1,250,long,194,124,70,63.9,1819.7,500.3,3.64
2.75,1.0,85,1,250,short,191,114,77,59.7,-108.5,1477.9,-0.07
2.75,1.0,85,2,250,both,383,238,145,62.1,1918.2,1161.2,1.65
2.75,1.0,85,2,250,long,193,124,69,64.2,1918.7,500.3,3.84
2.75,1.0,85,2,250,short,190,114,76,60.0,-0.5,1405.4,-0.0
2.75,1.0,85,3,250,both,381,237,144,62.2,1874.5,1161.2,1.61
2.75,1.0,85,3,250,long,192,123,69,64.1,1767.0,573.9,3.08
2.75,1.0,85,3,250,short,189,114,75,60.3,107.5,1405.4,0.08
2.75,1.0,85,4,250,both,380,237,143,62.4,2001.3,1161.2,1.72
2.75,1.0,85,4,250,long,191,123,68,64.4,1875.0,573.9,3.27
2.75,1.0,85,4,250,short,189,114,75,60.3,126.3,1405.4,0.09
2.75,1.0,95,1,250,both,383,236,147,61.6,1989.8,1093.1,1.82
2.75,1.0,95,1,250,long,193,123,70,63.7,2030.7,500.3,4.06
2.75,1.0,95,1,250,short,190,113,77,59.5,-40.9,1429.5,-0.03
2.75,1.0,95,2,250,both,383,236,147,61.6,1980.8,1093.1,1.81
2.75,1.0,95,2,250,long,193,123,70,63.7,2021.7,500.3,4.04
2.75,1.0,95,2,250,short,190,113,77,59.5,-40.9,1429.5,-0.03
2.75,1.0,95,3,250,both,381,235,146,61.7,1937.1,1093.1,1.77
2.75,1.0,95,3,250,long,192,122,70,63.5,1870.0,548.9,3.41
2.75,1.0,95,3,250,short,189,113,76,59.8,67.1,1429.5,0.05
2.75,1.0,95,4,250,both,379,234,145,61.7,2022.1,1093.1,1.85
2.75,1.0,95,4,250,long,190,121,69,63.7,1936.2,548.9,3.53
2.75,1.0,95,4,250,short,189,113,76,59.8,85.9,1429.5,0.06
2.75,1.25,55,1,250,both,393,268,125,68.2,1204.5,1395.5,0.86
2.75,1.25,55,1,250,long,201,141,60,70.1,2175.7,625.3,3.48
2.75,1.25,55,1,250,short,192,127,65,66.1,-971.2,2125.4,-0.46
2.75,1.25,55,2,250,both,388,266,122,68.6,1473.5,1262.5,1.17
2.75,1.25,55,2,250,long,198,140,58,70.7,2288.6,625.3,3.66
2.75,1.25,55,2,250,short,190,126,64,66.3,-815.1,2125.4,-0.38
2.75,1.25,55,3,250,both,385,263,122,68.3,1227.7,1262.5,0.97
2.75,1.25,55,3,250,long,196,138,58,70.4,2108.5,625.3,3.37
2.75,1.25,55,3,250,short,189,125,64,66.1,-880.8,2125.4,-0.41
2.75,1.25,55,4,250,both,384,263,121,68.5,1378.0,1262.5,1.09
2.75,1.25,55,4,250,long,196,138,58,70.4,2108.5,625.3,3.37
2.75,1.25,55,4,250,short,188,125,63,66.5,-730.5,1992.4,-0.37
2.75,1.25,65,1,250,both,388,259,129,66.8,697.8,1783.0,0.39
2.75,1.25,65,1,250,long,196,134,62,68.4,1761.6,630.8,2.79
2.75,1.25,65,1,250,short,192,125,67,65.1,-1063.8,2256.0,-0.47
2.75,1.25,65,2,250,both,384,259,125,67.4,1128.2,1650.0,0.68
2.75,1.25,65,2,250,long,194,135,59,69.6,2036.0,630.8,3.23
2.75,1.25,65,2,250,short,190,124,66,65.3,-907.8,2256.0,-0.4
2.75,1.25,65,3,250,both,381,256,125,67.2,786.7,1717.8,0.46
2.75,1.25,65,3,250,long,192,133,59,69.3,1855.9,630.8,2.94
2.75,1.25,65,3,250,short,189,123,66,65.1,-1069.2,2256.0,-0.47
2.75,1.25,65,4,250,both,379,256,123,67.5,1070.0,1584.8,0.68
2.75,1.25,65,4,250,long,191,133,58,69.6,1988.9,630.8,3.15
2.75,1.25,65,4,250,short,188,123,65,65.4,-918.9,2123.0,-0.43
2.75,1.25,75,1,250,both,382,253,129,66.2,1128.4,1672.9,0.67
2.75,1.25,75,1,250,long,195,133,62,68.2,1933.1,630.8,3.06
2.75,1.25,75,1,250,short,187,120,67,64.2,-804.7,2146.4,-0.37
2.75,1.25,75,2,250,both,380,254,126,66.8,1403.2,1539.9,0.91
2.75,1.25,75,2,250,long,193,134,59,69.4,2207.5,630.8,3.5
2.75,1.25,75,2,250,short,187,120,67,64.2,-804.3,2146.4,-0.37
2.75,1.25,75,3,250,both,378,252,126,66.7,1248.7,1607.7,0.78
2.75,1.25,75,3,250,long,191,132,59,69.1,2053.0,630.8,3.25
2.75,1.25,75,3,250,short,187,120,67,64.2,-804.3,2146.4,-0.37
2.75,1.25,75,4,250,both,376,252,124,67.0,1533.5,1474.7,1.04
2.75,1.25,75,4,250,long,190,132,58,69.5,2186.0,630.8,3.47
2.75,1.25,75,4,250,short,186,120,66,64.5,-652.5,2013.4,-0.32
2.75,1.25,85,1,250,both,379,248,131,65.4,1452.0,1555.4,0.93
2.75,1.25,85,1,250,long,192,130,62,67.7,2004.8,630.8,3.18
2.75,1.25,85,1,250,short,187,118,69,63.1,-552.8,1750.0,-0.32
2.75,1.25,85,2,250,both,378,248,130,65.6,1585.4,1422.4,1.11
2.75,1.25,85,2,250,long,191,130,61,68.1,2137.8,630.8,3.39
2.75,1.25,85,2,250,short,187,118,69,63.1,-552.4,1750.0,-0.32
2.75,1.25,85,3,250,both,377,247,130,65.5,1433.7,1422.4,1.01
2.75,1.25,85,3,250,long,190,129,61,67.9,1986.1,630.8,3.15
2.75,1.25,85,3,250,short,187,118,69,63.1,-552.4,1750.0,-0.32
2.75,1.25,85,4,250,both,375,247,128,65.9,1718.5,1372.6,1.25
2.75,1.25,85,4,250,long,189,129,60,68.3,2119.1,630.8,3.36
2.75,1.25,85,4,250,short,186,118,68,63.4,-400.6,1617.0,-0.25
2.75,1.25,95,1,250,both,377,246,131,65.3,1682.2,1379.3,1.22
2.75,1.25,95,1,250,long,191,129,62,67.5,2215.8,630.8,3.51
2.75,1.25,95,1,250,short,186,117,69,62.9,-533.6,1750.0,-0.3
2.75,1.25,95,2,250,both,377,246,131,65.3,1682.6,1379.3,1.22
2.75,1.25,95,2,250,long,191,129,62,67.5,2215.8,630.8,3.51
2.75,1.25,95,2,250,short,186,117,69,62.9,-533.2,1750.0,-0.3
2.75,1.25,95,3,250,both,376,245,131,65.2,1530.9,1379.3,1.11
2.75,1.25,95,3,250,long,190,128,62,67.4,2064.1,630.8,3.27
2.75,1.25,95,3,250,short,186,117,69,62.9,-533.2,1750.0,-0.3
2.75,1.25,95,4,250,both,373,244,129,65.4,1773.9,1329.5,1.33
2.75,1.25,95,4,250,long,188,127,61,67.6,2155.3,630.8,3.42
2.75,1.25,95,4,250,short,185,117,68,63.2,-381.4,1617.0,-0.24
2.75,1.5,55,1,250,both,390,274,116,70.3,1784.4,1637.5,1.09
2.75,1.5,55,1,250,long,200,145,55,72.5,2403.5,591.9,4.06
2.75,1.5,55,1,250,short,190,129,61,67.9,-619.1,2017.0,-0.31
2.75,1.5,55,2,250,both,385,273,112,70.9,2254.6,1479.5,1.52
2.75,1.5,55,2,250,long,197,144,53,73.1,2541.4,474.0,5.36
2.75,1.5,55,2,250,short,188,129,59,68.6,-286.8,1928.1,-0.15
2.75,1.5,55,3,250,both,382,271,111,70.9,2318.5,1360.6,1.7
2.75,1.5,55,3,250,long,196,143,53,73.0,2513.0,474.0,5.3
2.75,1.5,55,3,250,short,186,128,58,68.8,-194.5,1770.1,-0.11
2.75,1.5,55,4,250,both,381,271,110,71.1,2493.8,1360.6,1.83
2.75,1.5,55,4,250,long,196,143,53,73.0,2513.0,474.0,5.3
2.75,1.5,55,4,250,short,185,128,57,69.2,-19.2,1612.1,-0.01
2.75,1.5,65,1,250,both,385,265,120,68.8,1177.7,2013.0,0.59
2.75,1.5,65,1,250,long,195,138,57,70.8,1939.4,904.6,2.14
2.75,1.5,65,1,250,short,190,127,63,66.8,-761.7,2172.6,-0.35
2.75,1.5,65,2,250,both,381,266,115,69.8,1834.3,1855.0,0.99
2.75,1.5,65,2,250,long,193,139,54,72.0,2263.8,786.7,2.88
2.75,1.5,65,2,250,short,188,127,61,67.6,-429.5,2053.1,-0.21
2.75,1.5,65,3,250,both,378,264,114,69.8,1802.5,1697.0,1.06
2.75,1.5,65,3,250,long,192,138,54,71.9,2235.4,786.7,2.84
2.75,1.5,65,3,250,short,186,126,60,67.7,-432.9,1895.1,-0.23
2.75,1.5,65,4,250,both,376,264,112,70.2,2135.8,1539.0,1.39
2.75,1.5,65,4,250,long,191,138,53,72.3,2393.4,786.7,3.04
2.75,1.5,65,4,250,short,185,126,59,68.1,-257.6,1737.1,-0.15
2.75,1.5,75,1,250,both,379,259,120,68.3,1377.6,1877.9,0.73
2.75,1.5,75,1,250,long,194,137,57,70.6,2110.9,879.1,2.4
2.75,1.5,75,1,250,short,185,122,63,65.9,-733.3,2063.0,-0.36
2.75,1.5,75,2,250,both,377,261,116,69.2,2084.3,1719.9,1.21
2.75,1.5,75,2,250,long,192,138,54,71.9,2435.3,786.7,3.1
2.75,1.5,75,2,250,short,185,123,62,66.5,-351.0,1943.5,-0.18
2.75,1.5,75,3,250,both,375,260,115,69.3,2239.5,1582.6,1.42
2.75,1.5,75,3,250,long,191,137,54,71.7,2432.5,786.7,3.09
2.75,1.5,75,3,250,short,184,123,61,66.8,-193.0,1785.5,-0.11
2.75,1.5,75,4,250,both,373,260,113,69.7,2574.3,1424.6,1.81
2.75,1.5,75,4,250,long,190,137,53,72.1,2590.5,786.7,3.29
2.75,1.5,75,4,250,short,183,123,60,67.2,-16.2,1627.5,-0.01
2.75,1.5,85,1,250,both,376,255,121,67.8,2033.5,1877.9,1.08
2.75,1.5,85,1,250,long,191,134,57,70.2,2182.6,879.1,2.48
2.75,1.5,85,1,250,short,185,121,64,65.4,-149.1,1699.5,-0.09
2.75,1.5,85,2,250,both,375,255,120,68.0,2191.5,1719.9,1.27
2.75,1.5,85,2,250,long,190,134,56,70.5,2340.6,786.7,2.98
2.75,1.5,85,2,250,short,185,121,64,65.4,-149.1,1699.5,-0.09
2.75,1.5,85,3,250,both,374,255,119,68.2,2349.5,1582.6,1.48
2.75,1.5,85,3,250,long,190,134,56,70.5,2340.6,786.7,2.98
2.75,1.5,85,3,250,short,184,121,63,65.8,8.9,1541.5,0.01
2.75,1.5,85,4,250,both,372,255,117,68.5,2684.3,1424.6,1.88
2.75,1.5,85,4,250,long,189,134,55,70.9,2498.6,786.7,3.18
2.75,1.5,85,4,250,short,183,121,62,66.1,185.7,1382.0,0.13
2.75,1.5,95,1,250,both,374,253,121,67.6,2263.7,1758.4,1.29
2.75,1.5,95,1,250,long,190,133,57,70.0,2393.6,786.7,3.04
2.75,1.5,95,1,250,short,184,120,64,65.2,-129.9,1699.5,-0.08
2.75,1.5,95,2,250,both,374,253,121,67.6,2263.7,1758.4,1.29
2.75,1.5,95,2,250,long,190,133,57,70.0,2393.6,786.7,3.04
2.75,1.5,95,2,250,short,184,120,64,65.2,-129.9,1699.5,-0.08
2.75,1.5,95,3,250,both,373,253,120,67.8,2421.7,1621.1,1.49
2.75,1.5,95,3,250,long,190,133,57,70.0,2393.6,786.7,3.04
2.75,1.5,95,3,250,short,183,120,63,65.6,28.1,1541.5,0.02
2.75,1.5,95,4,250,both,370,252,118,68.1,2714.7,1463.1,1.86
2.75,1.5,95,4,250,long,188,132,56,70.2,2509.8,786.7,3.19
2.75,1.5,95,4,250,short,182,120,62,65.9,204.9,1382.0,0.15
2.75,2.0,55,1,250,both,383,281,102,73.4,2024.3,1918.6,1.06
2.75,2.0,55,1,250,long,197,146,51,74.1,1772.8,909.9,1.95
2.75,2.0,55,1,250,short,186,135,51,72.6,251.5,1712.4,0.15
2.75,2.0,55,2,250,both,377,279,98,74.0,2193.7,1819.2,1.21
2.75,2.0,55,2,250,long,193,145,48,75.1,1956.5,810.5,2.41
2.75,2.0,55,2,250,short,184,134,50,72.8,237.2,1712.4,0.14
2.75,2.0,55,3,250,both,374,276,98,73.8,2057.5,1819.2,1.13
2.75,2.0,55,3,250,long,192,144,48,75.0,1928.1,810.5,2.38
2.75,2.0,55,3,250,short,182,132,50,72.5,129.4,1712.4,0.08
2.75,2.0,55,4,250,both,374,276,98,73.8,2074.8,1819.2,1.14
2.75,2.0,55,4,250,long,192,144,48,75.0,1928.1,810.5,2.38
2.75,2.0,55,4,250,short,182,132,50,72.5,146.7,1712.4,0.09
2.75,2.0,65,1,250,both,377,270,107,71.6,1522.8,2209.5,0.69
2.75,2.0,65,1,250,long,192,138,54,71.9,1366.5,1232.2,1.11
2.75,2.0,65,1,250,short,185,132,53,71.4,156.3,1681.0,0.09
2.75,2.0,65,2,250,both,372,269,103,72.3,1668.7,2110.1,0.79
2.75,2.0,65,2,250,long,189,138,51,73.0,1526.8,1132.8,1.35
2.75,2.0,65,2,250,short,183,131,52,71.6,141.9,1681.0,0.08
2.75,2.0,65,3,250,both,369,266,103,72.1,1436.8,2110.1,0.68
2.75,2.0,65,3,250,long,188,137,51,72.9,1498.4,1132.8,1.32
2.75,2.0,65,3,250,short,181,129,52,71.3,-61.6,1694.7,-0.04
2.75,2.0,65,4,250,both,368,266,102,72.3,1662.1,2110.1,0.79
2.75,2.0,65,4,250,long,187,137,50,73.3,1706.4,1132.8,1.51
2.75,2.0,65,4,250,short,181,129,52,71.3,-44.3,1694.7,-0.03
2.75,2.0,75,1,250,both,371,264,107,71.2,1816.4,2074.4,0.88
2.75,2.0,75,1,250,long,191,137,54,71.7,1538.0,1206.7,1.27
2.75,2.0,75,1,250,short,180,127,53,70.6,278.4,1681.0,0.17
2.75,2.0,75,2,250,both,368,264,104,71.7,2012.4,1975.0,1.02
2.75,2.0,75,2,250,long,188,137,51,72.9,1698.3,1107.3,1.53
2.75,2.0,75,2,250,short,180,127,53,70.6,314.1,1681.0,0.19
2.75,2.0,75,3,250,both,366,262,104,71.6,1967.5,1975.0,1.0
2.75,2.0,75,3,250,long,187,136,51,72.7,1695.5,1107.3,1.53
2.75,2.0,75,3,250,short,179,126,53,70.4,272.0,1681.0,0.16
2.75,2.0,75,4,250,both,365,262,103,71.8,2194.3,1975.0,1.11
2.75,2.0,75,4,250,long,186,136,50,73.1,1903.5,1107.3,1.72
2.75,2.0,75,4,250,short,179,126,53,70.4,290.8,1681.0,0.17
2.75,2.0,85,1,250,both,368,259,109,70.4,1897.7,2074.4,0.91
2.75,2.0,85,1,250,long,188,134,54,71.3,1421.1,1206.7,1.18
2.75,2.0,85,1,250,short,180,125,55,69.4,476.6,1631.3,0.29
2.75,2.0,85,2,250,both,366,259,107,70.8,2101.5,1975.0,1.06
2.75,2.0,85,2,250,long,186,134,52,72.0,1624.9,1107.3,1.47
2.75,2.0,85,2,250,short,180,125,55,69.4,476.6,1631.3,0.29
2.75,2.0,85,3,250,both,365,258,107,70.7,2059.4,1975.0,1.04
2.75,2.0,85,3,250,long,186,134,52,72.0,1624.9,1107.3,1.47
2.75,2.0,85,3,250,short,179,124,55,69.3,434.5,1631.3,0.27
2.75,2.0,85,4,250,both,364,258,106,70.9,2286.2,1975.0,1.16
2.75,2.0,85,4,250,long,185,134,51,72.4,1832.9,1107.3,1.66
2.75,2.0,85,4,250,short,179,124,55,69.3,453.3,1629.8,0.28
2.75,2.0,95,1,250,both,366,257,109,70.2,2019.3,2063.5,0.98
2.75,2.0,95,1,250,long,187,133,54,71.1,1523.5,1195.8,1.27
2.75,2.0,95,1,250,short,179,124,55,69.3,495.8,1631.3,0.3
2.75,2.0,95,2,250,both,365,257,108,70.4,2123.7,2063.5,1.03
2.75,2.0,95,2,250,long,186,133,53,71.5,1627.9,1195.8,1.36
2.75,2.0,95,2,250,short,179,124,55,69.3,495.8,1631.3,0.3
2.75,2.0,95,3,250,both,364,256,108,70.3,2081.6,2063.5,1.01
2.75,2.0,95,3,250,long,186,133,53,71.5,1627.9,1195.8,1.36
2.75,2.0,95,3,250,short,178,123,55,69.1,453.7,1631.3,0.28
2.75,2.0,95,4,250,both,362,255,107,70.4,2266.6,2063.5,1.1
2.75,2.0,95,4,250,long,184,132,52,71.7,1794.1,1195.8,1.5
2.75,2.0,95,4,250,short,178,123,55,69.1,472.5,1629.8,0.29
2.75,0.5,55,1,300,both,431,230,201,53.4,2579.1,675.5,3.82
2.75,0.5,55,1,300,long,227,118,109,52.0,1438.2,647.0,2.22
2.75,0.5,55,1,300,short,204,112,92,54.9,1140.9,611.0,1.87
2.75,0.5,55,2,300,both,417,225,192,54.0,2840.5,675.5,4.21
2.75,0.5,55,2,300,long,218,116,102,53.2,1795.0,557.4,3.22
2.75,0.5,55,2,300,short,199,109,90,54.8,1045.5,704.7,1.48
2.75,0.5,55,3,300,both,412,221,191,53.6,2529.1,741.8,3.41
2.75,0.5,55,3,300,long,216,114,102,52.8,1659.9,557.4,2.98
2.75,0.5,55,3,300,short,196,107,89,54.6,869.2,815.3,1.07
2.75,0.5,55,4,300,both,411,221,190,53.8,2644.8,741.8,3.57
2.75,0.5,55,4,300,long,216,114,102,52.8,1659.9,557.4,2.98
2.75,0.5,55,4,300,short,195,107,88,54.9,984.9,815.3,1.21
2.75,0.5,65,1,300,both,426,217,209,50.9,1819.9,675.5,2.69
2.75,0.5,65,1,300,long,223,110,113,49.3,976.0,841.4,1.16
2.75,0.5,65,1,300,short,203,107,96,52.7,843.9,689.9,1.22
2.75,0.5,65,2,300,both,413,215,198,52.1,2271.6,724.6,3.13
2.75,0.5,65,2,300,long,215,110,105,51.2,1419.3,725.4,1.96
2.75,0.5,65,2,300,short,198,105,93,53.0,852.3,703.1,1.21
2.75,0.5,65,3,300,both,407,210,197,51.6,1745.6,835.2,2.09
2.75,0.5,65,3,300,long,212,107,105,50.5,1165.3,725.4,1.61
2.75,0.5,65,3,300,short,195,103,92,52.8,580.3,813.7,0.71
2.75,0.5,65,4,300,both,405,210,195,51.9,1919.3,835.2,2.3
2.75,0.5,65,4,300,long,211,107,104,50.7,1223.3,667.4,1.83
2.75,0.5,65,4,300,short,194,103,91,53.1,696.0,813.7,0.86
2.75,0.5,75,1,300,both,422,211,211,50.0,2143.8,675.5,3.17
2.75,0.5,75,1,300,long,222,110,112,49.5,1246.9,711.4,1.75
2.75,0.5,75,1,300,short,200,101,99,50.5,896.9,579.7,1.55
2.75,0.5,75,2,300,both,409,209,200,51.1,2513.2,675.5,3.72
2.75,0.5,75,2,300,long,214,110,104,51.4,1690.2,595.4,2.84
2.75,0.5,75,2,300,short,195,99,96,50.8,823.0,665.5,1.24
2.75,0.5,75,3,300,both,404,205,199,50.7,2174.2,725.6,3.0
2.75,0.5,75,3,300,long,211,107,104,50.7,1461.8,595.4,2.46
2.75,0.5,75,3,300,short,193,98,95,50.8,712.4,818.7,0.87
2.75,0.5,75,4,300,both,402,205,197,51.0,2349.4,725.6,3.24
2.75,0.5,75,4,300,long,210,107,103,51.0,1519.8,537.4,2.83
2.75,0.5,75,4,300,short,192,98,94,51.0,829.6,818.7,1.01
2.75,0.5,85,1,300,both,417,204,213,48.9,2767.1,728.4,3.8
2.75,0.5,85,1,300,long,218,105,113,48.2,1316.2,711.4,1.85
2.75,0.5,85,1,300,short,199,99,100,49.7,1450.9,559.0,2.6
2.75,0.5,85,2,300,both,406,201,205,49.5,2877.9,728.4,3.95
2.75,0.5,85,2,300,long,211,104,107,49.3,1558.9,595.4,2.62
2.75,0.5,85,2,300,short,195,97,98,49.7,1319.0,665.5,1.98
2.75,0.5,85,3,300,both,402,198,204,49.3,2541.7,778.5,3.26
2.75,0.5,85,3,300,long,209,102,107,48.8,1333.3,595.4,2.24
2.75,0.5,85,3,300,short,193,96,97,49.7,1208.4,818.7,1.48
2.75,0.5,85,4,300,both,400,198,202,49.5,2716.9,778.5,3.49
2.75,0.5,85,4,300,long,208,102,106,49.0,1391.3,537.4,2.59
2.75,0.5,85,4,300,short,192,96,96,50.0,1325.6,818.7,1.62
2.75,0.5,95,1,300,both,414,201,213,48.6,3050.9,728.4,4.19
2.75,0.5,95,1,300,long,216,103,113,47.7,1497.7,731.0,2.05
2.75,0.5,95,1,300,short,198,98,100,49.5,1553.2,559.0,2.78
2.75,0.5,95,2,300,both,405,198,207,48.9,3045.7,728.4,4.18
2.75,0.5,95,2,300,long,210,102,108,48.6,1682.4,615.0,2.74
2.75,0.5,95,2,300,short,195,96,99,49.2,1363.3,665.5,2.05
2.75,0.5,95,3,300,both,401,195,206,48.6,2709.5,778.5,3.48
2.75,0.5,95,3,300,long,208,100,108,48.1,1456.8,615.0,2.37
2.75,0.5,95,3,300,short,193,95,98,49.2,1252.7,818.7,1.53
2.75,0.5,95,4,300,both,398,194,204,48.7,2842.9,778.5,3.65
2.75,0.5,95,4,300,long,206,99,107,48.1,1473.0,598.8,2.46
2.75,0.5,95,4,300,short,192,95,97,49.5,1369.9,818.7,1.67
2.75,0.75,55,1,300,both,411,250,161,60.8,2738.4,730.7,3.75
2.75,0.75,55,1,300,long,213,131,82,61.5,2152.6,472.3,4.56
2.75,0.75,55,1,300,short,198,119,79,60.1,585.8,768.8,0.76
2.75,0.75,55,2,300,both,405,247,158,61.0,2744.1,673.7,4.07
2.75,0.75,55,2,300,long,210,130,80,61.9,2215.5,498.7,4.44
2.75,0.75,55,2,300,short,195,117,78,60.0,528.6,768.8,0.69
2.75,0.75,55,3,300,both,401,243,158,60.6,2329.7,842.3,2.77
2.75,0.75,55,3,300,long,208,128,80,61.5,2035.4,498.7,4.08
2.75,0.75,55,3,300,short,193,115,78,59.6,294.3,937.4,0.31
2.75,0.75,55,4,300,both,400,243,157,60.8,2437.0,842.3,2.89
2.75,0.75,55,4,300,long,208,128,80,61.5,2035.4,498.7,4.08
2.75,0.75,55,4,300,short,192,115,77,59.9,401.6,937.4,0.43
2.75,0.75,65,1,300,both,405,239,166,59.0,2407.5,849.1,2.84
2.75,0.75,65,1,300,long,208,123,85,59.1,1767.9,439.8,4.02
2.75,0.75,65,1,300,short,197,116,81,58.9,639.6,814.8,0.78
2.75,0.75,65,2,300,both,400,239,161,59.8,2653.5,792.1,3.35
2.75,0.75,65,2,300,long,206,124,82,60.2,1942.3,439.8,4.42
2.75,0.75,65,2,300,short,194,115,79,59.3,711.2,744.1,0.96
2.75,0.75,65,3,300,both,396,235,161,59.3,2143.4,960.7,2.23
2.75,0.75,65,3,300,long,204,122,82,59.8,1762.2,439.8,4.01
2.75,0.75,65,3,300,short,192,113,79,58.9,381.2,912.7,0.42
2.75,0.75,65,4,300,both,394,235,159,59.6,2333.7,960.7,2.43
2.75,0.75,65,4,300,long,203,122,81,60.1,1845.2,404.4,4.56
2.75,0.75,65,4,300,short,191,113,78,59.2,488.5,912.7,0.54
2.75,0.75,75,1,300,both,399,232,167,58.1,2618.9,833.1,3.14
2.75,0.75,75,1,300,long,207,122,85,58.9,1939.4,439.8,4.41
2.75,0.75,75,1,300,short,192,110,82,57.3,679.5,705.2,0.96
2.75,0.75,75,2,300,both,396,233,163,58.8,2876.3,776.1,3.71
2.75,0.75,75,2,300,long,205,123,82,60.0,2113.8,439.8,4.81
2.75,0.75,75,2,300,short,191,110,81,57.6,762.5,634.5,1.2
2.75,0.75,75,3,300,both,393,230,163,58.5,2553.2,944.7,2.7
2.75,0.75,75,3,300,long,203,121,82,59.6,1959.3,439.8,4.45
2.75,0.75,75,3,300,short,190,109,81,57.4,593.9,803.1,0.74
2.75,0.75,75,4,300,both,391,230,161,58.8,2745.0,944.7,2.91
2.75,0.75,75,4,300,long,202,121,81,59.9,2042.3,393.2,5.19
2.75,0.75,75,4,300,short,189,109,80,57.7,702.7,803.1,0.87
2.75,0.75,85,1,300,both,395,226,169,57.2,3125.7,791.1,3.95
2.75,0.75,85,1,300,long,203,118,85,58.1,2000.2,439.8,4.55
2.75,0.75,85,1,300,short,192,108,84,56.2,1125.5,632.6,1.78
2.75,0.75,85,2,300,both,393,226,167,57.5,3291.7,734.1,4.48
2.75,0.75,85,2,300,long,202,118,84,58.4,2083.2,439.8,4.74
2.75,0.75,85,2,300,short,191,108,83,56.5,1208.5,632.6,1.91
2.75,0.75,85,3,300,both,391,224,167,57.3,2971.4,902.7,3.29
2.75,0.75,85,3,300,long,201,117,84,58.2,1931.5,439.8,4.39
2.75,0.75,85,3,300,short,190,107,83,56.3,1039.9,801.2,1.3
2.75,0.75,85,4,300,both,389,224,165,57.6,3163.2,902.7,3.5
2.75,0.75,85,4,300,long,200,117,83,58.5,2014.5,368.9,5.46
2.75,0.75,85,4,300,short,189,107,82,56.6,1148.7,801.2,1.43
2.75,0.75,95,1,300,both,393,224,169,57.0,3439.0,724.5,4.75
2.75,0.75,95,1,300,long,202,117,85,57.9,2211.2,439.8,5.03
2.75,0.75,95,1,300,short,191,107,84,56.0,1227.8,632.6,1.94
2.75,0.75,95,2,300,both,393,224,169,57.0,3439.0,724.5,4.75
2.75,0.75,95,2,300,long,202,117,85,57.9,2211.2,439.8,5.03
2.75,0.75,95,2,300,short,191,107,84,56.0,1227.8,632.6,1.94
2.75,0.75,95,3,300,both,391,222,169,56.8,3118.7,893.1,3.49
2.75,0.75,95,3,300,long,201,116,85,57.7,2059.5,439.8,4.68
2.75,0.75,95,3,300,short,190,106,84,55.8,1059.2,801.2,1.32
2.75,0.75,95,4,300,both,388,221,167,57.0,3268.7,893.1,3.66
2.75,0.75,95,4,300,long,199,115,84,57.8,2100.7,368.9,5.69
2.75,0.75,95,4,300,short,189,106,83,56.1,1168.0,801.2,1.46
2.75,1.0,55,1,300,both,400,257,143,64.2,866.4,1442.2,0.6
2.75,1.0,55,1,300,long,207,136,71,65.7,1461.0,550.1,2.66
2.75,1.0,55,1,300,short,193,121,72,62.7,-594.6,1931.2,-0.31
2.75,1.0,55,2,300,both,394,254,140,64.5,913.1,1334.2,0.68
2.75,1.0,55,2,300,long,204,135,69,66.2,1539.9,585.5,2.63
2.75,1.0,55,2,300,short,190,119,71,62.6,-626.8,1964.7,-0.32
2.75,1.0,55,3,300,both,390,251,139,64.4,775.3,1334.2,0.58
2.75,1.0,55,3,300,long,202,133,69,65.8,1359.8,585.5,2.32
2.75,1.0,55,3,300,short,188,118,70,62.8,-584.5,1964.7,-0.3
2.75,1.0,55,4,300,both,390,251,139,64.4,799.6,1334.2,0.6
2.75,1.0,55,4,300,long,202,133,69,65.8,1359.8,585.5,2.32
2.75,1.0,55,4,300,short,188,118,70,62.8,-560.2,1964.7,-0.29
2.75,1.0,65,1,300,both,395,246,149,62.3,370.4,1906.3,0.19
2.75,1.0,65,1,300,long,202,127,75,62.9,890.5,651.3,1.37
2.75,1.0,65,1,300,short,193,119,74,61.7,-520.1,2024.4,-0.26
2.75,1.0,65,2,300,both,390,246,144,63.1,707.4,1798.3,0.39
2.75,1.0,65,2,300,long,200,128,72,64.0,1105.9,577.4,1.92
2.75,1.0,65,2,300,short,190,118,72,62.1,-398.5,1916.4,-0.21
2.75,1.0,65,3,300,both,386,243,143,63.0,473.9,1798.3,0.26
2.75,1.0,65,3,300,long,198,126,72,63.6,925.8,577.4,1.6
2.75,1.0,65,3,300,short,188,117,71,62.2,-451.9,1916.4,-0.24
2.75,1.0,65,4,300,both,385,243,142,63.1,606.2,1798.3,0.34
2.75,1.0,65,4,300,long,197,126,71,64.0,1033.8,573.9,1.8
2.75,1.0,65,4,300,short,188,117,71,62.2,-427.6,1916.4,-0.22
2.75,1.0,75,1,300,both,389,240,149,61.7,684.0,1796.2,0.38
2.75,1.0,75,1,300,long,201,126,75,62.7,1062.0,631.5,1.68
2.75,1.0,75,1,300,short,188,114,74,60.6,-378.0,1914.8,-0.2
2.75,1.0,75,2,300,both,386,241,145,62.4,1007.4,1688.2,0.6
2.75,1.0,75,2,300,long,199,127,72,63.8,1277.4,574.1,2.23
2.75,1.0,75,2,300,short,187,114,73,61.0,-270.0,1806.8,-0.15
2.75,1.0,75,3,300,both,383,239,144,62.4,960.9,1688.2,0.57
2.75,1.0,75,3,300,long,197,125,72,63.5,1122.9,574.1,1.96
2.75,1.0,75,3,300,short,186,114,72,61.3,-162.0,1806.8,-0.09
2.75,1.0,75,4,300,both,382,239,143,62.6,1094.7,1688.2,0.65
2.75,1.0,75,4,300,long,196,125,71,63.8,1230.9,574.1,2.14
2.75,1.0,75,4,300,short,186,114,72,61.3,-136.2,1806.8,-0.08
2.75,1.0,85,1,300,both,385,234,151,60.8,1046.7,1797.9,0.58
2.75,1.0,85,1,300,long,197,122,75,61.9,1122.8,617.3,1.82
2.75,1.0,85,1,300,short,188,112,76,59.6,-76.1,1582.4,-0.05
2.75,1.0,85,2,300,both,383,234,149,61.1,1253.7,1689.9,0.74
2.75,1.0,85,2,300,long,196,122,74,62.2,1221.8,574.1,2.13
2.75,1.0,85,2,300,short,187,112,75,59.9,31.9,1486.7,0.02
2.75,1.0,85,3,300,both,381,233,148,61.2,1210.0,1689.9,0.72
2.75,1.0,85,3,300,long,195,121,74,62.1,1070.1,574.1,1.86
2.75,1.0,85,3,300,short,186,112,74,60.2,139.9,1486.7,0.09
2.75,1.0,85,4,300,both,380,233,147,61.3,1343.8,1689.9,0.8
2.75,1.0,85,4,300,long,194,121,73,62.4,1178.1,574.1,2.05
2.75,1.0,85,4,300,short,186,112,74,60.2,165.7,1486.7,0.11
2.75,1.0,95,1,300,both,383,232,151,60.6,1360.0,1621.8,0.84
2.75,1.0,95,1,300,long,196,121,75,61.7,1333.8,589.9,2.26
2.75,1.0,95,1,300,short,187,111,76,59.4,26.2,1534.0,0.02
2.75,1.0,95,2,300,both,383,232,151,60.6,1351.0,1621.8,0.83
2.75,1.0,95,2,300,long,196,121,75,61.7,1324.8,589.9,2.25
2.75,1.0,95,2,300,short,187,111,76,59.4,26.2,1534.0,0.02
2.75,1.0,95,3,300,both,381,231,150,60.6,1307.3,1621.8,0.81
2.75,1.0,95,3,300,long,195,120,75,61.5,1173.1,589.9,1.99
2.75,1.0,95,3,300,short,186,111,75,59.7,134.2,1534.0,0.09
2.75,1.0,95,4,300,both,379,230,149,60.7,1399.3,1621.8,0.86
2.75,1.0,95,4,300,long,193,119,74,61.7,1239.3,589.9,2.1
2.75,1.0,95,4,300,short,186,111,75,59.7,160.0,1534.0,0.1
2.75,1.25,55,1,300,both,392,265,127,67.6,645.6,1955.3,0.33
2.75,1.25,55,1,300,long,204,141,63,69.1,1563.5,745.0,2.1
2.75,1.25,55,1,300,short,188,124,64,66.0,-917.9,2107.9,-0.44
2.75,1.25,55,2,300,both,387,263,124,68.0,914.6,1706.7,0.54
2.75,1.25,55,2,300,long,201,140,61,69.7,1676.4,625.3,2.68
2.75,1.25,55,2,300,short,186,123,63,66.1,-761.8,2107.9,-0.36
2.75,1.25,55,3,300,both,384,260,124,67.7,668.8,1706.7,0.39
2.75,1.25,55,3,300,long,199,138,61,69.3,1496.3,625.3,2.39
2.75,1.25,55,3,300,short,185,122,63,65.9,-827.5,2107.9,-0.39
2.75,1.25,55,4,300,both,383,260,123,67.9,826.1,1573.7,0.52
2.75,1.25,55,4,300,long,199,138,61,69.3,1496.3,625.3,2.39
2.75,1.25,55,4,300,short,184,122,62,66.3,-670.2,1974.9,-0.34
2.75,1.25,65,1,300,both,387,255,132,65.9,119.2,2299.3,0.05
2.75,1.25,65,1,300,long,199,133,66,66.8,1129.7,995.3,1.14
2.75,1.25,65,1,300,short,188,122,66,64.9,-1010.5,2238.5,-0.45
2.75,1.25,65,2,300,both,383,255,128,66.6,549.6,2050.7,0.27
2.75,1.25,65,2,300,long,197,134,63,68.0,1404.1,862.3,1.63
2.75,1.25,65,2,300,short,186,121,65,65.1,-854.5,2238.5,-0.38
2.75,1.25,65,3,300,both,380,252,128,66.3,208.1,2050.7,0.1
2.75,1.25,65,3,300,long,195,132,63,67.7,1224.0,862.3,1.42
2.75,1.25,65,3,300,short,185,120,65,64.9,-1015.9,2238.5,-0.45
2.75,1.25,65,4,300,both,378,252,126,66.7,498.4,1917.7,0.26
2.75,1.25,65,4,300,long,194,132,62,68.0,1357.0,862.3,1.57
2.75,1.25,65,4,300,short,184,120,64,65.2,-858.6,2105.5,-0.41
2.75,1.25,75,1,300,both,381,249,132,65.4,549.8,2119.9,0.26
2.75,1.25,75,1,300,long,198,132,66,66.7,1301.2,994.8,1.31
2.75,1.25,75,1,300,short,183,117,66,63.9,-751.4,2128.9,-0.35
2.75,1.25,75,2,300,both,379,250,129,66.0,824.6,1986.9,0.42
2.75,1.25,75,2,300,long,196,133,63,67.9,1575.6,861.8,1.83
2.75,1.25,75,2,300,short,183,117,66,63.9,-751.0,2128.9,-0.35
2.75,1.25,75,3,300,both,377,248,129,65.8,670.1,1986.9,0.34
2.75,1.25,75,3,300,long,194,131,63,67.5,1421.1,861.8,1.65
2.75,1.25,75,3,300,short,183,117,66,63.9,-751.0,2128.9,-0.35
2.75,1.25,75,4,300,both,375,248,127,66.1,961.9,1935.6,0.5
2.75,1.25,75,4,300,long,193,131,62,67.9,1554.1,861.8,1.8
2.75,1.25,75,4,300,short,182,117,65,64.3,-592.2,1995.9,-0.3
2.75,1.25,85,1,300,both,378,244,134,64.6,915.4,2095.2,0.44
2.75,1.25,85,1,300,long,195,129,66,66.2,1414.9,952.8,1.48
2.75,1.25,85,1,300,short,183,115,68,62.8,-499.5,1721.5,-0.29
2.75,1.25,85,2,300,both,377,244,133,64.7,1048.8,1962.2,0.53
2.75,1.25,85,2,300,long,194,129,65,66.5,1547.9,819.8,1.89
2.75,1.25,85,2,300,short,183,115,68,62.8,-499.1,1721.5,-0.29
2.75,1.25,85,3,300,both,376,243,133,64.6,897.1,1962.2,0.46
2.75,1.25,85,3,300,long,193,128,65,66.3,1396.2,819.8,1.7
2.75,1.25,85,3,300,short,183,115,68,62.8,-499.1,1721.5,-0.29
2.75,1.25,85,4,300,both,374,243,131,65.0,1188.9,1910.9,0.62
2.75,1.25,85,4,300,long,192,128,64,66.7,1529.2,819.8,1.87
2.75,1.25,85,4,300,short,182,115,67,63.2,-340.3,1588.5,-0.21
2.75,1.25,95,1,300,both,376,242,134,64.4,1180.3,1919.1,0.62
2.75,1.25,95,1,300,long,194,128,66,66.0,1625.9,776.7,2.09
2.75,1.25,95,1,300,short,182,114,68,62.6,-445.6,1721.5,-0.26
2.75,1.25,95,2,300,both,376,242,134,64.4,1180.7,1919.1,0.62
2.75,1.25,95,2,300,long,194,128,66,66.0,1625.9,776.7,2.09
2.75,1.25,95,2,300,short,182,114,68,62.6,-445.2,1721.5,-0.26
2.75,1.25,95,3,300,both,375,241,134,64.3,1029.0,1919.1,0.54
2.75,1.25,95,3,300,long,193,127,66,65.8,1474.2,776.7,1.9
2.75,1.25,95,3,300,short,182,114,68,62.6,-445.2,1721.5,-0.26
2.75,1.25,95,4,300,both,372,240,132,64.5,1279.0,1867.8,0.68
2.75,1.25,95,4,300,long,191,126,65,66.0,1565.4,776.7,2.02
2.75,1.25,95,4,300,short,181,114,67,63.0,-286.4,1588.5,-0.18
2.75,1.5,55,1,300,both,388,270,118,69.6,1141.3,2049.4,0.56
2.75,1.5,55,1,300,long,203,145,58,71.4,1716.3,883.1,1.94
2.75,1.5,55,1,300,short,185,125,60,67.6,-575.0,2008.7,-0.29
2.75,1.5,55,2,300,both,383,269,114,70.2,1611.5,1882.6,0.86
2.75,1.5,55,2,300,long,200,144,56,72.0,1854.2,725.1,2.56
2.75,1.5,55,2,300,short,183,125,58,68.3,-242.7,1885.6,-0.13
2.75,1.5,55,3,300,both,380,267,113,70.3,1675.4,1724.6,0.97
2.75,1.5,55,3,300,long,199,143,56,71.9,1825.8,725.1,2.52
2.75,1.5,55,3,300,short,181,124,57,68.5,-150.4,1727.6,-0.09
2.75,1.5,55,4,300,both,379,267,112,70.4,1857.7,1566.6,1.19
2.75,1.5,55,4,300,long,199,143,56,71.9,1825.8,725.1,2.52
2.75,1.5,55,4,300,short,180,124,56,68.9,31.9,1569.6,0.02
2.75,1.5,65,1,300,both,383,260,123,67.9,514.9,2443.4,0.21
2.75,1.5,65,1,300,long,198,137,61,69.2,1232.5,1140.0,1.08
2.75,1.5,65,1,300,short,185,123,62,66.5,-717.6,2164.3,-0.33
2.75,1.5,65,2,300,both,379,261,118,68.9,1171.5,2258.1,0.52
2.75,1.5,65,2,300,long,196,138,58,70.4,1556.9,982.0,1.59
2.75,1.5,65,2,300,short,183,123,60,67.2,-385.4,2033.8,-0.19
2.75,1.5,65,3,300,both,376,259,117,68.9,1139.7,2112.9,0.54
2.75,1.5,65,3,300,long,195,137,58,70.3,1528.5,982.0,1.56
2.75,1.5,65,3,300,short,181,122,59,67.4,-388.8,1875.8,-0.21
2.75,1.5,65,4,300,both,374,259,115,69.3,1480.0,1954.9,0.76
2.75,1.5,65,4,300,long,194,137,57,70.6,1686.5,982.0,1.72
2.75,1.5,65,4,300,short,180,122,58,67.8,-206.5,1717.8,-0.12
2.75,1.5,75,1,300,both,377,254,123,67.4,714.8,2377.7,0.3
2.75,1.5,75,1,300,long,197,136,61,69.0,1404.0,1139.5,1.23
2.75,1.5,75,1,300,short,180,118,62,65.6,-689.2,2054.7,-0.34
2.75,1.5,75,2,300,both,375,256,119,68.3,1421.5,2219.7,0.64
2.75,1.5,75,2,300,long,195,137,58,70.3,1728.4,981.5,1.76
2.75,1.5,75,2,300,short,180,119,61,66.1,-306.9,1924.2,-0.16
2.75,1.5,75,3,300,both,373,255,118,68.4,1576.7,2082.4,0.76
2.75,1.5,75,3,300,long,194,136,58,70.1,1725.6,981.5,1.76
2.75,1.5,75,3,300,short,179,119,60,66.5,-148.9,1766.2,-0.08
2.75,1.5,75,4,300,both,371,255,116,68.7,1918.5,1922.9,1.0
2.75,1.5,75,4,300,long,193,136,57,70.5,1883.6,981.5,1.92
2.75,1.5,75,4,300,short,178,119,59,66.9,34.9,1608.2,0.02
2.75,1.5,85,1,300,both,374,250,124,66.8,1412.7,2378.0,0.59
2.75,1.5,85,1,300,long,194,133,61,68.6,1517.7,1097.5,1.38
2.75,1.5,85,1,300,short,180,117,63,65.0,-105.0,1680.2,-0.06
2.75,1.5,85,2,300,both,373,250,123,67.0,1570.7,2220.0,0.71
2.75,1.5,85,2,300,long,193,133,60,68.9,1675.7,939.5,1.78
2.75,1.5,85,2,300,short,180,117,63,65.0,-105.0,1680.2,-0.06
2.75,1.5,85,3,300,both,372,250,122,67.2,1728.7,2082.7,0.83
2.75,1.5,85,3,300,long,193,133,60,68.9,1675.7,939.5,1.78
2.75,1.5,85,3,300,short,179,117,62,65.4,53.0,1522.2,0.03
2.75,1.5,85,4,300,both,370,250,120,67.6,2070.5,1923.2,1.08
2.75,1.5,85,4,300,long,192,133,59,69.3,1833.7,939.5,1.95
2.75,1.5,85,4,300,short,178,117,61,65.7,236.8,1362.7,0.17
2.75,1.5,95,1,300,both,372,248,124,66.7,1677.6,2201.9,0.76
2.75,1.5,95,1,300,long,193,132,61,68.4,1728.7,924.7,1.87
2.75,1.5,95,1,300,short,179,116,63,64.8,-51.1,1680.2,-0.03
2.75,1.5,95,2,300,both,372,248,124,66.7,1677.6,2201.9,0.76
2.75,1.5,95,2,300,long,193,132,61,68.4,1728.7,924.7,1.87
2.75,1.5,95,2,300,short,179,116,63,64.8,-51.1,1680.2,-0.03
2.75,1.5,95,3,300,both,371,248,123,66.8,1835.6,2064.6,0.89
2.75,1.5,95,3,300,long,193,132,61,68.4,1728.7,924.7,1.87
2.75,1.5,95,3,300,short,178,116,62,65.2,106.9,1522.2,0.07
2.75,1.5,95,4,300,both,368,247,121,67.1,2135.6,1905.1,1.12
2.75,1.5,95,4,300,long,191,131,60,68.6,1844.9,924.7,2.0
2.75,1.5,95,4,300,short,177,116,61,65.5,290.7,1362.7,0.21
2.75,2.0,55,1,300,both,380,275,105,72.4,1235.9,2322.9,0.53
2.75,2.0,55,1,300,long,199,145,54,72.9,1155.4,1247.5,0.93
2.75,2.0,55,1,300,short,181,130,51,71.8,80.5,1797.6,0.04
2.75,2.0,55,2,300,both,374,273,101,73.0,1405.3,2223.5,0.63
2.75,2.0,55,2,300,long,195,144,51,73.8,1339.1,1148.1,1.17
2.75,2.0,55,2,300,short,179,129,50,72.1,66.2,1797.6,0.04
2.75,2.0,55,3,300,both,371,270,101,72.8,1269.1,2223.5,0.57
2.75,2.0,55,3,300,long,194,143,51,73.7,1310.7,1148.1,1.14
2.75,2.0,55,3,300,short,177,127,50,71.8,-41.6,1839.7,-0.02
2.75,2.0,55,4,300,both,371,270,101,72.8,1293.4,2223.5,0.58
2.75,2.0,55,4,300,long,194,143,51,73.7,1310.7,1148.1,1.14
2.75,2.0,55,4,300,short,177,127,50,71.8,-17.3,1839.7,-0.01
2.75,2.0,65,1,300,both,376,266,110,70.7,856.6,2626.8,0.33
2.75,2.0,65,1,300,long,195,138,57,70.8,833.0,1513.9,0.55
2.75,2.0,65,1,300,short,181,128,53,70.7,23.6,1810.1,0.01
2.75,2.0,65,2,300,both,371,265,106,71.4,1002.5,2527.4,0.4
2.75,2.0,65,2,300,long,192,138,54,71.9,993.3,1414.5,0.7
2.75,2.0,65,2,300,short,179,127,52,70.9,9.2,1810.1,0.01
2.75,2.0,65,3,300,both,368,262,106,71.2,770.6,2527.4,0.3
2.75,2.0,65,3,300,long,191,137,54,71.7,964.9,1414.5,0.68
2.75,2.0,65,3,300,short,177,125,52,70.6,-194.3,1852.2,-0.1
2.75,2.0,65,4,300,both,367,262,105,71.4,1002.9,2527.4,0.4
2.75,2.0,65,4,300,long,190,137,53,72.1,1172.9,1414.5,0.83
2.75,2.0,65,4,300,short,177,125,52,70.6,-170.0,1852.2,-0.09
2.75,2.0,75,1,300,both,370,260,110,70.3,1150.2,2516.7,0.46
2.75,2.0,75,1,300,long,194,137,57,70.6,1004.5,1450.1,0.69
2.75,2.0,75,1,300,short,176,123,53,69.9,145.7,1700.5,0.09
2.75,2.0,75,2,300,both,367,260,107,70.8,1346.2,2417.3,0.56
2.75,2.0,75,2,300,long,191,137,54,71.7,1164.8,1350.7,0.86
2.75,2.0,75,2,300,short,176,123,53,69.9,181.4,1700.5,0.11
2.75,2.0,75,3,300,both,365,258,107,70.7,1301.3,2417.3,0.54
2.75,2.0,75,3,300,long,190,136,54,71.6,1162.0,1350.7,0.86
2.75,2.0,75,3,300,short,175,122,53,69.7,139.3,1742.6,0.08
2.75,2.0,75,4,300,both,364,258,106,70.9,1535.1,2417.3,0.64
2.75,2.0,75,4,300,long,189,136,53,72.0,1370.0,1350.7,1.01
2.75,2.0,75,4,300,short,175,122,53,69.7,165.1,1742.6,0.09
2.75,2.0,85,1,300,both,367,254,113,69.2,1202.2,2512.0,0.48
2.75,2.0,85,1,300,long,191,133,58,69.6,858.3,1408.1,0.61
2.75,2.0,85,1,300,short,176,121,55,68.8,343.9,1631.3,0.21
2.75,2.0,85,2,300,both,365,254,111,69.6,1406.0,2412.6,0.58
2.75,2.0,85,2,300,long,189,133,56,70.4,1062.1,1308.7,0.81
2.75,2.0,85,2,300,short,176,121,55,68.8,343.9,1631.3,0.21
2.75,2.0,85,3,300,both,364,253,111,69.5,1363.9,2412.6,0.57
2.75,2.0,85,3,300,long,189,133,56,70.4,1062.1,1308.7,0.81
2.75,2.0,85,3,300,short,175,120,55,68.6,301.8,1631.3,0.19
2.75,2.0,85,4,300,both,363,253,110,69.7,1597.7,2411.1,0.66
2.75,2.0,85,4,300,long,188,133,55,70.7,1270.1,1308.7,0.97
2.75,2.0,85,4,300,short,175,120,55,68.6,327.6,1629.8,0.2
2.75,2.0,95,1,300,both,365,252,113,69.0,1358.5,2444.5,0.56
2.75,2.0,95,1,300,long,190,132,58,69.5,960.7,1340.6,0.72
2.75,2.0,95,1,300,short,175,120,55,68.6,397.8,1631.3,0.24
2.75,2.0,95,2,300,both,364,252,112,69.2,1462.9,2444.5,0.6
2.75,2.0,95,2,300,long,189,132,57,69.8,1065.1,1340.6,0.79
2.75,2.0,95,2,300,short,175,120,55,68.6,397.8,1631.3,0.24
2.75,2.0,95,3,300,both,363,251,112,69.1,1420.8,2444.5,0.58
2.75,2.0,95,3,300,long,189,132,57,69.8,1065.1,1340.6,0.79
2.75,2.0,95,3,300,short,174,119,55,68.4,355.7,1631.3,0.22
2.75,2.0,95,4,300,both,361,250,111,69.3,1612.8,2443.0,0.66
2.75,2.0,95,4,300,long,187,131,56,70.1,1231.3,1340.6,0.92
2.75,2.0,95,4,300,short,174,119,55,68.4,381.5,1629.8,0.23
3.0,0.5,55,1,100,both,268,141,127,52.6,2278.1,661.8,3.44
3.0,0.5,55,1,100,long,150,85,65,56.7,2530.9,372.1,6.8
3.0,0.5,55,1,100,short,118,56,62,47.5,-252.8,906.9,-0.28
3.0,0.5,55,2,100,both,264,141,123,53.4,2438.1,603.8,4.04
3.0,0.5,55,2,100,long,148,86,62,58.1,2741.2,314.1,8.73
3.0,0.5,55,2,100,short,116,55,61,47.4,-303.1,906.9,-0.33
3.0,0.5,55,3,100,both,263,140,123,53.2,2395.5,603.8,3.97
3.0,0.5,55,3,100,long,147,85,62,57.8,2698.6,314.1,8.59
3.0,0.5,55,3,100,short,116,55,61,47.4,-303.1,906.9,-0.33
3.0,0.5,55,4,100,both,263,140,123,53.2,2395.5,603.8,3.97
3.0,0.5,55,4,100,long,147,85,62,57.8,2698.6,314.1,8.59
3.0,0.5,55,4,100,short,116,55,61,47.4,-303.1,906.9,-0.33
3.0,0.5,65,1,100,both,266,137,129,51.5,2360.9,661.8,3.57
3.0,0.5,65,1,100,long,148,82,66,55.4,2594.3,315.7,8.22
3.0,0.5,65,1,100,short,118,55,63,46.6,-233.4,906.9,-0.26
3.0,0.5,65,2,100,both,262,137,125,52.3,2502.7,603.8,4.14
3.0,0.5,65,2,100,long,146,83,63,56.8,2786.4,278.0,10.02
3.0,0.5,65,2,100,short,116,54,62,46.6,-283.7,906.9,-0.31
3.0,0.5,65,3,100,both,261,136,125,52.1,2460.1,603.8,4.07
3.0,0.5,65,3,100,long,145,82,63,56.6,2743.8,278.0,9.87
3.0,0.5,65,3,100,short,116,54,62,46.6,-283.7,906.9,-0.31
3.0,0.5,65,4,100,both,261,136,125,52.1,2460.1,603.8,4.07
3.0,0.5,65,4,100,long,145,82,63,56.6,2743.8,278.0,9.87
3.0,0.5,65,4,100,short,116,54,62,46.6,-283.7,906.9,-0.31
3.0,0.5,75,1,100,both,262,132,130,50.4,3002.0,661.8,4.54
3.0,0.5,75,1,100,long,145,78,67,53.8,2798.7,278.3,10.06
3.0,0.5,75,1,100,short,117,54,63,46.2,203.3,874.9,0.23
3.0,0.5,75,2,100,both,258,131,127,50.8,3067.7,603.8,5.08
3.0,0.5,75,2,100,long,143,78,65,54.5,2914.7,278.0,10.48
3.0,0.5,75,2,100,short,115,53,62,46.1,153.0,816.9,0.19
3.0,0.5,75,3,100,both,258,131,127,50.8,3067.7,603.8,5.08
3.0,0.5,75,3,100,long,143,78,65,54.5,2914.7,278.0,10.48
3.0,0.5,75,3,100,short,115,53,62,46.1,153.0,816.9,0.19
3.0,0.5,75,4,100,both,258,131,127,50.8,3067.7,603.8,5.08
3.0,0.5,75,4,100,long,143,78,65,54.5,2914.7,278.0,10.48
3.0,0.5,75,4,100,short,115,53,62,46.1,153.0,816.9,0.19
3.0,0.5,85,1,100,both,261,130,131,49.8,3391.5,621.5,5.46
3.0,0.5,85,1,100,long,144,77,67,53.5,3049.0,277.2,11.0
3.0,0.5,85,1,100,short,117,53,64,45.3,342.5,735.3,0.47
3.0,0.5,85,2,100,both,258,129,129,50.0,3399.2,621.5,5.47
3.0,0.5,85,2,100,long,143,77,66,53.8,3107.0,277.2,11.21
3.0,0.5,85,2,100,short,115,52,63,45.2,292.2,677.3,0.43
3.0,0.5,85,3,100,both,258,129,129,50.0,3399.2,621.5,5.47
3.0,0.5,85,3,100,long,143,77,66,53.8,3107.0,277.2,11.21
3.0,0.5,85,3,100,short,115,52,63,45.2,292.2,677.3,0.43
3.0,0.5,85,4,100,both,258,129,129,50.0,3399.2,621.5,5.47
3.0,0.5,85,4,100,long,143,77,66,53.8,3107.0,277.2,11.21
3.0,0.5,85,4,100,short,115,52,63,45.2,292.2,677.3,0.43
3.0,0.5,95,1,100,both,261,129,132,49.4,3375.0,600.7,5.62
3.0,0.5,95,1,100,long,144,77,67,53.5,3087.0,277.2,11.14
3.0,0.5,95,1,100,short,117,52,65,44.4,288.0,714.5,0.4
3.0,0.5,95,2,100,both,258,128,130,49.6,3382.7,600.7,5.63
3.0,0.5,95,2,100,long,143,77,66,53.8,3145.0,277.2,11.35
3.0,0.5,95,2,100,short,115,51,64,44.3,237.7,656.5,0.36
3.0,0.5,95,3,100,both,258,128,130,49.6,3382.7,600.7,5.63
3.0,0.5,95,3,100,long,143,77,66,53.8,3145.0,277.2,11.35
3.0,0.5,95,3,100,short,115,51,64,44.3,237.7,656.5,0.36
3.0,0.5,95,4,100,both,258,128,130,49.6,3382.7,600.7,5.63
3.0,0.5,95,4,100,long,143,77,66,53.8,3145.0,277.2,11.35
3.0,0.5,95,4,100,short,115,51,64,44.3,237.7,656.5,0.36
3.0,0.75,55,1,100,both,266,162,104,60.9,2356.9,873.9,2.7
3.0,0.75,55,1,100,long,150,97,53,64.7,2654.6,359.3,7.39
3.0,0.75,55,1,100,short,116,65,51,56.0,-297.7,862.4,-0.35
3.0,0.75,55,2,100,both,262,161,101,61.5,2530.3,790.9,3.2
3.0,0.75,55,2,100,long,148,97,51,65.5,2853.3,342.1,8.34
3.0,0.75,55,2,100,short,114,64,50,56.1,-323.0,862.4,-0.37
3.0,0.75,55,3,100,both,261,160,101,61.3,2487.7,790.9,3.15
3.0,0.75,55,3,100,long,147,96,51,65.3,2810.7,342.1,8.22
3.0,0.75,55,3,100,short,114,64,50,56.1,-323.0,862.4,-0.37
3.0,0.75,55,4,100,both,261,160,101,61.3,2487.7,790.9,3.15
3.0,0.75,55,4,100,long,147,96,51,65.3,2810.7,342.1,8.22
3.0,0.75,55,4,100,short,114,64,50,56.1,-323.0,862.4,-0.37
3.0,0.75,65,1,100,both,263,157,106,59.7,2313.3,920.4,2.51
3.0,0.75,65,1,100,long,148,94,54,63.5,2714.9,480.4,5.65
3.0,0.75,65,1,100,short,115,63,52,54.8,-401.6,862.4,-0.47
3.0,0.75,65,2,100,both,260,157,103,60.4,2576.8,920.4,2.8
3.0,0.75,65,2,100,long,146,94,52,64.4,2895.4,480.4,6.03
3.0,0.75,65,2,100,short,114,63,51,55.3,-318.6,862.4,-0.37
3.0,0.75,65,3,100,both,259,156,103,60.2,2534.2,920.4,2.75
3.0,0.75,65,3,100,long,145,93,52,64.1,2852.8,480.4,5.94
3.0,0.75,65,3,100,short,114,63,51,55.3,-318.6,862.4,-0.37
3.0,0.75,65,4,100,both,259,156,103,60.2,2534.2,920.4,2.75
3.0,0.75,65,4,100,long,145,93,52,64.1,2852.8,480.4,5.94
3.0,0.75,65,4,100,short,114,63,51,55.3,-318.6,862.4,-0.37
3.0,0.75,75,1,100,both,258,153,105,59.3,3126.3,848.0,3.69
3.0,0.75,75,1,100,long,145,91,54,62.8,2992.3,468.9,6.38
3.0,0.75,75,1,100,short,113,62,51,54.9,134.0,772.4,0.17
3.0,0.75,75,2,100,both,256,153,103,59.8,3292.3,818.9,4.02
3.0,0.75,75,2,100,long,143,91,52,63.6,3158.3,468.9,6.74
3.0,0.75,75,2,100,short,113,62,51,54.9,134.0,772.4,0.17
3.0,0.75,75,3,100,both,256,153,103,59.8,3292.3,818.9,4.02
3.0,0.75,75,3,100,long,143,91,52,63.6,3158.3,468.9,6.74
3.0,0.75,75,3,100,short,113,62,51,54.9,134.0,772.4,0.17
3.0,0.75,75,4,100,both,256,153,103,59.8,3292.3,818.9,4.02
3.0,0.75,75,4,100,long,143,91,52,63.6,3158.3,468.9,6.74
3.0,0.75,75,4,100,short,113,62,51,54.9,134.0,772.4,0.17
3.0,0.75,85,1,100,both,257,151,106,58.8,3490.8,818.9,4.26
3.0,0.75,85,1,100,long,144,90,54,62.5,3242.6,468.9,6.92
3.0,0.75,85,1,100,short,113,61,52,54.0,248.2,699.6,0.35
3.0,0.75,85,2,100,both,256,151,105,59.0,3573.8,818.9,4.36
3.0,0.75,85,2,100,long,143,90,53,62.9,3325.6,468.9,7.09
3.0,0.75,85,2,100,short,113,61,52,54.0,248.2,699.6,0.35
3.0,0.75,85,3,100,both,256,151,105,59.0,3573.8,818.9,4.36
3.0,0.75,85,3,100,long,143,90,53,62.9,3325.6,468.9,7.09
3.0,0.75,85,3,100,short,113,61,52,54.0,248.2,699.6,0.35
3.0,0.75,85,4,100,both,256,151,105,59.0,3573.8,818.9,4.36
3.0,0.75,85,4,100,long,143,90,53,62.9,3325.6,468.9,7.09
3.0,0.75,85,4,100,short,113,61,52,54.0,248.2,699.6,0.35
3.0,0.75,95,1,100,both,257,151,106,58.8,3817.1,818.9,4.66
3.0,0.75,95,1,100,long,144,91,53,63.2,3336.4,468.9,7.12
3.0,0.75,95,1,100,short,113,60,53,53.1,480.7,678.8,0.71
3.0,0.75,95,2,100,both,256,151,105,59.0,3900.1,818.9,4.76
3.0,0.75,95,2,100,long,143,91,52,63.6,3419.4,468.9,7.29
3.0,0.75,95,2,100,short,113,60,53,53.1,480.7,678.8,0.71
3.0,0.75,95,3,100,both,256,151,105,59.0,3900.1,818.9,4.76
3.0,0.75,95,3,100,long,143,91,52,63.6,3419.4,468.9,7.29
3.0,0.75,95,3,100,short,113,60,53,53.1,480.7,678.8,0.71
3.0,0.75,95,4,100,both,256,151,105,59.0,3900.1,818.9,4.76
3.0,0.75,95,4,100,long,143,91,52,63.6,3419.4,468.9,7.29
3.0,0.75,95,4,100,short,113,60,53,53.1,480.7,678.8,0.71
3.0,1.0,55,1,100,both,263,170,93,64.6,1973.5,920.1,2.14
3.0,1.0,55,1,100,long,148,101,47,68.2,2613.2,534.3,4.89
3.0,1.0,55,1,100,short,115,69,46,60.0,-639.7,994.6,-0.64
3.0,1.0,55,2,100,both,259,169,90,65.3,2221.9,820.1,2.71
3.0,1.0,55,2,100,long,146,101,45,69.2,2861.9,482.5,5.93
3.0,1.0,55,2,100,short,113,68,45,60.2,-640.0,994.6,-0.64
3.0,1.0,55,3,100,both,258,168,90,65.1,2179.3,820.1,2.66
3.0,1.0,55,3,100,long,145,100,45,69.0,2819.3,482.5,5.84
3.0,1.0,55,3,100,short,113,68,45,60.2,-640.0,994.6,-0.64
3.0,1.0,55,4,100,both,258,168,90,65.1,2179.3,820.1,2.66
3.0,1.0,55,4,100,long,145,100,45,69.0,2819.3,482.5,5.84
3.0,1.0,55,4,100,short,113,68,45,60.2,-640.0,994.6,-0.64
3.0,1.0,65,1,100,both,260,166,94,63.8,1986.0,992.0,2.0
3.0,1.0,65,1,100,long,146,98,48,67.1,2623.5,654.4,4.01
3.0,1.0,65,1,100,short,114,68,46,59.6,-637.5,994.6,-0.64
3.0,1.0,65,2,100,both,257,166,91,64.6,2324.5,992.0,2.34
3.0,1.0,65,2,100,long,144,98,46,68.1,2854.0,654.4,4.36
3.0,1.0,65,2,100,short,113,68,45,60.2,-529.5,994.6,-0.53
3.0,1.0,65,3,100,both,256,165,91,64.5,2281.9,992.0,2.3
3.0,1.0,65,3,100,long,143,97,46,67.8,2811.4,654.4,4.3
3.0,1.0,65,3,100,short,113,68,45,60.2,-529.5,994.6,-0.53
3.0,1.0,65,4,100,both,256,165,91,64.5,2281.9,992.0,2.3
3.0,1.0,65,4,100,long,143,97,46,67.8,2811.4,654.4,4.3
3.0,1.0,65,4,100,short,113,68,45,60.2,-529.5,994.6,-0.53
3.0,1.0,75,1,100,both,256,163,93,63.7,2883.7,894.2,3.22
3.0,1.0,75,1,100,long,144,96,48,66.7,2960.6,583.2,5.08
3.0,1.0,75,1,100,short,112,67,45,59.8,-76.9,904.6,-0.09
3.0,1.0,75,2,100,both,254,163,91,64.2,3099.7,830.8,3.73
3.0,1.0,75,2,100,long,142,96,46,67.6,3176.6,583.2,5.45
3.0,1.0,75,2,100,short,112,67,45,59.8,-76.9,904.6,-0.09
3.0,1.0,75,3,100,both,254,163,91,64.2,3099.7,830.8,3.73
3.0,1.0,75,3,100,long,142,96,46,67.6,3176.6,583.2,5.45
3.0,1.0,75,3,100,short,112,67,45,59.8,-76.9,904.6,-0.09
3.0,1.0,75,4,100,both,254,163,91,64.2,3099.7,830.8,3.73
3.0,1.0,75,4,100,long,142,96,46,67.6,3176.6,583.2,5.45
3.0,1.0,75,4,100,short,112,67,45,59.8,-76.9,904.6,-0.09
3.0,1.0,85,1,100,both,255,161,94,63.1,3223.2,853.9,3.77
3.0,1.0,85,1,100,long,143,95,48,66.4,3210.9,583.2,5.51
3.0,1.0,85,1,100,short,112,66,46,58.9,12.3,806.7,0.02
3.0,1.0,85,2,100,both,254,161,93,63.4,3331.2,853.9,3.9
3.0,1.0,85,2,100,long,142,95,47,66.9,3318.9,583.2,5.69
3.0,1.0,85,2,100,short,112,66,46,58.9,12.3,806.7,0.02
3.0,1.0,85,3,100,both,254,161,93,63.4,3331.2,853.9,3.9
3.0,1.0,85,3,100,long,142,95,47,66.9,3318.9,583.2,5.69
3.0,1.0,85,3,100,short,112,66,46,58.9,12.3,806.7,0.02
3.0,1.0,85,4,100,both,254,161,93,63.4,3331.2,853.9,3.9
3.0,1.0,85,4,100,long,142,95,47,66.9,3318.9,583.2,5.69
3.0,1.0,85,4,100,short,112,66,46,58.9,12.3,806.7,0.02
3.0,1.0,95,1,100,both,255,161,94,63.1,3524.5,833.1,4.23
3.0,1.0,95,1,100,long,143,96,47,67.1,3304.7,583.2,5.67
3.0,1.0,95,1,100,short,112,65,47,58.0,219.8,785.9,0.28
3.0,1.0,95,2,100,both,254,161,93,63.4,3632.5,833.1,4.36
3.0,1.0,95,2,100,long,142,96,46,67.6,3412.7,583.2,5.85
3.0,1.0,95,2,100,short,112,65,47,58.0,219.8,785.9,0.28
3.0,1.0,95,3,100,both,254,161,93,63.4,3632.5,833.1,4.36
3.0,1.0,95,3,100,long,142,96,46,67.6,3412.7,583.2,5.85
3.0,1.0,95,3,100,short,112,65,47,58.0,219.8,785.9,0.28
3.0,1.0,95,4,100,both,254,161,93,63.4,3632.5,833.1,4.36
3.0,1.0,95,4,100,long,142,96,46,67.6,3412.7,583.2,5.85
3.0,1.0,95,4,100,short,112,65,47,58.0,219.8,785.9,0.28
3.0,1.25,55,1,100,both,262,174,88,66.4,1431.3,1270.1,1.13
3.0,1.25,55,1,100,long,148,104,44,70.3,2324.9,707.5,3.29
3.0,1.25,55,1,100,short,114,70,44,61.4,-893.6,1224.7,-0.73
3.0,1.25,55,2,100,both,258,173,85,67.1,1754.7,1137.1,1.54
3.0,1.25,55,2,100,long,146,104,42,71.2,2623.6,707.5,3.71
3.0,1.25,55,2,100,short,112,69,43,61.6,-868.9,1176.6,-0.74
3.0,1.25,55,3,100,both,257,172,85,66.9,1712.1,1137.1,1.51
3.0,1.25,55,3,100,long,145,103,42,71.0,2581.0,707.5,3.65
3.0,1.25,55,3,100,short,112,69,43,61.6,-868.9,1176.6,-0.74
3.0,1.25,55,4,100,both,257,172,85,66.9,1712.1,1137.1,1.51
3.0,1.25,55,4,100,long,145,103,42,71.0,2581.0,707.5,3.65
3.0,1.25,55,4,100,short,112,69,43,61.6,-868.9,1176.6,-0.74
3.0,1.25,65,1,100,both,259,170,89,65.6,1393.8,1380.9,1.01
3.0,1.25,65,1,100,long,146,101,45,69.2,2285.2,904.4,2.53
3.0,1.25,65,1,100,short,113,69,44,61.1,-891.4,1213.4,-0.73
3.0,1.25,65,2,100,both,256,170,86,66.4,1807.3,1247.9,1.45
3.0,1.25,65,2,100,long,144,101,43,70.1,2565.7,904.4,2.84
3.0,1.25,65,2,100,short,112,69,43,61.6,-758.4,1165.3,-0.65
3.0,1.25,65,3,100,both,255,169,86,66.3,1764.7,1247.9,1.41
3.0,1.25,65,3,100,long,143,100,43,69.9,2523.1,904.4,2.79
3.0,1.25,65,3,100,short,112,69,43,61.6,-758.4,1165.3,-0.65
3.0,1.25,65,4,100,both,255,169,86,66.3,1764.7,1247.9,1.41
3.0,1.25,65,4,100,long,143,100,43,69.9,2523.1,904.4,2.79
3.0,1.25,65,4,100,short,112,69,43,61.6,-758.4,1165.3,-0.65
3.0,1.25,75,1,100,both,255,167,88,65.5,2316.5,1244.2,1.86
3.0,1.25,75,1,100,long,144,99,45,68.8,2622.3,833.2,3.15
3.0,1.25,75,1,100,short,111,68,43,61.3,-305.8,1075.3,-0.28
3.0,1.25,75,2,100,both,253,167,86,66.0,2582.5,1111.2,2.32
3.0,1.25,75,2,100,long,142,99,43,69.7,2888.3,833.2,3.47
3.0,1.25,75,2,100,short,111,68,43,61.3,-305.8,1075.3,-0.28
3.0,1.25,75,3,100,both,253,167,86,66.0,2582.5,1111.2,2.32
3.0,1.25,75,3,100,long,142,99,43,69.7,2888.3,833.2,3.47
3.0,1.25,75,3,100,short,111,68,43,61.3,-305.8,1075.3,-0.28
3.0,1.25,75,4,100,both,253,167,86,66.0,2582.5,1111.2,2.32
3.0,1.25,75,4,100,long,142,99,43,69.7,2888.3,833.2,3.47
3.0,1.25,75,4,100,short,111,68,43,61.3,-305.8,1075.3,-0.28
3.0,1.25,85,1,100,both,254,165,89,65.0,2631.0,1203.9,2.19
3.0,1.25,85,1,100,long,143,98,45,68.5,2872.6,833.2,3.45
3.0,1.25,85,1,100,short,111,67,44,60.4,-241.6,1006.7,-0.24
3.0,1.25,85,2,100,both,253,165,88,65.2,2764.0,1203.9,2.3
3.0,1.25,85,2,100,long,142,98,44,69.0,3005.6,833.2,3.61
3.0,1.25,85,2,100,short,111,67,44,60.4,-241.6,1006.7,-0.24
3.0,1.25,85,3,100,both,253,165,88,65.2,2764.0,1203.9,2.3
3.0,1.25,85,3,100,long,142,98,44,69.0,3005.6,833.2,3.61
3.0,1.25,85,3,100,short,111,67,44,60.4,-241.6,1006.7,-0.24
3.0,1.25,85,4,100,both,253,165,88,65.2,2764.0,1203.9,2.3
3.0,1.25,85,4,100,long,142,98,44,69.0,3005.6,833.2,3.61
3.0,1.25,85,4,100,short,111,67,44,60.4,-241.6,1006.7,-0.24
3.0,1.25,95,1,100,both,254,165,89,65.0,2907.3,1183.1,2.46
3.0,1.25,95,1,100,long,143,99,44,69.2,2966.4,833.2,3.56
3.0,1.25,95,1,100,short,111,66,45,59.5,-59.1,985.9,-0.06
3.0,1.25,95,2,100,both,253,165,88,65.2,3040.3,1183.1,2.57
3.0,1.25,95,2,100,long,142,99,43,69.7,3099.4,833.2,3.72
3.0,1.25,95,2,100,short,111,66,45,59.5,-59.1,985.9,-0.06
3.0,1.25,95,3,100,both,253,165,88,65.2,3040.3,1183.1,2.57
3.0,1.25,95,3,100,long,142,99,43,69.7,3099.4,833.2,3.72
3.0,1.25,95,3,100,short,111,66,45,59.5,-59.1,985.9,-0.06
3.0,1.25,95,4,100,both,253,165,88,65.2,3040.3,1183.1,2.57
3.0,1.25,95,4,100,long,142,99,43,69.7,3099.4,833.2,3.72
3.0,1.25,95,4,100,short,111,66,45,59.5,-59.1,985.9,-0.06
3.0,1.5,55,1,100,both,261,181,80,69.3,1901.5,1701.9,1.12
3.0,1.5,55,1,100,long,147,107,40,72.8,2699.1,951.9,2.84
3.0,1.5,55,1,100,short,114,74,40,64.9,-797.6,1163.2,-0.69
3.0,1.5,55,2,100,both,257,180,77,70.0,2299.9,1543.9,1.49
3.0,1.5,55,2,100,long,145,107,38,73.8,3047.8,951.9,3.2
3.0,1.5,55,2,100,short,112,73,39,65.2,-747.9,1063.5,-0.7
3.0,1.5,55,3,100,both,256,179,77,69.9,2257.3,1543.9,1.46
3.0,1.5,55,3,100,long,144,106,38,73.6,3005.2,951.9,3.16
3.0,1.5,55,3,100,short,112,73,39,65.2,-747.9,1063.5,-0.7
3.0,1.5,55,4,100,both,256,179,77,69.9,2257.3,1543.9,1.46
3.0,1.5,55,4,100,long,144,106,38,73.6,3005.2,951.9,3.16
3.0,1.5,55,4,100,short,112,73,39,65.2,-747.9,1063.5,-0.7
3.0,1.5,65,1,100,both,258,177,81,68.6,1814.0,1868.8,0.97
3.0,1.5,65,1,100,long,145,104,41,71.7,2609.4,1173.8,2.22
3.0,1.5,65,1,100,short,113,73,40,64.6,-795.4,1163.2,-0.68
3.0,1.5,65,2,100,both,255,177,78,69.4,2302.5,1710.8,1.35
3.0,1.5,65,2,100,long,143,104,39,72.7,2939.9,1173.8,2.5
3.0,1.5,65,2,100,short,112,73,39,65.2,-637.4,1063.5,-0.6
3.0,1.5,65,3,100,both,254,176,78,69.3,2259.9,1710.8,1.32
3.0,1.5,65,3,100,long,142,103,39,72.5,2897.3,1173.8,2.47
3.0,1.5,65,3,100,short,112,73,39,65.2,-637.4,1063.5,-0.6
3.0,1.5,65,4,100,both,254,176,78,69.3,2259.9,1710.8,1.32
3.0,1.5,65,4,100,long,142,103,39,72.5,2897.3,1173.8,2.47
3.0,1.5,65,4,100,short,112,73,39,65.2,-637.4,1063.5,-0.6
3.0,1.5,75,1,100,both,254,173,81,68.1,2590.7,1663.4,1.56
3.0,1.5,75,1,100,long,143,101,42,70.6,2775.5,1102.6,2.52
3.0,1.5,75,1,100,short,111,72,39,64.9,-184.8,990.9,-0.19
3.0,1.5,75,2,100,both,252,173,79,68.7,2906.7,1505.4,1.93
3.0,1.5,75,2,100,long,141,101,40,71.6,3091.5,1102.6,2.8
3.0,1.5,75,2,100,short,111,72,39,64.9,-184.8,990.9,-0.19
3.0,1.5,75,3,100,both,252,173,79,68.7,2906.7,1505.4,1.93
3.0,1.5,75,3,100,long,141,101,40,71.6,3091.5,1102.6,2.8
3.0,1.5,75,3,100,short,111,72,39,64.9,-184.8,990.9,-0.19
3.0,1.5,75,4,100,both,252,173,79,68.7,2906.7,1505.4,1.93
3.0,1.5,75,4,100,long,141,101,40,71.6,3091.5,1102.6,2.8
3.0,1.5,75,4,100,short,111,72,39,64.9,-184.8,990.9,-0.19
3.0,1.5,85,1,100,both,253,171,82,67.6,2880.2,1478.8,1.95
3.0,1.5,85,1,100,long,142,100,42,70.4,3025.8,1102.6,2.74
3.0,1.5,85,1,100,short,111,71,40,64.0,-145.6,990.9,-0.15
3.0,1.5,85,2,100,both,252,171,81,67.9,3038.2,1478.8,2.05
3.0,1.5,85,2,100,long,141,100,41,70.9,3183.8,1102.6,2.89
3.0,1.5,85,2,100,short,111,71,40,64.0,-145.6,990.9,-0.15
3.0,1.5,85,3,100,both,252,171,81,67.9,3038.2,1478.8,2.05
3.0,1.5,85,3,100,long,141,100,41,70.9,3183.8,1102.6,2.89
3.0,1.5,85,3,100,short,111,71,40,64.0,-145.6,990.9,-0.15
3.0,1.5,85,4,100,both,252,171,81,67.9,3038.2,1478.8,2.05
3.0,1.5,85,4,100,long,141,100,41,70.9,3183.8,1102.6,2.89
3.0,1.5,85,4,100,short,111,71,40,64.0,-145.6,990.9,-0.15
3.0,1.5,95,1,100,both,253,171,82,67.6,3131.5,1458.0,2.15
3.0,1.5,95,1,100,long,142,101,41,71.1,3119.6,1102.6,2.83
3.0,1.5,95,1,100,short,111,70,41,63.1,11.9,970.1,0.01
3.0,1.5,95,2,100,both,252,171,81,67.9,3289.5,1458.0,2.26
3.0,1.5,95,2,100,long,141,101,40,71.6,3277.6,1102.6,2.97
3.0,1.5,95,2,100,short,111,70,41,63.1,11.9,970.1,0.01
3.0,1.5,95,3,100,both,252,171,81,67.9,3289.5,1458.0,2.26
3.0,1.5,95,3,100,long,141,101,40,71.6,3277.6,1102.6,2.97
3.0,1.5,95,3,100,short,111,70,41,63.1,11.9,970.1,0.01
3.0,1.5,95,4,100,both,252,171,81,67.9,3289.5,1458.0,2.26
3.0,1.5,95,4,100,long,141,101,40,71.6,3277.6,1102.6,2.97
3.0,1.5,95,4,100,short,111,70,41,63.1,11.9,970.1,0.01
3.0,2.0,55,1,100,both,259,185,74,71.4,724.7,2318.2,0.31
3.0,2.0,55,1,100,long,147,108,39,73.5,1700.7,1351.9,1.26
3.0,2.0,55,1,100,short,112,77,35,68.8,-976.0,1402.0,-0.7
3.0,2.0,55,2,100,both,255,183,72,71.8,901.3,2231.9,0.4
3.0,2.0,55,2,100,long,145,108,37,74.5,2027.7,1351.9,1.5
3.0,2.0,55,2,100,short,110,75,35,68.2,-1126.4,1402.0,-0.8
3.0,2.0,55,3,100,both,254,182,72,71.7,858.7,2231.9,0.38
3.0,2.0,55,3,100,long,144,107,37,74.3,1985.1,1351.9,1.47
3.0,2.0,55,3,100,short,110,75,35,68.2,-1126.4,1402.0,-0.8
3.0,2.0,55,4,100,both,254,182,72,71.7,858.7,2231.9,0.38
3.0,2.0,55,4,100,long,144,107,37,74.3,1985.1,1351.9,1.47
3.0,2.0,55,4,100,short,110,75,35,68.2,-1126.4,1402.0,-0.8
3.0,2.0,65,1,100,both,256,181,75,70.7,537.2,2535.1,0.21
3.0,2.0,65,1,100,long,145,105,40,72.4,1511.0,1623.8,0.93
3.0,2.0,65,1,100,short,111,76,35,68.5,-973.8,1402.0,-0.69
3.0,2.0,65,2,100,both,253,180,73,71.1,803.9,2448.8,0.33
3.0,2.0,65,2,100,long,143,105,38,73.4,1819.8,1623.8,1.12
3.0,2.0,65,2,100,short,110,75,35,68.2,-1015.9,1402.0,-0.72
3.0,2.0,65,3,100,both,252,179,73,71.0,761.3,2448.8,0.31
3.0,2.0,65,3,100,long,142,104,38,73.2,1777.2,1623.8,1.09
3.0,2.0,65,3,100,short,110,75,35,68.2,-1015.9,1402.0,-0.72
3.0,2.0,65,4,100,both,252,179,73,71.0,761.3,2448.8,0.31
3.0,2.0,65,4,100,long,142,104,38,73.2,1777.2,1623.8,1.09
3.0,2.0,65,4,100,short,110,75,35,68.2,-1015.9,1402.0,-0.72
3.0,2.0,75,1,100,both,252,176,76,69.8,1063.8,2329.7,0.46
3.0,2.0,75,1,100,long,143,102,41,71.3,1627.1,1552.6,1.05
3.0,2.0,75,1,100,short,109,74,35,67.9,-563.3,1312.0,-0.43
3.0,2.0,75,2,100,both,250,176,74,70.4,1358.1,2243.4,0.61
3.0,2.0,75,2,100,long,141,102,39,72.3,1921.4,1552.6,1.24
3.0,2.0,75,2,100,short,109,74,35,67.9,-563.3,1312.0,-0.43
3.0,2.0,75,3,100,both,250,176,74,70.4,1358.1,2243.4,0.61
3.0,2.0,75,3,100,long,141,102,39,72.3,1921.4,1552.6,1.24
3.0,2.0,75,3,100,short,109,74,35,67.9,-563.3,1312.0,-0.43
3.0,2.0,75,4,100,both,250,176,74,70.4,1358.1,2243.4,0.61
3.0,2.0,75,4,100,long,141,102,39,72.3,1921.4,1552.6,1.24
3.0,2.0,75,4,100,short,109,74,35,67.9,-563.3,1312.0,-0.43
3.0,2.0,85,1,100,both,251,174,77,69.3,1181.6,2336.2,0.51
3.0,2.0,85,1,100,long,142,101,41,71.1,1755.7,1552.6,1.13
3.0,2.0,85,1,100,short,109,73,36,67.0,-574.1,1242.0,-0.46
3.0,2.0,85,2,100,both,250,174,76,69.6,1389.6,2336.2,0.59
3.0,2.0,85,2,100,long,141,101,40,71.6,1963.7,1552.6,1.26
3.0,2.0,85,2,100,short,109,73,36,67.0,-574.1,1242.0,-0.46
3.0,2.0,85,3,100,both,250,174,76,69.6,1389.6,2336.2,0.59
3.0,2.0,85,3,100,long,141,101,40,71.6,1963.7,1552.6,1.26
3.0,2.0,85,3,100,short,109,73,36,67.0,-574.1,1242.0,-0.46
3.0,2.0,85,4,100,both,250,174,76,69.6,1389.6,2336.2,0.59
3.0,2.0,85,4,100,long,141,101,40,71.6,1963.7,1552.6,1.26
3.0,2.0,85,4,100,short,109,73,36,67.0,-574.1,1242.0,-0.46
3.0,2.0,95,1,100,both,251,175,76,69.7,1627.0,2315.4,0.7
3.0,2.0,95,1,100,long,142,102,40,71.8,1849.5,1552.6,1.19
3.0,2.0,95,1,100,short,109,73,36,67.0,-222.5,1221.2,-0.18
3.0,2.0,95,2,100,both,250,175,75,70.0,1835.0,2315.4,0.79
3.0,2.0,95,2,100,long,141,102,39,72.3,2057.5,1552.6,1.33
3.0,2.0,95,2,100,short,109,73,36,67.0,-222.5,1221.2,-0.18
3.0,2.0,95,3,100,both,250,175,75,70.0,1835.0,2315.4,0.79
3.0,2.0,95,3,100,long,141,102,39,72.3,2057.5,1552.6,1.33
3.0,2.0,95,3,100,short,109,73,36,67.0,-222.5,1221.2,-0.18
3.0,2.0,95,4,100,both,250,175,75,70.0,1835.0,2315.4,0.79
3.0,2.0,95,4,100,long,141,102,39,72.3,2057.5,1552.6,1.33
3.0,2.0,95,4,100,short,109,73,36,67.0,-222.5,1221.2,-0.18
3.0,0.5,55,1,150,both,300,158,142,52.7,3419.5,629.2,5.43
3.0,0.5,55,1,150,long,161,89,72,55.3,3253.8,518.2,6.28
3.0,0.5,55,1,150,short,139,69,70,49.6,165.7,871.5,0.19
3.0,0.5,55,2,150,both,296,158,138,53.4,3579.5,541.1,6.62
3.0,0.5,55,2,150,long,158,90,68,57.0,3522.1,460.2,7.65
3.0,0.5,55,2,150,short,138,68,70,49.3,57.4,871.5,0.07
3.0,0.5,55,3,150,both,294,156,138,53.1,3463.4,541.1,6.4
3.0,0.5,55,3,150,long,157,89,68,56.7,3479.5,460.2,7.56
3.0,0.5,55,3,150,short,137,67,70,48.9,-16.1,871.5,-0.02
3.0,0.5,55,4,150,both,294,156,138,53.1,3519.3,513.2,6.86
3.0,0.5,55,4,150,long,157,89,68,56.7,3479.5,460.2,7.56
3.0,0.5,55,4,150,short,137,67,70,48.9,39.8,871.5,0.05
3.0,0.5,65,1,150,both,297,154,143,51.9,3548.1,629.2,5.64
3.0,0.5,65,1,150,long,159,87,72,54.7,3436.5,461.8,7.44
3.0,0.5,65,1,150,short,138,67,71,48.6,111.6,871.5,0.13
3.0,0.5,65,2,150,both,293,154,139,52.6,3689.9,519.9,7.1
3.0,0.5,65,2,150,long,156,88,68,56.4,3686.6,403.8,9.13
3.0,0.5,65,2,150,short,137,66,71,48.2,3.3,871.5,0.0
3.0,0.5,65,3,150,both,292,153,139,52.4,3647.3,519.9,7.02
3.0,0.5,65,3,150,long,155,87,68,56.1,3644.0,403.8,9.02
3.0,0.5,65,3,150,short,137,66,71,48.2,3.3,871.5,0.0
3.0,0.5,65,4,150,both,292,153,139,52.4,3703.2,513.2,7.22
3.0,0.5,65,4,150,long,155,87,68,56.1,3644.0,403.8,9.02
3.0,0.5,65,4,150,short,137,66,71,48.2,59.2,871.5,0.07
3.0,0.5,75,1,150,both,294,149,145,50.7,4131.2,629.2,6.57
3.0,0.5,75,1,150,long,156,83,73,53.2,3640.9,424.4,8.58
3.0,0.5,75,1,150,short,138,66,72,47.8,490.3,839.5,0.58
3.0,0.5,75,2,150,both,289,148,141,51.2,4254.9,513.2,8.29
3.0,0.5,75,2,150,long,153,83,70,54.2,3814.9,377.9,10.09
3.0,0.5,75,2,150,short,136,65,71,47.8,440.0,781.5,0.56
3.0,0.5,75,3,150,both,289,148,141,51.2,4254.9,513.2,8.29
3.0,0.5,75,3,150,long,153,83,70,54.2,3814.9,377.9,10.09
3.0,0.5,75,3,150,short,136,65,71,47.8,440.0,781.5,0.56
3.0,0.5,75,4,150,both,289,148,141,51.2,4310.8,513.2,8.4
3.0,0.5,75,4,150,long,153,83,70,54.2,3814.9,377.9,10.09
3.0,0.5,75,4,150,short,136,65,71,47.8,495.9,781.5,0.63
3.0,0.5,85,1,150,both,292,146,146,50.0,4524.2,637.8,7.09
3.0,0.5,85,1,150,long,155,82,73,52.9,3898.0,340.6,11.44
3.0,0.5,85,1,150,short,137,64,73,46.7,626.2,725.9,0.86
3.0,0.5,85,2,150,both,288,145,143,50.3,4589.9,579.8,7.92
3.0,0.5,85,2,150,long,153,82,71,53.6,4014.0,294.1,13.65
3.0,0.5,85,2,150,short,135,63,72,46.7,575.9,667.9,0.86
3.0,0.5,85,3,150,both,288,145,143,50.3,4589.9,579.8,7.92
3.0,0.5,85,3,150,long,153,82,71,53.6,4014.0,294.1,13.65
3.0,0.5,85,3,150,short,135,63,72,46.7,575.9,667.9,0.86
3.0,0.5,85,4,150,both,288,145,143,50.3,4645.8,579.8,8.01
3.0,0.5,85,4,150,long,153,82,71,53.6,4014.0,294.1,13.65
3.0,0.5,85,4,150,short,135,63,72,46.7,631.8,667.9,0.95
3.0,0.5,95,1,150,both,291,145,146,49.8,4578.1,617.0,7.42
3.0,0.5,95,1,150,long,155,82,73,52.9,3947.7,328.9,12.0
3.0,0.5,95,1,150,short,136,63,73,46.3,630.4,705.1,0.89
3.0,0.5,95,2,150,both,287,144,143,50.2,4643.8,559.0,8.31
3.0,0.5,95,2,150,long,153,82,71,53.6,4063.7,290.0,14.01
3.0,0.5,95,2,150,short,134,62,72,46.3,580.1,647.1,0.9
3.0,0.5,95,3,150,both,286,143,143,50.0,4597.6,559.0,8.22
3.0,0.5,95,3,150,long,152,81,71,53.3,4017.5,328.6,12.23
3.0,0.5,95,3,150,short,134,62,72,46.3,580.1,647.1,0.9
3.0,0.5,95,4,150,both,286,143,143,50.0,4653.5,559.0,8.32
3.0,0.5,95,4,150,long,152,81,71,53.3,4017.5,328.6,12.23
3.0,0.5,95,4,150,short,134,62,72,46.3,636.0,647.1,0.98
3.0,0.75,55,1,150,both,293,176,117,60.1,3147.7,939.5,3.35
3.0,0.75,55,1,150,long,158,101,57,63.9,3473.5,370.1,9.39
3.0,0.75,55,1,150,short,135,75,60,55.6,-325.8,1178.4,-0.28
3.0,0.75,55,2,150,both,290,175,115,60.3,3238.1,939.5,3.45
3.0,0.75,55,2,150,long,156,101,55,64.7,3672.2,321.1,11.44
3.0,0.75,55,2,150,short,134,74,60,55.2,-434.1,1178.4,-0.37
3.0,0.75,55,3,150,both,288,173,115,60.1,3122.0,939.5,3.32
3.0,0.75,55,3,150,long,155,100,55,64.5,3629.6,321.1,11.3
3.0,0.75,55,3,150,short,133,73,60,54.9,-507.6,1178.4,-0.43
3.0,0.75,55,4,150,both,288,173,115,60.1,3140.6,939.5,3.34
3.0,0.75,55,4,150,long,155,100,55,64.5,3629.6,321.1,11.3
3.0,0.75,55,4,150,short,133,73,60,54.9,-489.0,1178.4,-0.41
3.0,0.75,65,1,150,both,289,171,118,59.2,3174.9,1086.4,2.92
3.0,0.75,65,1,150,long,156,99,57,63.5,3678.1,321.1,11.45
3.0,0.75,65,1,150,short,133,72,61,54.1,-503.2,1179.6,-0.43
3.0,0.75,65,2,150,both,287,171,116,59.6,3355.4,1086.4,3.09
3.0,0.75,65,2,150,long,154,99,55,64.3,3858.6,321.1,12.02
3.0,0.75,65,2,150,short,133,72,61,54.1,-503.2,1179.6,-0.43
3.0,0.75,65,3,150,both,286,170,116,59.4,3312.8,1086.4,3.05
3.0,0.75,65,3,150,long,153,98,55,64.1,3816.0,321.1,11.88
3.0,0.75,65,3,150,short,133,72,61,54.1,-503.2,1179.6,-0.43
3.0,0.75,65,4,150,both,286,170,116,59.4,3331.4,1086.4,3.07
3.0,0.75,65,4,150,long,153,98,55,64.1,3816.0,321.1,11.88
3.0,0.75,65,4,150,short,133,72,61,54.1,-484.6,1179.6,-0.41
3.0,0.75,75,1,150,both,285,167,118,58.6,3904.9,984.9,3.96
3.0,0.75,75,1,150,long,153,96,57,62.7,3955.5,344.2,11.49
3.0,0.75,75,1,150,short,132,71,61,53.8,-50.6,1062.5,-0.05
3.0,0.75,75,2,150,both,283,167,116,59.0,4070.9,984.9,4.13
3.0,0.75,75,2,150,long,151,96,55,63.6,4121.5,344.2,11.97
3.0,0.75,75,2,150,short,132,71,61,53.8,-50.6,1062.5,-0.05
3.0,0.75,75,3,150,both,283,167,116,59.0,4070.9,984.9,4.13
3.0,0.75,75,3,150,long,151,96,55,63.6,4121.5,344.2,11.97
3.0,0.75,75,3,150,short,132,71,61,53.8,-50.6,1062.5,-0.05
3.0,0.75,75,4,150,both,283,167,116,59.0,4089.5,984.9,4.15
3.0,0.75,75,4,150,long,151,96,55,63.6,4121.5,344.2,11.97
3.0,0.75,75,4,150,short,132,71,61,53.8,-32.0,1062.5,-0.03
3.0,0.75,85,1,150,both,283,164,119,58.0,4136.4,984.9,4.2
3.0,0.75,85,1,150,long,152,95,57,62.5,4128.8,344.2,12.0
3.0,0.75,85,1,150,short,131,69,62,52.7,7.6,944.2,0.01
3.0,0.75,85,2,150,both,282,164,118,58.2,4219.4,984.9,4.28
3.0,0.75,85,2,150,long,151,95,56,62.9,4211.8,344.2,12.24
3.0,0.75,85,2,150,short,131,69,62,52.7,7.6,944.2,0.01
3.0,0.75,85,3,150,both,282,164,118,58.2,4219.4,984.9,4.28
3.0,0.75,85,3,150,long,151,95,56,62.9,4211.8,344.2,12.24
3.0,0.75,85,3,150,short,131,69,62,52.7,7.6,944.2,0.01
3.0,0.75,85,4,150,both,282,164,118,58.2,4238.0,984.9,4.3
3.0,0.75,85,4,150,long,151,95,56,62.9,4211.8,344.2,12.24
3.0,0.75,85,4,150,short,131,69,62,52.7,26.2,944.2,0.03
3.0,0.75,95,1,150,both,281,163,118,58.0,4528.5,984.9,4.6
3.0,0.75,95,1,150,long,151,95,56,62.9,4204.7,344.2,12.22
3.0,0.75,95,1,150,short,130,68,62,52.3,323.8,923.4,0.35
3.0,0.75,95,2,150,both,280,163,117,58.2,4611.5,984.9,4.68
3.0,0.75,95,2,150,long,150,95,55,63.3,4287.7,344.2,12.46
3.0,0.75,95,2,150,short,130,68,62,52.3,323.8,923.4,0.35
3.0,0.75,95,3,150,both,279,162,117,58.1,4565.3,984.9,4.64
3.0,0.75,95,3,150,long,149,94,55,63.1,4241.5,344.2,12.32
3.0,0.75,95,3,150,short,130,68,62,52.3,323.8,923.4,0.35
3.0,0.75,95,4,150,both,279,162,117,58.1,4583.9,984.9,4.65
3.0,0.75,95,4,150,long,149,94,55,63.1,4241.5,344.2,12.32
3.0,0.75,95,4,150,short,130,68,62,52.3,342.4,923.4,0.37
3.0,1.0,55,1,150,both,290,188,102,64.8,2877.2,829.5,3.47
3.0,1.0,55,1,150,long,155,105,50,67.7,3161.0,595.1,5.31
3.0,1.0,55,1,150,short,135,83,52,61.5,-283.8,1126.3,-0.25
3.0,1.0,55,2,150,both,287,187,100,65.2,3017.6,724.5,4.17
3.0,1.0,55,2,150,long,153,105,48,68.6,3409.7,487.1,7.0
3.0,1.0,55,2,150,short,134,82,52,61.2,-392.1,1126.3,-0.35
3.0,1.0,55,3,150,both,285,185,100,64.9,2901.5,724.5,4.0
3.0,1.0,55,3,150,long,152,104,48,68.4,3367.1,487.1,6.91
3.0,1.0,55,3,150,short,133,81,52,60.9,-465.6,1126.3,-0.41
3.0,1.0,55,4,150,both,285,185,100,64.9,2920.1,724.5,4.03
3.0,1.0,55,4,150,long,152,104,48,68.4,3367.1,487.1,6.91
3.0,1.0,55,4,150,short,133,81,52,60.9,-447.0,1126.3,-0.4
3.0,1.0,65,1,150,both,286,184,102,64.3,2985.5,896.4,3.33
3.0,1.0,65,1,150,long,153,103,50,67.3,3340.6,494.7,6.75
3.0,1.0,65,1,150,short,133,81,52,60.9,-355.1,1116.3,-0.32
3.0,1.0,65,2,150,both,284,184,100,64.8,3216.0,896.4,3.59
3.0,1.0,65,2,150,long,151,103,48,68.2,3571.1,448.7,7.96
3.0,1.0,65,2,150,short,133,81,52,60.9,-355.1,1116.3,-0.32
3.0,1.0,65,3,150,both,283,183,100,64.7,3173.4,896.4,3.54
3.0,1.0,65,3,150,long,150,102,48,68.0,3528.5,448.7,7.86
3.0,1.0,65,3,150,short,133,81,52,60.9,-355.1,1116.3,-0.32
3.0,1.0,65,4,150,both,283,183,100,64.7,3192.0,896.4,3.56
3.0,1.0,65,4,150,long,150,102,48,68.0,3528.5,448.7,7.86
3.0,1.0,65,4,150,short,133,81,52,60.9,-336.5,1116.3,-0.3
3.0,1.0,75,1,150,both,283,181,102,64.0,3775.2,803.6,4.7
3.0,1.0,75,1,150,long,151,101,50,66.9,3677.7,457.3,8.04
3.0,1.0,75,1,150,short,132,80,52,60.6,97.5,1010.4,0.1
3.0,1.0,75,2,150,both,281,181,100,64.4,3991.2,735.2,5.43
3.0,1.0,75,2,150,long,149,101,48,67.8,3893.7,385.0,10.11
3.0,1.0,75,2,150,short,132,80,52,60.6,97.5,1010.4,0.1
3.0,1.0,75,3,150,both,281,181,100,64.4,3991.2,735.2,5.43
3.0,1.0,75,3,150,long,149,101,48,67.8,3893.7,385.0,10.11
3.0,1.0,75,3,150,short,132,80,52,60.6,97.5,1010.4,0.1
3.0,1.0,75,4,150,both,281,181,100,64.4,4009.8,735.2,5.45
3.0,1.0,75,4,150,long,149,101,48,67.8,3893.7,385.0,10.11
3.0,1.0,75,4,150,short,132,80,52,60.6,116.1,1010.4,0.11
3.0,1.0,85,1,150,both,281,178,103,63.3,3981.7,763.3,5.22
3.0,1.0,85,1,150,long,150,100,50,66.7,3851.0,457.3,8.42
3.0,1.0,85,1,150,short,131,78,53,59.5,130.7,918.7,0.14
3.0,1.0,85,2,150,both,280,178,102,63.6,4089.7,763.3,5.36
3.0,1.0,85,2,150,long,149,100,49,67.1,3959.0,385.0,10.28
3.0,1.0,85,2,150,short,131,78,53,59.5,130.7,918.7,0.14
3.0,1.0,85,3,150,both,280,178,102,63.6,4089.7,763.3,5.36
3.0,1.0,85,3,150,long,149,100,49,67.1,3959.0,385.0,10.28
3.0,1.0,85,3,150,short,131,78,53,59.5,130.7,918.7,0.14
3.0,1.0,85,4,150,both,280,178,102,63.6,4108.3,763.3,5.38
3.0,1.0,85,4,150,long,149,100,49,67.1,3959.0,385.0,10.28
3.0,1.0,85,4,150,short,131,78,53,59.5,149.3,918.7,0.16
3.0,1.0,95,1,150,both,279,177,102,63.4,4373.8,742.5,5.89
3.0,1.0,95,1,150,long,149,100,49,67.1,3926.9,457.3,8.59
3.0,1.0,95,1,150,short,130,77,53,59.2,446.9,897.9,0.5
3.0,1.0,95,2,150,both,278,177,101,63.7,4481.8,742.5,6.04
3.0,1.0,95,2,150,long,148,100,48,67.6,4034.9,385.0,10.48
3.0,1.0,95,2,150,short,130,77,53,59.2,446.9,897.9,0.5
3.0,1.0,95,3,150,both,277,176,101,63.5,4435.6,742.5,5.97
3.0,1.0,95,3,150,long,147,99,48,67.3,3988.7,385.0,10.36
3.0,1.0,95,3,150,short,130,77,53,59.2,446.9,897.9,0.5
3.0,1.0,95,4,150,both,277,176,101,63.5,4454.2,742.5,6.0
3.0,1.0,95,4,150,long,147,99,48,67.3,3988.7,385.0,10.36
3.0,1.0,95,4,150,short,130,77,53,59.2,465.5,897.9,0.52
3.0,1.25,55,1,150,both,289,193,96,66.8,2390.2,1179.5,2.03
3.0,1.25,55,1,150,long,155,108,47,69.7,2884.0,521.8,5.53
3.0,1.25,55,1,150,short,134,85,49,63.4,-493.8,1243.1,-0.4
3.0,1.25,55,2,150,both,286,192,94,67.1,2580.6,1046.5,2.47
3.0,1.25,55,2,150,long,153,108,45,70.6,3182.7,521.8,6.1
3.0,1.25,55,2,150,short,133,84,49,63.2,-602.1,1243.1,-0.48
3.0,1.25,55,3,150,both,284,190,94,66.9,2464.5,1046.5,2.35
3.0,1.25,55,3,150,long,152,107,45,70.4,3140.1,521.8,6.02
3.0,1.25,55,3,150,short,132,83,49,62.9,-675.6,1306.7,-0.52
3.0,1.25,55,4,150,both,284,190,94,66.9,2483.1,1046.5,2.37
3.0,1.25,55,4,150,long,152,107,45,70.4,3140.1,521.8,6.02
3.0,1.25,55,4,150,short,132,83,49,62.9,-657.0,1306.7,-0.5
3.0,1.25,65,1,150,both,285,189,96,66.3,2473.5,1169.5,2.12
3.0,1.25,65,1,150,long,153,106,47,69.3,3038.6,673.7,4.51
3.0,1.25,65,1,150,short,132,83,49,62.9,-565.1,1316.2,-0.43
3.0,1.25,65,2,150,both,283,189,94,66.8,2754.0,1036.5,2.66
3.0,1.25,65,2,150,long,151,106,45,70.2,3319.1,673.7,4.93
3.0,1.25,65,2,150,short,132,83,49,62.9,-565.1,1316.2,-0.43
3.0,1.25,65,3,150,both,282,188,94,66.7,2711.4,1036.5,2.62
3.0,1.25,65,3,150,long,150,105,45,70.0,3276.5,673.7,4.86
3.0,1.25,65,3,150,short,132,83,49,62.9,-565.1,1316.2,-0.43
3.0,1.25,65,4,150,both,282,188,94,66.7,2730.0,1036.5,2.63
3.0,1.25,65,4,150,long,150,105,45,70.0,3276.5,673.7,4.86
3.0,1.25,65,4,150,short,132,83,49,62.9,-546.5,1316.2,-0.42
3.0,1.25,75,1,150,both,282,186,96,66.0,3263.2,1153.6,2.83
3.0,1.25,75,1,150,long,151,104,47,68.9,3375.7,602.5,5.6
3.0,1.25,75,1,150,short,131,82,49,62.6,-112.5,1118.1,-0.1
3.0,1.25,75,2,150,both,280,186,94,66.4,3529.2,1020.6,3.46
3.0,1.25,75,2,150,long,149,104,45,69.8,3641.7,602.5,6.04
3.0,1.25,75,2,150,short,131,82,49,62.6,-112.5,1118.1,-0.1
3.0,1.25,75,3,150,both,280,186,94,66.4,3529.2,1020.6,3.46
3.0,1.25,75,3,150,long,149,104,45,69.8,3641.7,602.5,6.04
3.0,1.25,75,3,150,short,131,82,49,62.6,-112.5,1118.1,-0.1
3.0,1.25,75,4,150,both,280,186,94,66.4,3547.8,1020.6,3.48
3.0,1.25,75,4,150,long,149,104,45,69.8,3641.7,602.5,6.04
3.0,1.25,75,4,150,short,131,82,49,62.6,-93.9,1118.1,-0.08
3.0,1.25,85,1,150,both,280,183,97,65.4,3444.7,1113.3,3.09
3.0,1.25,85,1,150,long,150,103,47,68.7,3549.0,602.5,5.89
3.0,1.25,85,1,150,short,130,80,50,61.5,-104.3,1118.1,-0.09
3.0,1.25,85,2,150,both,279,183,96,65.6,3577.7,1113.3,3.21
3.0,1.25,85,2,150,long,149,103,46,69.1,3682.0,602.5,6.11
3.0,1.25,85,2,150,short,130,80,50,61.5,-104.3,1118.1,-0.09
3.0,1.25,85,3,150,both,279,183,96,65.6,3577.7,1113.3,3.21
3.0,1.25,85,3,150,long,149,103,46,69.1,3682.0,602.5,6.11
3.0,1.25,85,3,150,short,130,80,50,61.5,-104.3,1118.1,-0.09
3.0,1.25,85,4,150,both,279,183,96,65.6,3596.3,1113.3,3.23
3.0,1.25,85,4,150,long,149,103,46,69.1,3682.0,602.5,6.11
3.0,1.25,85,4,150,short,130,80,50,61.5,-85.7,1118.1,-0.08
3.0,1.25,95,1,150,both,278,182,96,65.5,3836.8,1092.5,3.51
3.0,1.25,95,1,150,long,149,103,46,69.1,3624.9,602.5,6.02
3.0,1.25,95,1,150,short,129,79,50,61.2,211.9,1097.3,0.19
3.0,1.25,95,2,150,both,277,182,95,65.7,3969.8,1092.5,3.63
3.0,1.25,95,2,150,long,148,103,45,69.6,3757.9,602.5,6.24
3.0,1.25,95,2,150,short,129,79,50,61.2,211.9,1097.3,0.19
3.0,1.25,95,3,150,both,276,181,95,65.6,3923.6,1092.5,3.59
3.0,1.25,95,3,150,long,147,102,45,69.4,3711.7,602.5,6.16
3.0,1.25,95,3,150,short,129,79,50,61.2,211.9,1097.3,0.19
3.0,1.25,95,4,150,both,276,181,95,65.6,3942.2,1092.5,3.61
3.0,1.25,95,4,150,long,147,102,45,69.4,3711.7,602.5,6.16
3.0,1.25,95,4,150,short,129,79,50,61.2,230.5,1097.3,0.21
3.0,1.5,55,1,150,both,288,200,88,69.4,2758.4,1333.8,2.07
3.0,1.5,55,1,150,long,154,111,43,72.1,3281.2,741.2,4.43
3.0,1.5,55,1,150,short,134,89,45,66.4,-522.8,1342.9,-0.39
3.0,1.5,55,2,150,both,285,199,86,69.8,2998.8,1175.8,2.55
3.0,1.5,55,2,150,long,152,111,41,73.0,3629.9,741.2,4.9
3.0,1.5,55,2,150,short,133,88,45,66.2,-631.1,1342.9,-0.47
3.0,1.5,55,3,150,both,283,198,85,70.0,3121.4,1175.8,2.65
3.0,1.5,55,3,150,long,151,110,41,72.8,3587.3,741.2,4.84
3.0,1.5,55,3,150,short,132,88,44,66.7,-465.9,1227.3,-0.38
3.0,1.5,55,4,150,both,283,198,85,70.0,3140.0,1175.8,2.67
3.0,1.5,55,4,150,long,151,110,41,72.8,3587.3,741.2,4.84
3.0,1.5,55,4,150,short,132,88,44,66.7,-447.3,1227.3,-0.36
3.0,1.5,65,1,150,both,284,196,88,69.0,2816.7,1500.7,1.88
3.0,1.5,65,1,150,long,152,109,43,71.7,3410.8,918.1,3.72
3.0,1.5,65,1,150,short,132,87,45,65.9,-594.1,1332.9,-0.45
3.0,1.5,65,2,150,both,282,196,86,69.5,3147.2,1342.7,2.34
3.0,1.5,65,2,150,long,150,109,41,72.7,3741.3,918.1,4.08
3.0,1.5,65,2,150,short,132,87,45,65.9,-594.1,1332.9,-0.45
3.0,1.5,65,3,150,both,281,196,85,69.8,3343.3,1342.7,2.49
3.0,1.5,65,3,150,long,149,108,41,72.5,3698.7,918.1,4.03
3.0,1.5,65,3,150,short,132,88,44,66.7,-355.4,1217.3,-0.29
3.0,1.5,65,4,150,both,281,196,85,69.8,3361.9,1342.7,2.5
3.0,1.5,65,4,150,long,149,108,41,72.5,3698.7,918.1,4.03
3.0,1.5,65,4,150,short,132,88,44,66.7,-336.8,1217.3,-0.28
3.0,1.5,75,1,150,both,281,193,88,68.7,3606.4,1295.3,2.78
3.0,1.5,75,1,150,long,150,107,43,71.3,3747.9,846.9,4.43
3.0,1.5,75,1,150,short,131,86,45,65.6,-141.5,1177.3,-0.12
3.0,1.5,75,2,150,both,279,194,85,69.5,4161.1,1137.3,3.66
3.0,1.5,75,2,150,long,148,107,41,72.3,4063.9,846.9,4.8
3.0,1.5,75,2,150,short,131,87,44,66.4,97.2,1177.3,0.08
3.0,1.5,75,3,150,both,279,194,85,69.5,4161.1,1137.3,3.66
3.0,1.5,75,3,150,long,148,107,41,72.3,4063.9,846.9,4.8
3.0,1.5,75,3,150,short,131,87,44,66.4,97.2,1177.3,0.08
3.0,1.5,75,4,150,both,279,194,85,69.5,4179.7,1137.3,3.68
3.0,1.5,75,4,150,long,148,107,41,72.3,4063.9,846.9,4.8
3.0,1.5,75,4,150,short,131,87,44,66.4,115.8,1177.3,0.1
3.0,1.5,85,1,150,both,279,190,89,68.1,3762.9,1178.5,3.19
3.0,1.5,85,1,150,long,149,106,43,71.1,3921.2,846.9,4.63
3.0,1.5,85,1,150,short,130,84,46,64.6,-158.3,1182.3,-0.13
3.0,1.5,85,2,150,both,278,191,87,68.7,4159.6,1178.5,3.53
3.0,1.5,85,2,150,long,148,106,42,71.6,4079.2,846.9,4.82
3.0,1.5,85,2,150,short,130,85,45,65.4,80.4,1182.3,0.07
3.0,1.5,85,3,150,both,278,191,87,68.7,4159.6,1178.5,3.53
3.0,1.5,85,3,150,long,148,106,42,71.6,4079.2,846.9,4.82
3.0,1.5,85,3,150,short,130,85,45,65.4,80.4,1182.3,0.07
3.0,1.5,85,4,150,both,278,191,87,68.7,4178.2,1178.5,3.55
3.0,1.5,85,4,150,long,148,106,42,71.6,4079.2,846.9,4.82
3.0,1.5,85,4,150,short,130,85,45,65.4,99.0,1182.3,0.08
3.0,1.5,95,1,150,both,277,189,88,68.2,4155.0,1157.7,3.59
3.0,1.5,95,1,150,long,148,106,42,71.6,3997.1,846.9,4.72
3.0,1.5,95,1,150,short,129,83,46,64.3,157.9,1161.5,0.14
3.0,1.5,95,2,150,both,276,189,87,68.5,4313.0,1157.7,3.73
3.0,1.5,95,2,150,long,147,106,41,72.1,4155.1,846.9,4.91
3.0,1.5,95,2,150,short,129,83,46,64.3,157.9,1161.5,0.14
3.0,1.5,95,3,150,both,275,188,87,68.4,4266.8,1157.7,3.69
3.0,1.5,95,3,150,long,146,105,41,71.9,4108.9,846.9,4.85
3.0,1.5,95,3,150,short,129,83,46,64.3,157.9,1161.5,0.14
3.0,1.5,95,4,150,both,275,188,87,68.4,4285.4,1157.7,3.7
3.0,1.5,95,4,150,long,146,105,41,71.9,4108.9,846.9,4.85
3.0,1.5,95,4,150,short,129,83,46,64.3,176.5,1161.5,0.15
3.0,2.0,55,1,150,both,285,206,79,72.3,2290.0,1693.1,1.35
3.0,2.0,55,1,150,long,154,114,40,74.0,2971.6,935.9,3.18
3.0,2.0,55,1,150,short,131,92,39,70.2,-681.6,1623.3,-0.42
3.0,2.0,55,2,150,both,282,205,77,72.7,2514.3,1606.8,1.56
3.0,2.0,55,2,150,long,152,114,38,75.0,3298.6,935.9,3.52
3.0,2.0,55,2,150,short,130,91,39,70.0,-784.3,1617.7,-0.48
3.0,2.0,55,3,150,both,280,203,77,72.5,2431.2,1606.8,1.51
3.0,2.0,55,3,150,long,151,113,38,74.8,3256.0,935.9,3.48
3.0,2.0,55,3,150,short,129,90,39,69.8,-824.8,1607.8,-0.51
3.0,2.0,55,4,150,both,280,203,77,72.5,2449.8,1606.8,1.52
3.0,2.0,55,4,150,long,151,113,38,74.8,3256.0,935.9,3.48
3.0,2.0,55,4,150,short,129,90,39,69.8,-806.2,1607.8,-0.5
3.0,2.0,65,1,150,both,281,202,79,71.9,2298.3,1910.0,1.2
3.0,2.0,65,1,150,long,152,112,40,73.7,3051.2,1207.8,2.53
3.0,2.0,65,1,150,short,129,90,39,69.8,-752.9,1613.3,-0.47
3.0,2.0,65,2,150,both,279,202,77,72.4,2612.7,1823.7,1.43
3.0,2.0,65,2,150,long,150,112,38,74.7,3360.0,1207.8,2.78
3.0,2.0,65,2,150,short,129,90,39,69.8,-747.3,1607.7,-0.46
3.0,2.0,65,3,150,both,278,201,77,72.3,2603.1,1823.7,1.43
3.0,2.0,65,3,150,long,149,111,38,74.5,3317.4,1207.8,2.75
3.0,2.0,65,3,150,short,129,90,39,69.8,-714.3,1597.8,-0.45
3.0,2.0,65,4,150,both,278,201,77,72.3,2621.7,1823.7,1.44
3.0,2.0,65,4,150,long,149,111,38,74.5,3317.4,1207.8,2.75
3.0,2.0,65,4,150,short,129,90,39,69.8,-695.7,1597.8,-0.44
3.0,2.0,75,1,150,both,278,199,79,71.6,3093.6,1629.6,1.9
3.0,2.0,75,1,150,long,150,110,40,73.3,3388.3,1136.6,2.98
3.0,2.0,75,1,150,short,128,89,39,69.5,-294.7,1545.8,-0.19
3.0,2.0,75,2,150,both,276,199,77,72.1,3420.9,1543.3,2.22
3.0,2.0,75,2,150,long,148,110,38,74.3,3682.6,1136.6,3.24
3.0,2.0,75,2,150,short,128,89,39,69.5,-261.7,1545.8,-0.17
3.0,2.0,75,3,150,both,276,199,77,72.1,3420.9,1543.3,2.22
3.0,2.0,75,3,150,long,148,110,38,74.3,3682.6,1136.6,3.24
3.0,2.0,75,3,150,short,128,89,39,69.5,-261.7,1545.8,-0.17
3.0,2.0,75,4,150,both,276,199,77,72.1,3439.5,1543.3,2.23
3.0,2.0,75,4,150,long,148,110,38,74.3,3682.6,1136.6,3.24
3.0,2.0,75,4,150,short,128,89,39,69.5,-243.1,1545.8,-0.16
3.0,2.0,85,1,150,both,276,196,80,71.0,3078.4,1603.3,1.92
3.0,2.0,85,1,150,long,149,109,40,73.2,3439.9,1136.6,3.03
3.0,2.0,85,1,150,short,127,87,40,68.5,-361.5,1600.8,-0.23
3.0,2.0,85,2,150,both,275,196,79,71.3,3319.4,1603.3,2.07
3.0,2.0,85,2,150,long,148,109,39,73.6,3647.9,1136.6,3.21
3.0,2.0,85,2,150,short,127,87,40,68.5,-328.5,1600.8,-0.21
3.0,2.0,85,3,150,both,275,196,79,71.3,3319.4,1603.3,2.07
3.0,2.0,85,3,150,long,148,109,39,73.6,3647.9,1136.6,3.21
3.0,2.0,85,3,150,short,127,87,40,68.5,-328.5,1600.8,-0.21
3.0,2.0,85,4,150,both,275,196,79,71.3,3338.0,1603.3,2.08
3.0,2.0,85,4,150,long,148,109,39,73.6,3647.9,1136.6,3.21
3.0,2.0,85,4,150,short,127,87,40,68.5,-309.9,1600.8,-0.19
3.0,2.0,95,1,150,both,274,195,79,71.2,3458.9,1582.5,2.19
3.0,2.0,95,1,150,long,148,109,39,73.6,3515.8,1136.6,3.09
3.0,2.0,95,1,150,short,126,86,40,68.3,-56.9,1580.0,-0.04
3.0,2.0,95,2,150,both,273,195,78,71.4,3666.9,1582.5,2.32
3.0,2.0,95,2,150,long,147,109,38,74.1,3723.8,1136.6,3.28
3.0,2.0,95,2,150,short,126,86,40,68.3,-56.9,1580.0,-0.04
3.0,2.0,95,3,150,both,272,194,78,71.3,3620.7,1582.5,2.29
3.0,2.0,95,3,150,long,146,108,38,74.0,3677.6,1136.6,3.24
3.0,2.0,95,3,150,short,126,86,40,68.3,-56.9,1580.0,-0.04
3.0,2.0,95,4,150,both,272,194,78,71.3,3639.3,1582.5,2.3
3.0,2.0,95,4,150,long,146,108,38,74.0,3677.6,1136.6,3.24
3.0,2.0,95,4,150,short,126,86,40,68.3,-38.3,1580.0,-0.02
3.0,0.5,55,1,200,both,317,164,153,51.7,3179.4,789.4,4.03
3.0,0.5,55,1,200,long,174,93,81,53.4,2897.6,502.4,5.77
3.0,0.5,55,1,200,short,143,71,72,49.7,281.8,700.3,0.4
3.0,0.5,55,2,200,both,311,163,148,52.4,3374.8,731.4,4.61
3.0,0.5,55,2,200,long,169,93,76,55.0,3201.3,444.4,7.2
3.0,0.5,55,2,200,short,142,70,72,49.3,173.5,700.3,0.25
3.0,0.5,55,3,200,both,308,160,148,51.9,3177.2,731.4,4.34
3.0,0.5,55,3,200,long,167,91,76,54.5,3077.2,444.4,6.92
3.0,0.5,55,3,200,short,141,69,72,48.9,100.0,700.3,0.14
3.0,0.5,55,4,200,both,307,160,147,52.1,3291.1,731.4,4.5
3.0,0.5,55,4,200,long,167,91,76,54.5,3077.2,444.4,6.92
3.0,0.5,55,4,200,short,140,69,71,49.3,213.9,700.3,0.31
3.0,0.5,65,1,200,both,312,158,154,50.6,3223.7,744.4,4.33
3.0,0.5,65,1,200,long,170,89,81,52.4,2996.0,461.8,6.49
3.0,0.5,65,1,200,short,142,69,73,48.6,227.7,700.3,0.33
3.0,0.5,65,2,200,both,307,158,149,51.5,3423.5,686.4,4.99
3.0,0.5,65,2,200,long,166,90,76,54.2,3304.1,435.9,7.58
3.0,0.5,65,2,200,short,141,68,73,48.2,119.4,700.3,0.17
3.0,0.5,65,3,200,both,305,156,149,51.1,3299.4,686.4,4.81
3.0,0.5,65,3,200,long,164,88,76,53.7,3180.0,435.9,7.3
3.0,0.5,65,3,200,short,141,68,73,48.2,119.4,700.3,0.17
3.0,0.5,65,4,200,both,304,156,148,51.3,3413.3,686.4,4.97
3.0,0.5,65,4,200,long,164,88,76,53.7,3180.0,435.9,7.3
3.0,0.5,65,4,200,short,140,68,72,48.6,233.3,700.3,0.33
3.0,0.5,75,1,200,both,309,153,156,49.5,3872.2,700.9,5.52
3.0,0.5,75,1,200,long,167,85,82,50.9,3218.7,445.9,7.22
3.0,0.5,75,1,200,short,142,68,74,47.9,653.5,678.5,0.96
3.0,0.5,75,2,200,both,303,152,151,50.2,4053.9,598.7,6.77
3.0,0.5,75,2,200,long,163,85,78,52.1,3450.7,435.9,7.92
3.0,0.5,75,2,200,short,140,67,73,47.9,603.2,620.5,0.97
3.0,0.5,75,3,200,both,302,151,151,50.0,3972.4,598.7,6.64
3.0,0.5,75,3,200,long,162,84,78,51.9,3369.2,435.9,7.73
3.0,0.5,75,3,200,short,140,67,73,47.9,603.2,620.5,0.97
3.0,0.5,75,4,200,both,301,151,150,50.2,4086.3,598.7,6.83
3.0,0.5,75,4,200,long,162,84,78,51.9,3369.2,435.9,7.73
3.0,0.5,75,4,200,short,139,67,72,48.2,717.1,620.5,1.16
3.0,0.5,85,1,200,both,307,150,157,48.9,4227.1,700.9,6.03
3.0,0.5,85,1,200,long,166,84,82,50.6,3475.8,445.9,7.8
3.0,0.5,85,1,200,short,141,66,75,46.8,751.3,678.5,1.11
3.0,0.5,85,2,200,both,302,149,153,49.3,4350.8,598.7,7.27
3.0,0.5,85,2,200,long,163,84,79,51.5,3649.8,387.9,9.41
3.0,0.5,85,2,200,short,139,65,74,46.8,701.0,620.5,1.13
3.0,0.5,85,3,200,both,301,148,153,49.2,4269.3,598.7,7.13
3.0,0.5,85,3,200,long,162,83,79,51.2,3568.3,387.9,9.2
3.0,0.5,85,3,200,short,139,65,74,46.8,701.0,620.5,1.13
3.0,0.5,85,4,200,both,300,148,152,49.3,4383.2,598.7,7.32
3.0,0.5,85,4,200,long,162,83,79,51.2,3568.3,387.9,9.2
3.0,0.5,85,4,200,short,138,65,73,47.1,814.9,620.5,1.31
3.0,0.5,95,1,200,both,306,149,157,48.7,4281.0,700.9,6.11
3.0,0.5,95,1,200,long,166,84,82,50.6,3525.5,445.9,7.91
3.0,0.5,95,1,200,short,140,65,75,46.4,755.5,657.7,1.15
3.0,0.5,95,2,200,both,301,148,153,49.2,4404.7,598.7,7.36
3.0,0.5,95,2,200,long,163,84,79,51.5,3699.5,387.9,9.54
3.0,0.5,95,2,200,short,138,64,74,46.4,705.2,599.7,1.18
3.0,0.5,95,3,200,both,299,146,153,48.8,4277.0,598.7,7.14
3.0,0.5,95,3,200,long,161,82,79,50.9,3571.8,387.9,9.21
3.0,0.5,95,3,200,short,138,64,74,46.4,705.2,599.7,1.18
3.0,0.5,95,4,200,both,298,146,152,49.0,4390.9,598.7,7.33
3.0,0.5,95,4,200,long,161,82,79,50.9,3571.8,387.9,9.21
3.0,0.5,95,4,200,short,137,64,73,46.7,819.1,599.7,1.37
3.0,0.75,55,1,200,both,307,181,126,59.0,2714.9,1030.2,2.64
3.0,0.75,55,1,200,long,169,106,63,62.7,3192.2,445.3,7.17
3.0,0.75,55,1,200,short,138,75,63,54.3,-477.3,1249.8,-0.38
3.0,0.75,55,2,200,both,303,179,124,59.1,2782.7,949.5,2.93
3.0,0.75,55,2,200,long,166,105,61,63.3,3368.3,445.3,7.56
3.0,0.75,55,2,200,short,137,74,63,54.0,-585.6,1249.8,-0.47
3.0,0.75,55,3,200,both,300,177,123,59.0,2749.6,949.5,2.9
3.0,0.75,55,3,200,long,165,104,61,63.0,3325.7,445.3,7.47
3.0,0.75,55,3,200,short,135,73,62,54.1,-576.1,1249.8,-0.46
3.0,0.75,55,4,200,both,300,177,123,59.0,2768.2,949.5,2.92
3.0,0.75,55,4,200,long,165,104,61,63.0,3325.7,445.3,7.47
3.0,0.75,55,4,200,short,135,73,62,54.1,-557.5,1249.8,-0.45
3.0,0.75,65,1,200,both,301,174,127,57.8,2647.8,1132.1,2.34
3.0,0.75,65,1,200,long,165,102,63,61.8,3312.5,489.1,6.77
3.0,0.75,65,1,200,short,136,72,64,52.9,-664.7,1249.8,-0.53
3.0,0.75,65,2,200,both,299,174,125,58.2,2828.3,1051.4,2.69
3.0,0.75,65,2,200,long,163,102,61,62.6,3493.0,489.1,7.14
3.0,0.75,65,2,200,short,136,72,64,52.9,-664.7,1249.8,-0.53
3.0,0.75,65,3,200,both,297,173,124,58.2,2868.7,1051.4,2.73
3.0,0.75,65,3,200,long,162,101,61,62.3,3450.4,489.1,7.05
3.0,0.75,65,3,200,short,135,72,63,53.3,-581.7,1249.8,-0.47
3.0,0.75,65,4,200,both,297,173,124,58.2,2887.3,1051.4,2.75
3.0,0.75,65,4,200,long,162,101,61,62.3,3450.4,489.1,7.05
3.0,0.75,65,4,200,short,135,72,63,53.3,-563.1,1249.8,-0.45
3.0,0.75,75,1,200,both,297,170,127,57.2,3326.6,1002.3,3.32
3.0,0.75,75,1,200,long,162,99,63,61.1,3608.2,477.6,7.55
3.0,0.75,75,1,200,short,135,71,64,52.6,-281.6,1159.8,-0.24
3.0,0.75,75,2,200,both,295,170,125,57.6,3492.6,949.9,3.68
3.0,0.75,75,2,200,long,160,99,61,61.9,3774.2,477.6,7.9
3.0,0.75,75,2,200,short,135,71,64,52.6,-281.6,1159.8,-0.24
3.0,0.75,75,3,200,both,294,170,124,57.8,3575.6,949.9,3.76
3.0,0.75,75,3,200,long,160,99,61,61.9,3774.2,477.6,7.9
3.0,0.75,75,3,200,short,134,71,63,53.0,-198.6,1159.8,-0.17
3.0,0.75,75,4,200,both,294,170,124,57.8,3594.2,949.9,3.78
3.0,0.75,75,4,200,long,160,99,61,61.9,3774.2,477.6,7.9
3.0,0.75,75,4,200,short,134,71,63,53.0,-180.0,1159.8,-0.16
3.0,0.75,85,1,200,both,295,167,128,56.6,3520.0,949.9,3.71
3.0,0.75,85,1,200,long,161,98,63,60.9,3781.5,477.6,7.92
3.0,0.75,85,1,200,short,134,69,65,51.5,-261.5,1079.6,-0.24
3.0,0.75,85,2,200,both,294,167,127,56.8,3603.0,949.9,3.79
3.0,0.75,85,2,200,long,160,98,62,61.3,3864.5,477.6,8.09
3.0,0.75,85,2,200,short,134,69,65,51.5,-261.5,1079.6,-0.24
3.0,0.75,85,3,200,both,293,167,126,57.0,3686.0,949.9,3.88
3.0,0.75,85,3,200,long,160,98,62,61.3,3864.5,477.6,8.09
3.0,0.75,85,3,200,short,133,69,64,51.9,-178.5,1079.6,-0.17
3.0,0.75,85,4,200,both,293,167,126,57.0,3704.6,949.9,3.9
3.0,0.75,85,4,200,long,160,98,62,61.3,3864.5,477.6,8.09
3.0,0.75,85,4,200,short,133,69,64,51.9,-159.9,1079.6,-0.15
3.0,0.75,95,1,200,both,293,166,127,56.7,3912.1,949.9,4.12
3.0,0.75,95,1,200,long,160,98,62,61.3,3857.4,477.6,8.08
3.0,0.75,95,1,200,short,133,68,65,51.1,54.7,1058.8,0.05
3.0,0.75,95,2,200,both,292,166,126,56.8,3995.1,949.9,4.21
3.0,0.75,95,2,200,long,159,98,61,61.6,3940.4,477.6,8.25
3.0,0.75,95,2,200,short,133,68,65,51.1,54.7,1058.8,0.05
3.0,0.75,95,3,200,both,290,165,125,56.9,4031.9,949.9,4.24
3.0,0.75,95,3,200,long,158,97,61,61.4,3894.2,477.6,8.15
3.0,0.75,95,3,200,short,132,68,64,51.5,137.7,1058.8,0.13
3.0,0.75,95,4,200,both,290,165,125,56.9,4050.5,949.9,4.26
3.0,0.75,95,4,200,long,158,97,61,61.4,3894.2,477.6,8.15
3.0,0.75,95,4,200,short,132,68,64,51.5,156.3,1058.8,0.15
3.0,1.0,55,1,200,both,302,196,106,64.9,2900.5,878.4,3.3
3.0,1.0,55,1,200,long,166,113,53,68.1,3236.5,517.6,6.25
3.0,1.0,55,1,200,short,136,83,53,61.0,-336.0,1073.4,-0.31
3.0,1.0,55,2,200,both,298,194,104,65.1,2989.1,770.4,3.88
3.0,1.0,55,2,200,long,163,112,51,68.7,3433.4,517.6,6.63
3.0,1.0,55,2,200,short,135,82,53,60.7,-444.3,1073.4,-0.41
3.0,1.0,55,3,200,both,295,192,103,65.1,2981.0,770.4,3.87
3.0,1.0,55,3,200,long,162,111,51,68.5,3390.8,517.6,6.55
3.0,1.0,55,3,200,short,133,81,52,60.9,-409.8,1073.4,-0.38
3.0,1.0,55,4,200,both,295,192,103,65.1,2999.6,770.4,3.89
3.0,1.0,55,4,200,long,162,111,51,68.5,3390.8,517.6,6.55
3.0,1.0,55,4,200,short,133,81,52,60.9,-391.2,1073.4,-0.36
3.0,1.0,65,1,200,both,296,190,106,64.2,2914.5,878.4,3.32
3.0,1.0,65,1,200,long,162,109,53,67.3,3331.8,623.4,5.34
3.0,1.0,65,1,200,short,134,81,53,60.4,-417.3,1073.4,-0.39
3.0,1.0,65,2,200,both,294,190,104,64.6,3115.8,810.4,3.84
3.0,1.0,65,2,200,long,160,109,51,68.1,3533.1,623.4,5.67
3.0,1.0,65,2,200,short,134,81,53,60.4,-417.3,1073.4,-0.39
3.0,1.0,65,3,200,both,292,189,103,64.7,3181.2,810.4,3.93
3.0,1.0,65,3,200,long,159,108,51,67.9,3490.5,623.4,5.6
3.0,1.0,65,3,200,short,133,81,52,60.9,-309.3,1073.4,-0.29
3.0,1.0,65,4,200,both,292,189,103,64.7,3199.8,810.4,3.95
3.0,1.0,65,4,200,long,159,108,51,67.9,3490.5,623.4,5.6
3.0,1.0,65,4,200,short,133,81,52,60.9,-290.7,1073.4,-0.27
3.0,1.0,75,1,200,both,293,187,106,63.8,3653.0,878.4,4.16
3.0,1.0,75,1,200,long,160,107,53,66.9,3687.2,552.2,6.68
3.0,1.0,75,1,200,short,133,80,53,60.2,-34.2,993.5,-0.03
3.0,1.0,75,2,200,both,291,187,104,64.3,3839.8,770.4,4.98
3.0,1.0,75,2,200,long,158,107,51,67.7,3874.0,552.2,7.02
3.0,1.0,75,2,200,short,133,80,53,60.2,-34.2,993.5,-0.03
3.0,1.0,75,3,200,both,290,187,103,64.5,3947.8,770.4,5.12
3.0,1.0,75,3,200,long,158,107,51,67.7,3874.0,552.2,7.02
3.0,1.0,75,3,200,short,132,80,52,60.6,73.8,993.5,0.07
3.0,1.0,75,4,200,both,290,187,103,64.5,3966.4,770.4,5.15
3.0,1.0,75,4,200,long,158,107,51,67.7,3874.0,552.2,7.02
3.0,1.0,75,4,200,short,132,80,52,60.6,92.4,993.5,0.09
3.0,1.0,85,1,200,both,291,184,107,63.2,3821.4,838.1,4.56
3.0,1.0,85,1,200,long,159,106,53,66.7,3860.5,552.2,6.99
3.0,1.0,85,1,200,short,132,78,54,59.1,-39.1,993.5,-0.04
3.0,1.0,85,2,200,both,290,184,106,63.4,3900.2,838.1,4.65
3.0,1.0,85,2,200,long,158,106,52,67.1,3939.3,552.2,7.13
3.0,1.0,85,2,200,short,132,78,54,59.1,-39.1,993.5,-0.04
3.0,1.0,85,3,200,both,289,184,105,63.7,4008.2,838.1,4.78
3.0,1.0,85,3,200,long,158,106,52,67.1,3939.3,552.2,7.13
3.0,1.0,85,3,200,short,131,78,53,59.5,68.9,993.5,0.07
3.0,1.0,85,4,200,both,289,184,105,63.7,4026.8,838.1,4.8
3.0,1.0,85,4,200,long,158,106,52,67.1,3939.3,552.2,7.13
3.0,1.0,85,4,200,short,131,78,53,59.5,87.5,993.5,0.09
3.0,1.0,95,1,200,both,289,183,106,63.3,4213.5,817.3,5.16
3.0,1.0,95,1,200,long,158,106,52,67.1,3936.4,552.2,7.13
3.0,1.0,95,1,200,short,131,77,54,58.8,277.1,972.7,0.28
3.0,1.0,95,2,200,both,288,183,105,63.5,4292.3,817.3,5.25
3.0,1.0,95,2,200,long,157,106,51,67.5,4015.2,552.2,7.27
3.0,1.0,95,2,200,short,131,77,54,58.8,277.1,972.7,0.28
3.0,1.0,95,3,200,both,286,182,104,63.6,4354.1,817.3,5.33
3.0,1.0,95,3,200,long,156,105,51,67.3,3969.0,552.2,7.19
3.0,1.0,95,3,200,short,130,77,53,59.2,385.1,972.7,0.4
3.0,1.0,95,4,200,both,286,182,104,63.6,4372.7,817.3,5.35
3.0,1.0,95,4,200,long,156,105,51,67.3,3969.0,552.2,7.19
3.0,1.0,95,4,200,short,130,77,53,59.2,403.7,972.7,0.42
3.0,1.25,55,1,200,both,301,203,98,67.4,2671.1,1228.4,2.17
3.0,1.25,55,1,200,long,166,116,50,69.9,2884.5,696.5,4.14
3.0,1.25,55,1,200,short,135,87,48,64.4,-213.4,1192.9,-0.18
3.0,1.25,55,2,200,both,297,201,96,67.7,2809.7,1095.4,2.56
3.0,1.25,55,2,200,long,163,115,48,70.6,3131.4,707.4,4.43
3.0,1.25,55,2,200,short,134,86,48,64.2,-321.7,1192.9,-0.27
3.0,1.25,55,3,200,both,295,199,96,67.5,2693.6,1095.4,2.46
3.0,1.25,55,3,200,long,162,114,48,70.4,3088.8,707.4,4.37
3.0,1.25,55,3,200,short,133,85,48,63.9,-395.2,1192.9,-0.33
3.0,1.25,55,4,200,both,295,199,96,67.5,2712.2,1095.4,2.48
3.0,1.25,55,4,200,long,162,114,48,70.4,3088.8,707.4,4.37
3.0,1.25,55,4,200,short,133,85,48,63.9,-376.6,1192.9,-0.32
3.0,1.25,65,1,200,both,295,197,98,66.8,2660.1,1228.4,2.17
3.0,1.25,65,1,200,long,162,112,50,69.1,2954.8,848.4,3.48
3.0,1.25,65,1,200,short,133,85,48,63.9,-294.7,1192.9,-0.25
3.0,1.25,65,2,200,both,293,197,96,67.2,2911.4,1095.4,2.66
3.0,1.25,65,2,200,long,160,112,48,70.0,3206.1,859.3,3.73
3.0,1.25,65,2,200,short,133,85,48,63.9,-294.7,1192.9,-0.25
3.0,1.25,65,3,200,both,292,196,96,67.1,2868.8,1095.4,2.62
3.0,1.25,65,3,200,long,159,111,48,69.8,3163.5,859.3,3.68
3.0,1.25,65,3,200,short,133,85,48,63.9,-294.7,1192.9,-0.25
3.0,1.25,65,4,200,both,292,196,96,67.1,2887.4,1095.4,2.64
3.0,1.25,65,4,200,long,159,111,48,69.8,3163.5,859.3,3.68
3.0,1.25,65,4,200,short,133,85,48,63.9,-276.1,1192.9,-0.23
3.0,1.25,75,1,200,both,292,194,98,66.4,3398.6,1228.4,2.77
3.0,1.25,75,1,200,long,160,110,50,68.8,3310.2,777.2,4.26
3.0,1.25,75,1,200,short,132,84,48,63.6,88.4,1192.9,0.07
3.0,1.25,75,2,200,both,290,194,96,66.9,3635.4,1095.4,3.32
3.0,1.25,75,2,200,long,158,110,48,69.6,3547.0,788.1,4.5
3.0,1.25,75,2,200,short,132,84,48,63.6,88.4,1192.9,0.07
3.0,1.25,75,3,200,both,290,194,96,66.9,3635.4,1095.4,3.32
3.0,1.25,75,3,200,long,158,110,48,69.6,3547.0,788.1,4.5
3.0,1.25,75,3,200,short,132,84,48,63.6,88.4,1192.9,0.07
3.0,1.25,75,4,200,both,290,194,96,66.9,3654.0,1095.4,3.34
3.0,1.25,75,4,200,long,158,110,48,69.6,3547.0,788.1,4.5
3.0,1.25,75,4,200,short,132,84,48,63.6,107.0,1192.9,0.09
3.0,1.25,85,1,200,both,290,191,99,65.9,3542.0,1188.1,2.98
3.0,1.25,85,1,200,long,159,109,50,68.6,3483.5,777.2,4.48
3.0,1.25,85,1,200,short,131,82,49,62.6,58.5,1192.9,0.05
3.0,1.25,85,2,200,both,289,191,98,66.1,3645.8,1188.1,3.07
3.0,1.25,85,2,200,long,158,109,49,69.0,3587.3,788.1,4.55
3.0,1.25,85,2,200,short,131,82,49,62.6,58.5,1192.9,0.05
3.0,1.25,85,3,200,both,289,191,98,66.1,3645.8,1188.1,3.07
3.0,1.25,85,3,200,long,158,109,49,69.0,3587.3,788.1,4.55
3.0,1.25,85,3,200,short,131,82,49,62.6,58.5,1192.9,0.05
3.0,1.25,85,4,200,both,289,191,98,66.1,3664.4,1188.1,3.08
3.0,1.25,85,4,200,long,158,109,49,69.0,3587.3,788.1,4.55
3.0,1.25,85,4,200,short,131,82,49,62.6,77.1,1192.9,0.06
3.0,1.25,95,1,200,both,288,190,98,66.0,3934.1,1167.3,3.37
3.0,1.25,95,1,200,long,158,109,49,69.0,3559.4,777.2,4.58
3.0,1.25,95,1,200,short,130,81,49,62.3,374.7,1172.1,0.32
3.0,1.25,95,2,200,both,287,190,97,66.2,4037.9,1167.3,3.46
3.0,1.25,95,2,200,long,157,109,48,69.4,3663.2,788.1,4.65
3.0,1.25,95,2,200,short,130,81,49,62.3,374.7,1172.1,0.32
3.0,1.25,95,3,200,both,286,189,97,66.1,3991.7,1167.3,3.42
3.0,1.25,95,3,200,long,156,108,48,69.2,3617.0,788.1,4.59
3.0,1.25,95,3,200,short,130,81,49,62.3,374.7,1172.1,0.32
3.0,1.25,95,4,200,both,286,189,97,66.1,4010.3,1167.3,3.44
3.0,1.25,95,4,200,long,156,108,48,69.2,3617.0,788.1,4.59
3.0,1.25,95,4,200,short,130,81,49,62.3,393.3,1172.1,0.34
3.0,1.5,55,1,200,both,301,211,90,70.1,3117.5,1293.6,2.41
3.0,1.5,55,1,200,long,166,120,46,72.3,3377.8,777.1,4.35
3.0,1.5,55,1,200,short,135,91,44,67.4,-260.3,1252.1,-0.21
3.0,1.5,55,2,200,both,297,209,88,70.4,3335.3,1135.6,2.94
3.0,1.5,55,2,200,long,163,119,44,73.0,3703.9,777.1,4.77
3.0,1.5,55,2,200,short,134,90,44,67.2,-368.6,1252.1,-0.29
3.0,1.5,55,3,200,both,295,208,87,70.5,3457.9,1135.6,3.04
3.0,1.5,55,3,200,long,162,118,44,72.8,3661.3,777.1,4.71
3.0,1.5,55,3,200,short,133,90,43,67.7,-203.4,1252.1,-0.16
3.0,1.5,55,4,200,both,295,208,87,70.5,3476.5,1135.6,3.06
3.0,1.5,55,4,200,long,162,118,44,72.8,3661.3,777.1,4.71
3.0,1.5,55,4,200,short,133,90,43,67.7,-184.8,1252.1,-0.15
3.0,1.5,65,1,200,both,295,205,90,69.5,3081.5,1465.6,2.1
3.0,1.5,65,1,200,long,162,116,46,71.6,3423.1,954.0,3.59
3.0,1.5,65,1,200,short,133,89,44,66.9,-341.6,1252.1,-0.27
3.0,1.5,65,2,200,both,293,205,88,70.0,3412.0,1307.6,2.61
3.0,1.5,65,2,200,long,160,116,44,72.5,3753.6,954.0,3.93
3.0,1.5,65,2,200,short,133,89,44,66.9,-341.6,1252.1,-0.27
3.0,1.5,65,3,200,both,292,205,87,70.2,3608.1,1307.6,2.76
3.0,1.5,65,3,200,long,159,115,44,72.3,3711.0,954.0,3.89
3.0,1.5,65,3,200,short,133,90,43,67.7,-102.9,1252.1,-0.08
3.0,1.5,65,4,200,both,292,205,87,70.2,3626.7,1307.6,2.77
3.0,1.5,65,4,200,long,159,115,44,72.3,3711.0,954.0,3.89
3.0,1.5,65,4,200,short,133,90,43,67.7,-84.3,1252.1,-0.07
3.0,1.5,75,1,200,both,292,202,90,69.2,3820.0,1293.6,2.95
3.0,1.5,75,1,200,long,160,114,46,71.2,3778.5,882.8,4.28
3.0,1.5,75,1,200,short,132,88,44,66.7,41.5,1252.1,0.03
3.0,1.5,75,2,200,both,290,203,87,70.0,4374.7,1135.6,3.85
3.0,1.5,75,2,200,long,158,114,44,72.2,4094.5,882.8,4.64
3.0,1.5,75,2,200,short,132,89,43,67.4,280.2,1252.1,0.22
3.0,1.5,75,3,200,both,290,203,87,70.0,4374.7,1135.6,3.85
3.0,1.5,75,3,200,long,158,114,44,72.2,4094.5,882.8,4.64
3.0,1.5,75,3,200,short,132,89,43,67.4,280.2,1252.1,0.22
3.0,1.5,75,4,200,both,290,203,87,70.0,4393.3,1135.6,3.87
3.0,1.5,75,4,200,long,158,114,44,72.2,4094.5,882.8,4.64
3.0,1.5,75,4,200,short,132,89,43,67.4,298.8,1252.1,0.24
3.0,1.5,85,1,200,both,290,199,91,68.6,3938.4,1253.3,3.14
3.0,1.5,85,1,200,long,159,113,46,71.1,3951.8,882.8,4.48
3.0,1.5,85,1,200,short,131,86,45,65.6,-13.4,1257.1,-0.01
3.0,1.5,85,2,200,both,289,200,89,69.2,4335.1,1253.3,3.46
3.0,1.5,85,2,200,long,158,113,45,71.5,4109.8,882.8,4.66
3.0,1.5,85,2,200,short,131,87,44,66.4,225.3,1257.1,0.18
3.0,1.5,85,3,200,both,289,200,89,69.2,4335.1,1253.3,3.46
3.0,1.5,85,3,200,long,158,113,45,71.5,4109.8,882.8,4.66
3.0,1.5,85,3,200,short,131,87,44,66.4,225.3,1257.1,0.18
3.0,1.5,85,4,200,both,289,200,89,69.2,4353.7,1253.3,3.47
3.0,1.5,85,4,200,long,158,113,45,71.5,4109.8,882.8,4.66
3.0,1.5,85,4,200,short,131,87,44,66.4,243.9,1257.1,0.19
3.0,1.5,95,1,200,both,288,198,90,68.8,4330.5,1232.5,3.51
3.0,1.5,95,1,200,long,158,113,45,71.5,4027.7,882.8,4.56
3.0,1.5,95,1,200,short,130,85,45,65.4,302.8,1236.3,0.24
3.0,1.5,95,2,200,both,287,198,89,69.0,4488.5,1232.5,3.64
3.0,1.5,95,2,200,long,157,113,44,72.0,4185.7,882.8,4.74
3.0,1.5,95,2,200,short,130,85,45,65.4,302.8,1236.3,0.24
3.0,1.5,95,3,200,both,286,197,89,68.9,4442.3,1232.5,3.6
3.0,1.5,95,3,200,long,156,112,44,71.8,4139.5,882.8,4.69
3.0,1.5,95,3,200,short,130,85,45,65.4,302.8,1236.3,0.24
3.0,1.5,95,4,200,both,286,197,89,68.9,4460.9,1232.5,3.62
3.0,1.5,95,4,200,long,156,112,44,71.8,4139.5,882.8,4.69
3.0,1.5,95,4,200,short,130,85,45,65.4,321.4,1236.3,0.26
3.0,2.0,55,1,200,both,297,216,81,72.7,2632.7,1691.5,1.56
3.0,2.0,55,1,200,long,164,122,42,74.4,3088.6,1021.8,3.02
3.0,2.0,55,1,200,short,133,94,39,70.7,-455.9,1635.0,-0.28
3.0,2.0,55,2,200,both,293,214,79,73.0,2834.4,1605.2,1.77
3.0,2.0,55,2,200,long,161,121,40,75.2,3393.0,1021.8,3.32
3.0,2.0,55,2,200,short,132,93,39,70.5,-558.6,1635.0,-0.34
3.0,2.0,55,3,200,both,291,212,79,72.9,2751.3,1605.2,1.71
3.0,2.0,55,3,200,long,160,120,40,75.0,3350.4,1021.8,3.28
3.0,2.0,55,3,200,short,131,92,39,70.2,-599.1,1635.0,-0.37
3.0,2.0,55,4,200,both,291,212,79,72.9,2769.9,1605.2,1.73
3.0,2.0,55,4,200,long,160,120,40,75.0,3350.4,1021.8,3.28
3.0,2.0,55,4,200,short,131,92,39,70.2,-580.5,1635.0,-0.36
3.0,2.0,65,1,200,both,291,210,81,72.2,2546.7,1918.4,1.33
3.0,2.0,65,1,200,long,160,118,42,73.8,3083.9,1293.7,2.38
3.0,2.0,65,1,200,short,131,92,39,70.2,-537.2,1635.0,-0.33
3.0,2.0,65,2,200,both,289,210,79,72.7,2861.1,1832.1,1.56
3.0,2.0,65,2,200,long,158,118,40,74.7,3392.7,1293.7,2.62
3.0,2.0,65,2,200,short,131,92,39,70.2,-531.6,1635.0,-0.33
3.0,2.0,65,3,200,both,288,209,79,72.6,2851.5,1832.1,1.56
3.0,2.0,65,3,200,long,157,117,40,74.5,3350.1,1293.7,2.59
3.0,2.0,65,3,200,short,131,92,39,70.2,-498.6,1635.0,-0.3
3.0,2.0,65,4,200,both,288,209,79,72.6,2870.1,1832.1,1.57
3.0,2.0,65,4,200,long,157,117,40,74.5,3350.1,1293.7,2.59
3.0,2.0,65,4,200,short,131,92,39,70.2,-480.0,1635.0,-0.29
3.0,2.0,75,1,200,both,288,207,81,71.9,3290.8,1660.4,1.98
3.0,2.0,75,1,200,long,158,116,42,73.4,3439.3,1222.5,2.81
3.0,2.0,75,1,200,short,130,91,39,70.0,-148.5,1635.0,-0.09
3.0,2.0,75,2,200,both,286,207,79,72.4,3618.1,1574.1,2.3
3.0,2.0,75,2,200,long,156,116,40,74.4,3733.6,1222.5,3.05
3.0,2.0,75,2,200,short,130,91,39,70.0,-115.5,1635.0,-0.07
3.0,2.0,75,3,200,both,286,207,79,72.4,3618.1,1574.1,2.3
3.0,2.0,75,3,200,long,156,116,40,74.4,3733.6,1222.5,3.05
3.0,2.0,75,3,200,short,130,91,39,70.0,-115.5,1635.0,-0.07
3.0,2.0,75,4,200,both,286,207,79,72.4,3636.7,1574.1,2.31
3.0,2.0,75,4,200,long,156,116,40,74.4,3733.6,1222.5,3.05
3.0,2.0,75,4,200,short,130,91,39,70.0,-96.9,1635.0,-0.06
3.0,2.0,85,1,200,both,286,204,82,71.3,3237.5,1665.7,1.94
3.0,2.0,85,1,200,long,157,115,42,73.2,3490.9,1222.5,2.86
3.0,2.0,85,1,200,short,129,89,40,69.0,-253.4,1690.0,-0.15
3.0,2.0,85,2,200,both,285,204,81,71.6,3478.5,1665.7,2.09
3.0,2.0,85,2,200,long,156,115,41,73.7,3698.9,1222.5,3.03
3.0,2.0,85,2,200,short,129,89,40,69.0,-220.4,1690.0,-0.13
3.0,2.0,85,3,200,both,285,204,81,71.6,3478.5,1665.7,2.09
3.0,2.0,85,3,200,long,156,115,41,73.7,3698.9,1222.5,3.03
3.0,2.0,85,3,200,short,129,89,40,69.0,-220.4,1690.0,-0.13
3.0,2.0,85,4,200,both,285,204,81,71.6,3497.1,1665.7,2.1
3.0,2.0,85,4,200,long,156,115,41,73.7,3698.9,1222.5,3.03
3.0,2.0,85,4,200,short,129,89,40,69.0,-201.8,1690.0,-0.12
3.0,2.0,95,1,200,both,284,203,81,71.5,3618.0,1644.9,2.2
3.0,2.0,95,1,200,long,156,115,41,73.7,3566.8,1222.5,2.92
3.0,2.0,95,1,200,short,128,88,40,68.8,51.2,1669.2,0.03
3.0,2.0,95,2,200,both,283,203,80,71.7,3826.0,1644.9,2.33
3.0,2.0,95,2,200,long,155,115,40,74.2,3774.8,1222.5,3.09
3.0,2.0,95,2,200,short,128,88,40,68.8,51.2,1669.2,0.03
3.0,2.0,95,3,200,both,282,202,80,71.6,3779.8,1644.9,2.3
3.0,2.0,95,3,200,long,154,114,40,74.0,3728.6,1222.5,3.05
3.0,2.0,95,3,200,short,128,88,40,68.8,51.2,1669.2,0.03
3.0,2.0,95,4,200,both,282,202,80,71.6,3798.4,1644.9,2.31
3.0,2.0,95,4,200,long,154,114,40,74.0,3728.6,1222.5,3.05
3.0,2.0,95,4,200,short,128,88,40,68.8,69.8,1669.2,0.04
3.0,0.5,55,1,250,both,326,167,159,51.2,3266.6,858.6,3.8
3.0,0.5,55,1,250,long,176,93,83,52.8,2901.9,586.9,4.94
3.0,0.5,55,1,250,short,150,74,76,49.3,364.7,762.0,0.48
3.0,0.5,55,2,250,both,320,166,154,51.9,3462.0,800.6,4.32
3.0,0.5,55,2,250,long,171,93,78,54.4,3205.6,528.9,6.06
3.0,0.5,55,2,250,short,149,73,76,49.0,256.4,762.0,0.34
3.0,0.5,55,3,250,both,317,163,154,51.4,3264.4,800.6,4.08
3.0,0.5,55,3,250,long,169,91,78,53.8,3081.5,528.9,5.83
3.0,0.5,55,3,250,short,148,72,76,48.6,182.9,762.0,0.24
3.0,0.5,55,4,250,both,316,163,153,51.6,3378.3,800.6,4.22
3.0,0.5,55,4,250,long,169,91,78,53.8,3081.5,528.9,5.83
3.0,0.5,55,4,250,short,147,72,75,49.0,296.8,762.0,0.39
3.0,0.5,65,1,250,both,321,161,160,50.2,3310.9,835.3,3.96
3.0,0.5,65,1,250,long,172,89,83,51.7,3000.3,541.9,5.54
3.0,0.5,65,1,250,short,149,72,77,48.3,310.6,762.0,0.41
3.0,0.5,65,2,250,both,316,161,155,50.9,3510.7,777.3,4.52
3.0,0.5,65,2,250,long,168,90,78,53.6,3308.4,483.9,6.84
3.0,0.5,65,2,250,short,148,71,77,48.0,202.3,762.0,0.27
3.0,0.5,65,3,250,both,314,159,155,50.6,3386.6,777.3,4.36
3.0,0.5,65,3,250,long,166,88,78,53.0,3184.3,483.9,6.58
3.0,0.5,65,3,250,short,148,71,77,48.0,202.3,762.0,0.27
3.0,0.5,65,4,250,both,313,159,154,50.8,3500.5,777.3,4.5
3.0,0.5,65,4,250,long,166,88,78,53.0,3184.3,483.9,6.58
3.0,0.5,65,4,250,short,147,71,76,48.3,316.2,762.0,0.41
3.0,0.5,75,1,250,both,318,156,162,49.1,3840.5,863.0,4.45
3.0,0.5,75,1,250,long,169,85,84,50.3,3104.1,601.6,5.16
3.0,0.5,75,1,250,short,149,71,78,47.7,736.4,682.3,1.08
3.0,0.5,75,2,250,both,312,155,157,49.7,4022.2,747.0,5.38
3.0,0.5,75,2,250,long,165,85,80,51.5,3336.1,543.6,6.14
3.0,0.5,75,2,250,short,147,70,77,47.6,686.1,624.3,1.1
3.0,0.5,75,3,250,both,311,154,157,49.5,3940.7,747.0,5.28
3.0,0.5,75,3,250,long,164,84,80,51.2,3254.6,543.6,5.99
3.0,0.5,75,3,250,short,147,70,77,47.6,686.1,624.3,1.1
3.0,0.5,75,4,250,both,310,154,156,49.7,4054.6,747.0,5.43
3.0,0.5,75,4,250,long,164,84,80,51.2,3254.6,543.6,5.99
3.0,0.5,75,4,250,short,146,70,76,47.9,800.0,624.3,1.28
3.0,0.5,85,1,250,both,316,153,163,48.4,4289.8,863.0,4.97
3.0,0.5,85,1,250,long,168,84,84,50.0,3361.2,601.6,5.59
3.0,0.5,85,1,250,short,148,69,79,46.6,928.6,682.3,1.36
3.0,0.5,85,2,250,both,311,152,159,48.9,4413.5,747.0,5.91
3.0,0.5,85,2,250,long,165,84,81,50.9,3535.2,543.6,6.5
3.0,0.5,85,2,250,short,146,68,78,46.6,878.3,624.3,1.41
3.0,0.5,85,3,250,both,310,151,159,48.7,4332.0,747.0,5.8
3.0,0.5,85,3,250,long,164,83,81,50.6,3453.7,543.6,6.35
3.0,0.5,85,3,250,short,146,68,78,46.6,878.3,624.3,1.41
3.0,0.5,85,4,250,both,309,151,158,48.9,4445.9,747.0,5.95
3.0,0.5,85,4,250,long,164,83,81,50.6,3453.7,543.6,6.35
3.0,0.5,85,4,250,short,145,68,77,46.9,992.2,624.3,1.59
3.0,0.5,95,1,250,both,315,152,163,48.3,4305.7,863.0,4.99
3.0,0.5,95,1,250,long,168,84,84,50.0,3372.9,601.6,5.61
3.0,0.5,95,1,250,short,147,68,79,46.3,932.8,661.5,1.41
3.0,0.5,95,2,250,both,310,151,159,48.7,4429.4,747.0,5.93
3.0,0.5,95,2,250,long,165,84,81,50.9,3546.9,543.6,6.52
3.0,0.5,95,2,250,short,145,67,78,46.2,882.5,603.5,1.46
3.0,0.5,95,3,250,both,308,149,159,48.4,4301.7,747.0,5.76
3.0,0.5,95,3,250,long,163,82,81,50.3,3419.2,543.6,6.29
3.0,0.5,95,3,250,short,145,67,78,46.2,882.5,603.5,1.46
3.0,0.5,95,4,250,both,307,149,158,48.5,4415.6,747.0,5.91
3.0,0.5,95,4,250,long,163,82,81,50.3,3419.2,543.6,6.29
3.0,0.5,95,4,250,short,144,67,77,46.5,996.4,603.5,1.65
3.0,0.75,55,1,250,both,315,185,130,58.7,2651.3,1100.7,2.41
3.0,0.75,55,1,250,long,170,106,64,62.4,3099.7,350.3,8.85
3.0,0.75,55,1,250,short,145,79,66,54.5,-448.4,1266.8,-0.35
3.0,0.75,55,2,250,both,311,183,128,58.8,2719.1,1092.9,2.49
3.0,0.75,55,2,250,long,167,105,62,62.9,3275.8,350.3,9.35
3.0,0.75,55,2,250,short,144,78,66,54.2,-556.7,1266.8,-0.44
3.0,0.75,55,3,250,both,308,181,127,58.8,2686.0,1092.9,2.46
3.0,0.75,55,3,250,long,166,104,62,62.7,3233.2,350.3,9.23
3.0,0.75,55,3,250,short,142,77,65,54.2,-547.2,1266.8,-0.43
3.0,0.75,55,4,250,both,307,181,126,59.0,2787.6,1009.9,2.76
3.0,0.75,55,4,250,long,166,104,62,62.7,3233.2,350.3,9.23
3.0,0.75,55,4,250,short,141,77,64,54.6,-445.6,1183.8,-0.38
3.0,0.75,65,1,250,both,309,177,132,57.3,2415.4,1239.8,1.95
3.0,0.75,65,1,250,long,166,101,65,60.8,3051.2,466.9,6.54
3.0,0.75,65,1,250,short,143,76,67,53.1,-635.8,1266.8,-0.5
3.0,0.75,65,2,250,both,307,177,130,57.7,2595.9,1239.8,2.09
3.0,0.75,65,2,250,long,164,101,63,61.6,3231.7,466.9,6.92
3.0,0.75,65,2,250,short,143,76,67,53.1,-635.8,1266.8,-0.5
3.0,0.75,65,3,250,both,305,176,129,57.7,2636.3,1239.8,2.13
3.0,0.75,65,3,250,long,163,100,63,61.3,3189.1,466.9,6.83
3.0,0.75,65,3,250,short,142,76,66,53.5,-552.8,1266.8,-0.44
3.0,0.75,65,4,250,both,304,176,128,57.9,2737.9,1156.8,2.37
3.0,0.75,65,4,250,long,163,100,63,61.3,3189.1,466.9,6.83
3.0,0.75,65,4,250,short,141,76,65,53.9,-451.2,1183.8,-0.38
3.0,0.75,75,1,250,both,305,173,132,56.7,2975.3,1209.5,2.46
3.0,0.75,75,1,250,long,163,98,65,60.1,3228.0,526.6,6.13
3.0,0.75,75,1,250,short,142,75,67,52.8,-252.7,1176.8,-0.21
3.0,0.75,75,2,250,both,303,173,130,57.1,3141.3,1209.5,2.6
3.0,0.75,75,2,250,long,161,98,63,60.9,3394.0,526.6,6.45
3.0,0.75,75,2,250,short,142,75,67,52.8,-252.7,1176.8,-0.21
3.0,0.75,75,3,250,both,302,173,129,57.3,3224.3,1209.5,2.67
3.0,0.75,75,3,250,long,161,98,63,60.9,3394.0,526.6,6.45
3.0,0.75,75,3,250,short,141,75,66,53.2,-169.7,1176.8,-0.14
3.0,0.75,75,4,250,both,301,173,128,57.5,3325.9,1126.5,2.95
3.0,0.75,75,4,250,long,161,98,63,60.9,3394.0,526.6,6.45
3.0,0.75,75,4,250,short,140,75,65,53.6,-68.1,1093.8,-0.06
3.0,0.75,85,1,250,both,303,170,133,56.1,3263.1,1209.5,2.7
3.0,0.75,85,1,250,long,162,97,65,59.9,3401.3,526.6,6.46
3.0,0.75,85,1,250,short,141,73,68,51.8,-138.2,1100.3,-0.13
3.0,0.75,85,2,250,both,302,170,132,56.3,3346.1,1209.5,2.77
3.0,0.75,85,2,250,long,161,97,64,60.2,3484.3,526.6,6.62
3.0,0.75,85,2,250,short,141,73,68,51.8,-138.2,1100.3,-0.13
3.0,0.75,85,3,250,both,301,170,131,56.5,3429.1,1209.5,2.84
3.0,0.75,85,3,250,long,161,97,64,60.2,3484.3,526.6,6.62
3.0,0.75,85,3,250,short,140,73,67,52.1,-55.2,1100.3,-0.05
3.0,0.75,85,4,250,both,300,170,130,56.7,3530.7,1126.5,3.13
3.0,0.75,85,4,250,long,161,97,64,60.2,3484.3,526.6,6.62
3.0,0.75,85,4,250,short,139,73,66,52.5,46.4,1017.3,0.05
3.0,0.75,95,1,250,both,301,169,132,56.1,3617.2,1209.5,2.99
3.0,0.75,95,1,250,long,161,97,64,60.2,3439.2,526.6,6.53
3.0,0.75,95,1,250,short,140,72,68,51.4,178.0,1079.5,0.16
3.0,0.75,95,2,250,both,300,169,131,56.3,3700.2,1209.5,3.06
3.0,0.75,95,2,250,long,160,97,63,60.6,3522.2,526.6,6.69
3.0,0.75,95,2,250,short,140,72,68,51.4,178.0,1079.5,0.16
3.0,0.75,95,3,250,both,298,168,130,56.4,3737.0,1209.5,3.09
3.0,0.75,95,3,250,long,159,96,63,60.4,3476.0,526.6,6.6
3.0,0.75,95,3,250,short,139,72,67,51.8,261.0,1079.5,0.24
3.0,0.75,95,4,250,both,297,168,129,56.6,3838.6,1126.5,3.41
3.0,0.75,95,4,250,long,159,96,63,60.4,3476.0,526.6,6.6
3.0,0.75,95,4,250,short,138,72,66,52.2,362.6,996.5,0.36
3.0,1.0,55,1,250,both,309,201,108,65.0,2915.7,986.4,2.96
3.0,1.0,55,1,250,long,167,113,54,67.7,3062.9,493.0,6.21
3.0,1.0,55,1,250,short,142,88,54,62.0,-147.2,1108.5,-0.13
3.0,1.0,55,2,250,both,305,199,106,65.2,3004.3,878.4,3.42
3.0,1.0,55,2,250,long,164,112,52,68.3,3259.8,493.0,6.61
3.0,1.0,55,2,250,short,141,87,54,61.7,-255.5,1108.5,-0.23
3.0,1.0,55,3,250,both,302,197,105,65.2,2996.2,878.4,3.41
3.0,1.0,55,3,250,long,163,111,52,68.1,3217.2,493.0,6.53
3.0,1.0,55,3,250,short,139,86,53,61.9,-221.0,1108.5,-0.2
3.0,1.0,55,4,250,both,302,197,105,65.2,3014.8,878.4,3.43
3.0,1.0,55,4,250,long,163,111,52,68.1,3217.2,493.0,6.53
3.0,1.0,55,4,250,short,139,86,53,61.9,-202.4,1108.5,-0.18
3.0,1.0,65,1,250,both,303,194,109,64.0,2760.9,986.4,2.8
3.0,1.0,65,1,250,long,163,108,55,66.3,2989.4,609.3,4.91
3.0,1.0,65,1,250,short,140,86,54,61.4,-228.5,1108.5,-0.21
3.0,1.0,65,2,250,both,301,194,107,64.5,2962.2,918.4,3.23
3.0,1.0,65,2,250,long,161,108,53,67.1,3190.7,609.3,5.24
3.0,1.0,65,2,250,short,140,86,54,61.4,-228.5,1108.5,-0.21
3.0,1.0,65,3,250,both,299,193,106,64.5,3027.6,918.4,3.3
3.0,1.0,65,3,250,long,160,107,53,66.9,3148.1,609.3,5.17
3.0,1.0,65,3,250,short,139,86,53,61.9,-120.5,1108.5,-0.11
3.0,1.0,65,4,250,both,299,193,106,64.5,3046.2,918.4,3.32
3.0,1.0,65,4,250,long,160,107,53,66.9,3148.1,609.3,5.17
3.0,1.0,65,4,250,short,139,86,53,61.9,-101.9,1108.5,-0.09
3.0,1.0,75,1,250,both,300,191,109,63.7,3380.5,986.4,3.43
3.0,1.0,75,1,250,long,161,106,55,65.8,3225.9,609.3,5.29
3.0,1.0,75,1,250,short,139,85,54,61.2,154.6,1108.5,0.14
3.0,1.0,75,2,250,both,298,191,107,64.1,3567.3,878.4,4.06
3.0,1.0,75,2,250,long,159,106,53,66.7,3412.7,609.3,5.6
3.0,1.0,75,2,250,short,139,85,54,61.2,154.6,1108.5,0.14
3.0,1.0,75,3,250,both,297,191,106,64.3,3675.3,878.4,4.18
3.0,1.0,75,3,250,long,159,106,53,66.7,3412.7,609.3,5.6
3.0,1.0,75,3,250,short,138,85,53,61.6,262.6,1108.5,0.24
3.0,1.0,75,4,250,both,297,191,106,64.3,3693.9,878.4,4.21
3.0,1.0,75,4,250,long,159,106,53,66.7,3412.7,609.3,5.6
3.0,1.0,75,4,250,short,138,85,53,61.6,281.2,1108.5,0.25
3.0,1.0,85,1,250,both,298,188,110,63.1,3643.3,946.1,3.85
3.0,1.0,85,1,250,long,160,105,55,65.6,3399.2,609.3,5.58
3.0,1.0,85,1,250,short,138,83,55,60.1,244.1,1083.8,0.23
3.0,1.0,85,2,250,both,297,188,109,63.3,3722.1,946.1,3.93
3.0,1.0,85,2,250,long,159,105,54,66.0,3478.0,609.3,5.71
3.0,1.0,85,2,250,short,138,83,55,60.1,244.1,1083.8,0.23
3.0,1.0,85,3,250,both,296,188,108,63.5,3830.1,946.1,4.05
3.0,1.0,85,3,250,long,159,105,54,66.0,3478.0,609.3,5.71
3.0,1.0,85,3,250,short,137,83,54,60.6,352.1,1083.8,0.32
3.0,1.0,85,4,250,both,296,188,108,63.5,3848.7,946.1,4.07
3.0,1.0,85,4,250,long,159,105,54,66.0,3478.0,609.3,5.71
3.0,1.0,85,4,250,short,137,83,54,60.6,370.7,1083.8,0.34
3.0,1.0,95,1,250,both,296,187,109,63.2,3997.4,925.3,4.32
3.0,1.0,95,1,250,long,159,105,54,66.0,3437.1,609.3,5.64
3.0,1.0,95,1,250,short,137,82,55,59.9,560.3,1063.0,0.53
3.0,1.0,95,2,250,both,295,187,108,63.4,4076.2,925.3,4.41
3.0,1.0,95,2,250,long,158,105,53,66.5,3515.9,609.3,5.77
3.0,1.0,95,2,250,short,137,82,55,59.9,560.3,1063.0,0.53
3.0,1.0,95,3,250,both,293,186,107,63.5,4138.0,925.3,4.47
3.0,1.0,95,3,250,long,157,104,53,66.2,3469.7,609.3,5.69
3.0,1.0,95,3,250,short,136,82,54,60.3,668.3,1063.0,0.63
3.0,1.0,95,4,250,both,293,186,107,63.5,4156.6,925.3,4.49
3.0,1.0,95,4,250,long,157,104,53,66.2,3469.7,609.3,5.69
3.0,1.0,95,4,250,short,136,82,54,60.3,686.9,1063.0,0.65
3.0,1.25,55,1,250,both,306,208,98,68.0,2651.4,1361.4,1.95
3.0,1.25,55,1,250,long,166,117,49,70.5,2927.9,674.3,4.34
3.0,1.25,55,1,250,short,140,91,49,65.0,-276.5,1332.9,-0.21
3.0,1.25,55,2,250,both,302,206,96,68.2,2790.0,1228.4,2.27
3.0,1.25,55,2,250,long,163,116,47,71.2,3174.8,685.2,4.63
3.0,1.25,55,2,250,short,139,90,49,64.7,-384.8,1332.9,-0.29
3.0,1.25,55,3,250,both,300,204,96,68.0,2673.9,1228.4,2.18
3.0,1.25,55,3,250,long,162,115,47,71.0,3132.2,685.2,4.57
3.0,1.25,55,3,250,short,138,89,49,64.5,-458.3,1332.9,-0.34
3.0,1.25,55,4,250,both,300,204,96,68.0,2692.5,1228.4,2.19
3.0,1.25,55,4,250,long,162,115,47,71.0,3132.2,685.2,4.57
3.0,1.25,55,4,250,short,138,89,49,64.5,-439.7,1332.9,-0.33
3.0,1.25,65,1,250,both,300,201,99,67.0,2471.6,1361.4,1.82
3.0,1.25,65,1,250,long,162,112,50,69.1,2829.4,826.2,3.42
3.0,1.25,65,1,250,short,138,89,49,64.5,-357.8,1332.9,-0.27
3.0,1.25,65,2,250,both,298,201,97,67.4,2722.9,1228.4,2.22
3.0,1.25,65,2,250,long,160,112,48,70.0,3080.7,837.1,3.68
3.0,1.25,65,2,250,short,138,89,49,64.5,-357.8,1332.9,-0.27
3.0,1.25,65,3,250,both,297,200,97,67.3,2680.3,1228.4,2.18
3.0,1.25,65,3,250,long,159,111,48,69.8,3038.1,837.1,3.63
3.0,1.25,65,3,250,short,138,89,49,64.5,-357.8,1332.9,-0.27
3.0,1.25,65,4,250,both,297,200,97,67.3,2698.9,1228.4,2.2
3.0,1.25,65,4,250,long,159,111,48,69.8,3038.1,837.1,3.63
3.0,1.25,65,4,250,short,138,89,49,64.5,-339.2,1332.9,-0.25
3.0,1.25,75,1,250,both,297,198,99,66.7,3091.2,1361.4,2.27
3.0,1.25,75,1,250,long,160,110,50,68.8,3065.9,826.2,3.71
3.0,1.25,75,1,250,short,137,88,49,64.2,25.3,1332.9,0.02
3.0,1.25,75,2,250,both,295,198,97,67.1,3328.0,1228.4,2.71
3.0,1.25,75,2,250,long,158,110,48,69.6,3302.7,837.1,3.95
3.0,1.25,75,2,250,short,137,88,49,64.2,25.3,1332.9,0.02
3.0,1.25,75,3,250,both,295,198,97,67.1,3328.0,1228.4,2.71
3.0,1.25,75,3,250,long,158,110,48,69.6,3302.7,837.1,3.95
3.0,1.25,75,3,250,short,137,88,49,64.2,25.3,1332.9,0.02
3.0,1.25,75,4,250,both,295,198,97,67.1,3346.6,1228.4,2.72
3.0,1.25,75,4,250,long,158,110,48,69.6,3302.7,837.1,3.95
3.0,1.25,75,4,250,short,137,88,49,64.2,43.9,1332.9,0.03
3.0,1.25,85,1,250,both,295,195,100,66.1,3329.0,1321.1,2.52
3.0,1.25,85,1,250,long,159,109,50,68.6,3239.2,826.2,3.92
3.0,1.25,85,1,250,short,136,86,50,63.2,89.8,1283.2,0.07
3.0,1.25,85,2,250,both,294,195,99,66.3,3432.8,1321.1,2.6
3.0,1.25,85,2,250,long,158,109,49,69.0,3343.0,837.1,3.99
3.0,1.25,85,2,250,short,136,86,50,63.2,89.8,1283.2,0.07
3.0,1.25,85,3,250,both,294,195,99,66.3,3432.8,1321.1,2.6
3.0,1.25,85,3,250,long,158,109,49,69.0,3343.0,837.1,3.99
3.0,1.25,85,3,250,short,136,86,50,63.2,89.8,1283.2,0.07
3.0,1.25,85,4,250,both,294,195,99,66.3,3451.4,1321.1,2.61
3.0,1.25,85,4,250,long,158,109,49,69.0,3343.0,837.1,3.99
3.0,1.25,85,4,250,short,136,86,50,63.2,108.4,1283.2,0.08
3.0,1.25,95,1,250,both,293,194,99,66.2,3683.1,1300.3,2.83
3.0,1.25,95,1,250,long,158,109,49,69.0,3277.1,826.2,3.97
3.0,1.25,95,1,250,short,135,85,50,63.0,406.0,1262.4,0.32
3.0,1.25,95,2,250,both,292,194,98,66.4,3786.9,1300.3,2.91
3.0,1.25,95,2,250,long,157,109,48,69.4,3380.9,837.1,4.04
3.0,1.25,95,2,250,short,135,85,50,63.0,406.0,1262.4,0.32
3.0,1.25,95,3,250,both,291,193,98,66.3,3740.7,1300.3,2.88
3.0,1.25,95,3,250,long,156,108,48,69.2,3334.7,837.1,3.98
3.0,1.25,95,3,250,short,135,85,50,63.0,406.0,1262.4,0.32
3.0,1.25,95,4,250,both,291,193,98,66.3,3759.3,1300.3,2.89
3.0,1.25,95,4,250,long,156,108,48,69.2,3334.7,837.1,3.98
3.0,1.25,95,4,250,short,135,85,50,63.0,424.6,1262.4,0.34
3.0,1.5,55,1,250,both,306,216,90,70.6,2892.5,1506.5,1.92
3.0,1.5,55,1,250,long,166,121,45,72.9,3240.9,910.2,3.56
3.0,1.5,55,1,250,short,140,95,45,67.9,-348.4,1442.3,-0.24
3.0,1.5,55,2,250,both,302,214,88,70.9,3110.3,1348.5,2.31
3.0,1.5,55,2,250,long,163,120,43,73.6,3567.0,910.2,3.92
3.0,1.5,55,2,250,short,139,94,45,67.6,-456.7,1442.3,-0.32
3.0,1.5,55,3,250,both,300,213,87,71.0,3232.9,1348.5,2.4
3.0,1.5,55,3,250,long,162,119,43,73.5,3524.4,910.2,3.87
3.0,1.5,55,3,250,short,138,94,44,68.1,-291.5,1417.1,-0.21
3.0,1.5,55,4,250,both,300,213,87,71.0,3251.5,1348.5,2.41
3.0,1.5,55,4,250,long,162,119,43,73.5,3524.4,910.2,3.87
3.0,1.5,55,4,250,short,138,94,44,68.1,-272.9,1417.1,-0.19
3.0,1.5,65,1,250,both,300,209,91,69.7,2687.7,1683.4,1.6
3.0,1.5,65,1,250,long,162,116,46,71.6,3117.4,1087.1,2.87
3.0,1.5,65,1,250,short,138,93,45,67.4,-429.7,1442.3,-0.3
3.0,1.5,65,2,250,both,298,209,89,70.1,3018.2,1525.4,1.98
3.0,1.5,65,2,250,long,160,116,44,72.5,3447.9,1087.1,3.17
3.0,1.5,65,2,250,short,138,93,45,67.4,-429.7,1442.3,-0.3
3.0,1.5,65,3,250,both,297,209,88,70.4,3214.3,1525.4,2.11
3.0,1.5,65,3,250,long,159,115,44,72.3,3405.3,1087.1,3.13
3.0,1.5,65,3,250,short,138,94,44,68.1,-191.0,1417.1,-0.13
3.0,1.5,65,4,250,both,297,209,88,70.4,3232.9,1525.4,2.12
3.0,1.5,65,4,250,long,159,115,44,72.3,3405.3,1087.1,3.13
3.0,1.5,65,4,250,short,138,94,44,68.1,-172.4,1417.1,-0.12
3.0,1.5,75,1,250,both,297,206,91,69.4,3307.3,1565.1,2.11
3.0,1.5,75,1,250,long,160,114,46,71.2,3353.9,1087.1,3.09
3.0,1.5,75,1,250,short,137,92,45,67.2,-46.6,1417.1,-0.03
3.0,1.5,75,2,250,both,295,207,88,70.2,3862.0,1407.1,2.74
3.0,1.5,75,2,250,long,158,114,44,72.2,3669.9,1087.1,3.38
3.0,1.5,75,2,250,short,137,93,44,67.9,192.1,1417.1,0.14
3.0,1.5,75,3,250,both,295,207,88,70.2,3862.0,1407.1,2.74
3.0,1.5,75,3,250,long,158,114,44,72.2,3669.9,1087.1,3.38
3.0,1.5,75,3,250,short,137,93,44,67.9,192.1,1417.1,0.14
3.0,1.5,75,4,250,both,295,207,88,70.2,3880.6,1407.1,2.76
3.0,1.5,75,4,250,long,158,114,44,72.2,3669.9,1087.1,3.38
3.0,1.5,75,4,250,short,137,93,44,67.9,210.7,1417.1,0.15
3.0,1.5,85,1,250,both,295,203,92,68.8,3520.1,1418.6,2.48
3.0,1.5,85,1,250,long,159,113,46,71.1,3527.2,1087.1,3.24
3.0,1.5,85,1,250,short,136,90,46,66.2,-7.1,1342.4,-0.01
3.0,1.5,85,2,250,both,294,204,90,69.4,3916.8,1418.6,2.76
3.0,1.5,85,2,250,long,158,113,45,71.5,3685.2,1087.1,3.39
3.0,1.5,85,2,250,short,136,91,45,66.9,231.6,1342.4,0.17
3.0,1.5,85,3,250,both,294,204,90,69.4,3916.8,1418.6,2.76
3.0,1.5,85,3,250,long,158,113,45,71.5,3685.2,1087.1,3.39
3.0,1.5,85,3,250,short,136,91,45,66.9,231.6,1342.4,0.17
3.0,1.5,85,4,250,both,294,204,90,69.4,3935.4,1418.6,2.77
3.0,1.5,85,4,250,long,158,113,45,71.5,3685.2,1087.1,3.39
3.0,1.5,85,4,250,short,136,91,45,66.9,250.2,1342.4,0.19
3.0,1.5,95,1,250,both,293,202,91,68.9,3874.2,1397.8,2.77
3.0,1.5,95,1,250,long,158,113,45,71.5,3565.1,1087.1,3.28
3.0,1.5,95,1,250,short,135,89,46,65.9,309.1,1321.6,0.23
3.0,1.5,95,2,250,both,292,202,90,69.2,4032.2,1397.8,2.88
3.0,1.5,95,2,250,long,157,113,44,72.0,3723.1,1087.1,3.42
3.0,1.5,95,2,250,short,135,89,46,65.9,309.1,1321.6,0.23
3.0,1.5,95,3,250,both,291,201,90,69.1,3986.0,1397.8,2.85
3.0,1.5,95,3,250,long,156,112,44,71.8,3676.9,1087.1,3.38
3.0,1.5,95,3,250,short,135,89,46,65.9,309.1,1321.6,0.23
3.0,1.5,95,4,250,both,291,201,90,69.1,4004.6,1397.8,2.86
3.0,1.5,95,4,250,long,156,112,44,71.8,3676.9,1087.1,3.38
3.0,1.5,95,4,250,short,135,89,46,65.9,327.7,1321.6,0.25
3.0,2.0,55,1,250,both,303,221,82,72.9,2166.4,2016.3,1.07
3.0,2.0,55,1,250,long,165,123,42,74.5,2760.4,1223.3,2.26
3.0,2.0,55,1,250,short,138,98,40,71.0,-594.0,1850.0,-0.32
3.0,2.0,55,2,250,both,298,219,79,73.5,2459.4,1930.0,1.27
3.0,2.0,55,2,250,long,161,122,39,75.8,3156.1,1223.3,2.58
3.0,2.0,55,2,250,short,137,97,40,70.8,-696.7,1850.0,-0.38
3.0,2.0,55,3,250,both,296,217,79,73.3,2376.3,1930.0,1.23
3.0,2.0,55,3,250,long,160,121,39,75.6,3113.5,1223.3,2.55
3.0,2.0,55,3,250,short,136,96,40,70.6,-737.2,1850.0,-0.4
3.0,2.0,55,4,250,both,296,217,79,73.3,2394.9,1930.0,1.24
3.0,2.0,55,4,250,long,160,121,39,75.6,3113.5,1223.3,2.55
3.0,2.0,55,4,250,short,136,96,40,70.6,-718.6,1850.0,-0.39
3.0,2.0,65,1,250,both,297,214,83,72.1,1911.6,2243.2,0.85
3.0,2.0,65,1,250,long,161,118,43,73.3,2586.9,1495.2,1.73
3.0,2.0,65,1,250,short,136,96,40,70.6,-675.3,1850.0,-0.37
3.0,2.0,65,2,250,both,294,214,80,72.8,2317.3,2156.9,1.07
3.0,2.0,65,2,250,long,158,118,40,74.7,2987.0,1495.2,2.0
3.0,2.0,65,2,250,short,136,96,40,70.6,-669.7,1850.0,-0.36
3.0,2.0,65,3,250,both,293,213,80,72.7,2307.7,2156.9,1.07
3.0,2.0,65,3,250,long,157,117,40,74.5,2944.4,1495.2,1.97
3.0,2.0,65,3,250,short,136,96,40,70.6,-636.7,1850.0,-0.34
3.0,2.0,65,4,250,both,293,213,80,72.7,2326.3,2156.9,1.08
3.0,2.0,65,4,250,long,157,117,40,74.5,2944.4,1495.2,1.97
3.0,2.0,65,4,250,short,136,96,40,70.6,-618.1,1850.0,-0.33
3.0,2.0,75,1,250,both,294,211,83,71.8,2536.8,2049.4,1.24
3.0,2.0,75,1,250,long,159,116,43,73.0,2823.4,1495.2,1.89
3.0,2.0,75,1,250,short,135,95,40,70.4,-286.6,1850.0,-0.15
3.0,2.0,75,2,250,both,291,211,80,72.5,2955.4,1963.1,1.51
3.0,2.0,75,2,250,long,156,116,40,74.4,3209.0,1495.2,2.15
3.0,2.0,75,2,250,short,135,95,40,70.4,-253.6,1850.0,-0.14
3.0,2.0,75,3,250,both,291,211,80,72.5,2955.4,1963.1,1.51
3.0,2.0,75,3,250,long,156,116,40,74.4,3209.0,1495.2,2.15
3.0,2.0,75,3,250,short,135,95,40,70.4,-253.6,1850.0,-0.14
3.0,2.0,75,4,250,both,291,211,80,72.5,2974.0,1963.1,1.51
3.0,2.0,75,4,250,long,156,116,40,74.4,3209.0,1495.2,2.15
3.0,2.0,75,4,250,short,135,95,40,70.4,-235.0,1850.0,-0.13
3.0,2.0,85,1,250,both,292,208,84,71.2,2577.9,2024.6,1.27
3.0,2.0,85,1,250,long,158,115,43,72.8,2875.0,1495.2,1.92
3.0,2.0,85,1,250,short,134,93,41,69.4,-297.1,1810.6,-0.16
3.0,2.0,85,2,250,both,290,208,82,71.7,2910.2,2024.6,1.44
3.0,2.0,85,2,250,long,156,115,41,73.7,3174.3,1495.2,2.12
3.0,2.0,85,2,250,short,134,93,41,69.4,-264.1,1810.6,-0.15
3.0,2.0,85,3,250,both,290,208,82,71.7,2910.2,2024.6,1.44
3.0,2.0,85,3,250,long,156,115,41,73.7,3174.3,1495.2,2.12
3.0,2.0,85,3,250,short,134,93,41,69.4,-264.1,1810.6,-0.15
3.0,2.0,85,4,250,both,290,208,82,71.7,2928.8,2024.6,1.45
3.0,2.0,85,4,250,long,156,115,41,73.7,3174.3,1495.2,2.12
3.0,2.0,85,4,250,short,134,93,41,69.4,-245.5,1810.6,-0.14
3.0,2.0,95,1,250,both,290,207,83,71.4,2920.4,2003.8,1.46
3.0,2.0,95,1,250,long,157,115,42,73.2,2912.9,1495.2,1.95
3.0,2.0,95,1,250,short,133,92,41,69.2,7.5,1789.8,0.0
3.0,2.0,95,2,250,both,288,207,81,71.9,3219.7,2003.8,1.61
3.0,2.0,95,2,250,long,155,115,40,74.2,3212.2,1495.2,2.15
3.0,2.0,95,2,250,short,133,92,41,69.2,7.5,1789.8,0.0
3.0,2.0,95,3,250,both,287,206,81,71.8,3173.5,2003.8,1.58
3.0,2.0,95,3,250,long,154,114,40,74.0,3166.0,1495.2,2.12
3.0,2.0,95,3,250,short,133,92,41,69.2,7.5,1789.8,0.0
3.0,2.0,95,4,250,both,287,206,81,71.8,3192.1,2003.8,1.59
3.0,2.0,95,4,250,long,154,114,40,74.0,3166.0,1495.2,2.12
3.0,2.0,95,4,250,short,133,92,41,69.2,26.1,1789.8,0.01
3.0,0.5,55,1,300,both,336,170,166,50.6,3133.9,769.4,4.07
3.0,0.5,55,1,300,long,181,93,88,51.4,2651.9,585.2,4.53
3.0,0.5,55,1,300,short,155,77,78,49.7,482.0,802.3,0.6
3.0,0.5,55,2,300,both,329,168,161,51.1,3298.5,679.5,4.85
3.0,0.5,55,2,300,long,175,92,83,52.6,2924.8,527.2,5.55
3.0,0.5,55,2,300,short,154,76,78,49.4,373.7,802.3,0.47
3.0,0.5,55,3,300,both,326,165,161,50.6,3100.9,679.5,4.56
3.0,0.5,55,3,300,long,173,90,83,52.0,2800.7,527.2,5.31
3.0,0.5,55,3,300,short,153,75,78,49.0,300.2,802.3,0.37
3.0,0.5,55,4,300,both,325,165,160,50.8,3222.3,679.5,4.74
3.0,0.5,55,4,300,long,173,90,83,52.0,2800.7,527.2,5.31
3.0,0.5,55,4,300,short,152,75,77,49.3,421.6,802.3,0.53
3.0,0.5,65,1,300,both,331,164,167,49.5,3178.2,724.4,4.39
3.0,0.5,65,1,300,long,177,89,88,50.3,2750.3,577.8,4.76
3.0,0.5,65,1,300,short,154,75,79,48.7,427.9,802.3,0.53
3.0,0.5,65,2,300,both,325,163,162,50.2,3347.2,646.2,5.18
3.0,0.5,65,2,300,long,172,89,83,51.7,3027.6,519.8,5.82
3.0,0.5,65,2,300,short,153,74,79,48.4,319.6,802.3,0.4
3.0,0.5,65,3,300,both,323,161,162,49.8,3223.1,646.2,4.99
3.0,0.5,65,3,300,long,170,87,83,51.2,2903.5,519.8,5.59
3.0,0.5,65,3,300,short,153,74,79,48.4,319.6,802.3,0.4
3.0,0.5,65,4,300,both,322,161,161,50.0,3344.5,646.2,5.18
3.0,0.5,65,4,300,long,170,87,83,51.2,2903.5,519.8,5.59
3.0,0.5,65,4,300,short,152,74,78,48.7,441.0,802.3,0.55
3.0,0.5,75,1,300,both,328,159,169,48.5,3818.7,731.9,5.22
3.0,0.5,75,1,300,long,174,85,89,48.9,2881.4,580.0,4.97
3.0,0.5,75,1,300,short,154,74,80,48.1,937.3,825.5,1.14
3.0,0.5,75,2,300,both,321,157,164,48.9,3960.0,665.6,5.95
3.0,0.5,75,2,300,long,169,84,85,49.7,3073.0,522.0,5.89
3.0,0.5,75,2,300,short,152,73,79,48.0,887.0,767.5,1.16
3.0,0.5,75,3,300,both,320,156,164,48.8,3878.5,665.6,5.83
3.0,0.5,75,3,300,long,168,83,85,49.4,2991.5,522.0,5.73
3.0,0.5,75,3,300,short,152,73,79,48.0,887.0,767.5,1.16
3.0,0.5,75,4,300,both,319,156,163,48.9,3999.9,665.6,6.01
3.0,0.5,75,4,300,long,168,83,85,49.4,2991.5,522.0,5.73
3.0,0.5,75,4,300,short,151,73,78,48.3,1008.4,767.5,1.31
3.0,0.5,85,1,300,both,326,156,170,47.9,4303.6,731.1,5.89
3.0,0.5,85,1,300,long,173,84,89,48.6,3138.5,580.0,5.41
3.0,0.5,85,1,300,short,153,72,81,47.1,1165.1,824.7,1.41
3.0,0.5,85,2,300,both,320,154,166,48.1,4386.9,664.8,6.6
3.0,0.5,85,2,300,long,169,83,86,49.1,3272.1,522.0,6.27
3.0,0.5,85,2,300,short,151,71,80,47.0,1114.8,766.7,1.45
3.0,0.5,85,3,300,both,319,153,166,48.0,4305.4,664.8,6.48
3.0,0.5,85,3,300,long,168,82,86,48.8,3190.6,522.0,6.11
3.0,0.5,85,3,300,short,151,71,80,47.0,1114.8,766.7,1.45
3.0,0.5,85,4,300,both,317,152,165,47.9,4367.2,724.4,6.03
3.0,0.5,85,4,300,long,168,82,86,48.8,3190.6,522.0,6.11
3.0,0.5,85,4,300,short,149,70,79,47.0,1176.6,826.3,1.42
3.0,0.5,95,1,300,both,325,155,170,47.7,4319.5,731.1,5.91
3.0,0.5,95,1,300,long,173,84,89,48.6,3150.2,580.0,5.43
3.0,0.5,95,1,300,short,152,71,81,46.7,1169.3,803.9,1.45
3.0,0.5,95,2,300,both,319,153,166,48.0,4402.8,664.8,6.62
3.0,0.5,95,2,300,long,169,83,86,49.1,3283.8,522.0,6.29
3.0,0.5,95,2,300,short,150,70,80,46.7,1119.0,745.9,1.5
3.0,0.5,95,3,300,both,317,151,166,47.6,4275.1,664.8,6.43
3.0,0.5,95,3,300,long,167,81,86,48.5,3156.1,522.0,6.05
3.0,0.5,95,3,300,short,150,70,80,46.7,1119.0,745.9,1.5
3.0,0.5,95,4,300,both,315,150,165,47.6,4336.9,724.4,5.99
3.0,0.5,95,4,300,long,167,81,86,48.5,3156.1,522.0,6.05
3.0,0.5,95,4,300,short,148,69,79,46.6,1180.8,805.5,1.47
3.0,0.75,55,1,300,both,324,185,139,57.1,2027.9,1335.9,1.52
3.0,0.75,55,1,300,long,174,103,71,59.2,2409.0,478.1,5.04
3.0,0.75,55,1,300,short,150,82,68,54.7,-381.1,1382.1,-0.28
3.0,0.75,55,2,300,both,320,183,137,57.2,2095.7,1252.9,1.67
3.0,0.75,55,2,300,long,171,102,69,59.6,2585.1,478.1,5.41
3.0,0.75,55,2,300,short,149,81,68,54.4,-489.4,1382.1,-0.35
3.0,0.75,55,3,300,both,317,181,136,57.1,2062.6,1252.9,1.65
3.0,0.75,55,3,300,long,170,101,69,59.4,2542.5,478.1,5.32
3.0,0.75,55,3,300,short,147,80,67,54.4,-479.9,1382.1,-0.35
3.0,0.75,55,4,300,both,316,181,135,57.3,2171.7,1169.9,1.86
3.0,0.75,55,4,300,long,170,101,69,59.4,2542.5,478.1,5.32
3.0,0.75,55,4,300,short,146,80,66,54.8,-370.8,1299.1,-0.29
3.0,0.75,65,1,300,both,318,177,141,55.7,1792.0,1437.8,1.25
3.0,0.75,65,1,300,long,170,98,72,57.6,2360.5,580.0,4.07
3.0,0.75,65,1,300,short,148,79,69,53.4,-568.5,1382.1,-0.41
3.0,0.75,65,2,300,both,316,177,139,56.0,1972.5,1354.8,1.46
3.0,0.75,65,2,300,long,168,98,70,58.3,2541.0,580.0,4.38
3.0,0.75,65,2,300,short,148,79,69,53.4,-568.5,1382.1,-0.41
3.0,0.75,65,3,300,both,314,176,138,56.1,2012.9,1354.8,1.49
3.0,0.75,65,3,300,long,167,97,70,58.1,2498.4,580.0,4.31
3.0,0.75,65,3,300,short,147,79,68,53.7,-485.5,1382.1,-0.35
3.0,0.75,65,4,300,both,313,176,137,56.2,2122.0,1271.8,1.67
3.0,0.75,65,4,300,long,167,97,70,58.1,2498.4,580.0,4.31
3.0,0.75,65,4,300,short,146,79,67,54.1,-376.4,1299.1,-0.29
3.0,0.75,75,1,300,both,314,173,141,55.1,2453.2,1361.5,1.8
3.0,0.75,75,1,300,long,167,95,72,56.9,2555.0,622.0,4.11
3.0,0.75,75,1,300,short,147,78,69,53.1,-101.8,1292.1,-0.08
3.0,0.75,75,2,300,both,312,173,139,55.4,2619.2,1278.5,2.05
3.0,0.75,75,2,300,long,165,95,70,57.6,2721.0,622.0,4.37
3.0,0.75,75,2,300,short,147,78,69,53.1,-101.8,1292.1,-0.08
3.0,0.75,75,3,300,both,311,173,138,55.6,2702.2,1278.5,2.11
3.0,0.75,75,3,300,long,165,95,70,57.6,2721.0,622.0,4.37
3.0,0.75,75,3,300,short,146,78,68,53.4,-18.8,1292.1,-0.01
3.0,0.75,75,4,300,both,310,173,137,55.8,2811.3,1195.5,2.35
3.0,0.75,75,4,300,long,165,95,70,57.6,2721.0,622.0,4.37
3.0,0.75,75,4,300,short,145,78,67,53.8,90.3,1209.1,0.07
3.0,0.75,85,1,300,both,312,170,142,54.5,2776.6,1214.2,2.29
3.0,0.75,85,1,300,long,166,94,72,56.6,2728.3,622.0,4.39
3.0,0.75,85,1,300,short,146,76,70,52.1,48.3,1189.8,0.04
3.0,0.75,85,2,300,both,311,170,141,54.7,2859.6,1214.2,2.36
3.0,0.75,85,2,300,long,165,94,71,57.0,2811.3,622.0,4.52
3.0,0.75,85,2,300,short,146,76,70,52.1,48.3,1189.8,0.04
3.0,0.75,85,3,300,both,310,170,140,54.8,2942.6,1214.2,2.42
3.0,0.75,85,3,300,long,165,94,71,57.0,2811.3,622.0,4.52
3.0,0.75,85,3,300,short,145,76,69,52.4,131.3,1189.8,0.11
3.0,0.75,85,4,300,both,308,169,139,54.9,2992.1,1190.8,2.51
3.0,0.75,85,4,300,long,165,94,71,57.0,2811.3,622.0,4.52
3.0,0.75,85,4,300,short,143,75,68,52.4,180.8,1166.4,0.16
3.0,0.75,95,1,300,both,310,169,141,54.5,3130.7,1193.4,2.62
3.0,0.75,95,1,300,long,165,94,71,57.0,2766.2,622.0,4.45
3.0,0.75,95,1,300,short,145,75,70,51.7,364.5,1169.0,0.31
3.0,0.75,95,2,300,both,309,169,140,54.7,3213.7,1193.4,2.69
3.0,0.75,95,2,300,long,164,94,70,57.3,2849.2,622.0,4.58
3.0,0.75,95,2,300,short,145,75,70,51.7,364.5,1169.0,0.31
3.0,0.75,95,3,300,both,307,168,139,54.7,3250.5,1193.4,2.72
3.0,0.75,95,3,300,long,163,93,70,57.1,2803.0,622.0,4.51
3.0,0.75,95,3,300,short,144,75,69,52.1,447.5,1169.0,0.38
3.0,0.75,95,4,300,both,305,167,138,54.8,3300.0,1170.0,2.82
3.0,0.75,95,4,300,long,163,93,70,57.1,2803.0,622.0,4.51
3.0,0.75,95,4,300,short,142,74,68,52.1,497.0,1145.6,0.43
3.0,1.0,55,1,300,both,315,202,113,64.1,2577.7,1082.8,2.38
3.0,1.0,55,1,300,long,169,110,59,65.1,2457.1,494.6,4.97
3.0,1.0,55,1,300,short,146,92,54,63.0,120.6,1108.5,0.11
3.0,1.0,55,2,300,both,311,200,111,64.3,2666.3,974.8,2.74
3.0,1.0,55,2,300,long,166,109,57,65.7,2654.0,494.6,5.37
3.0,1.0,55,2,300,short,145,91,54,62.8,12.3,1108.5,0.01
3.0,1.0,55,3,300,both,308,198,110,64.3,2658.2,974.8,2.73
3.0,1.0,55,3,300,long,165,108,57,65.5,2611.4,494.6,5.28
3.0,1.0,55,3,300,short,143,90,53,62.9,46.8,1108.5,0.04
3.0,1.0,55,4,300,both,308,198,110,64.3,2684.3,974.8,2.75
3.0,1.0,55,4,300,long,165,108,57,65.5,2611.4,494.6,5.28
3.0,1.0,55,4,300,short,143,90,53,62.9,72.9,1108.5,0.07
3.0,1.0,65,1,300,both,309,195,114,63.1,2415.1,1082.8,2.23
3.0,1.0,65,1,300,long,165,105,60,63.6,2375.8,629.3,3.78
3.0,1.0,65,1,300,short,144,90,54,62.5,39.3,1108.5,0.04
3.0,1.0,65,2,300,both,307,195,112,63.5,2616.4,974.8,2.68
3.0,1.0,65,2,300,long,163,105,58,64.4,2577.1,629.3,4.1
3.0,1.0,65,2,300,short,144,90,54,62.5,39.3,1108.5,0.04
3.0,1.0,65,3,300,both,305,194,111,63.6,2681.8,974.8,2.75
3.0,1.0,65,3,300,long,162,104,58,64.2,2534.5,629.3,4.03
3.0,1.0,65,3,300,short,143,90,53,62.9,147.3,1108.5,0.13
3.0,1.0,65,4,300,both,305,194,111,63.6,2707.9,974.8,2.78
3.0,1.0,65,4,300,long,162,104,58,64.2,2534.5,629.3,4.03
3.0,1.0,65,4,300,short,143,90,53,62.9,173.4,1108.5,0.16
3.0,1.0,75,1,300,both,306,192,114,62.7,3118.3,1082.8,2.88
3.0,1.0,75,1,300,long,163,103,60,63.2,2612.3,629.3,4.15
3.0,1.0,75,1,300,short,143,89,54,62.2,506.0,1108.5,0.46
3.0,1.0,75,2,300,both,304,192,112,63.2,3305.1,974.8,3.39
3.0,1.0,75,2,300,long,161,103,58,64.0,2799.1,629.3,4.45
3.0,1.0,75,2,300,short,143,89,54,62.2,506.0,1108.5,0.46
3.0,1.0,75,3,300,both,303,192,111,63.4,3413.1,974.8,3.5
3.0,1.0,75,3,300,long,161,103,58,64.0,2799.1,629.3,4.45
3.0,1.0,75,3,300,short,142,89,53,62.7,614.0,1108.5,0.55
3.0,1.0,75,4,300,both,303,192,111,63.4,3439.2,974.8,3.53
3.0,1.0,75,4,300,long,161,103,58,64.0,2799.1,629.3,4.45
3.0,1.0,75,4,300,short,142,89,53,62.7,640.1,1108.5,0.58
3.0,1.0,85,1,300,both,304,189,115,62.2,3416.7,1042.5,3.28
3.0,1.0,85,1,300,long,162,102,60,63.0,2785.6,629.3,4.43
3.0,1.0,85,1,300,short,142,87,55,61.3,631.1,1083.8,0.58
3.0,1.0,85,2,300,both,303,189,114,62.4,3495.5,1042.5,3.35
3.0,1.0,85,2,300,long,161,102,59,63.4,2864.4,629.3,4.55
3.0,1.0,85,2,300,short,142,87,55,61.3,631.1,1083.8,0.58
3.0,1.0,85,3,300,both,302,189,113,62.6,3603.5,1042.5,3.46
3.0,1.0,85,3,300,long,161,102,59,63.4,2864.4,629.3,4.55
3.0,1.0,85,3,300,short,141,87,54,61.7,739.1,1083.8,0.68
3.0,1.0,85,4,300,both,301,188,113,62.5,3570.0,1042.5,3.42
3.0,1.0,85,4,300,long,161,102,59,63.4,2864.4,629.3,4.55
3.0,1.0,85,4,300,short,140,86,54,61.4,705.6,1083.8,0.65
3.0,1.0,95,1,300,both,302,188,114,62.3,3770.8,1021.7,3.69
3.0,1.0,95,1,300,long,161,102,59,63.4,2823.5,629.3,4.49
3.0,1.0,95,1,300,short,141,86,55,61.0,947.3,1063.0,0.89
3.0,1.0,95,2,300,both,301,188,113,62.5,3849.6,1021.7,3.77
3.0,1.0,95,2,300,long,160,102,58,63.7,2902.3,629.3,4.61
3.0,1.0,95,2,300,short,141,86,55,61.0,947.3,1063.0,0.89
3.0,1.0,95,3,300,both,299,187,112,62.5,3911.4,1021.7,3.83
3.0,1.0,95,3,300,long,159,101,58,63.5,2856.1,629.3,4.54
3.0,1.0,95,3,300,short,140,86,54,61.4,1055.3,1063.0,0.99
3.0,1.0,95,4,300,both,298,186,112,62.4,3877.9,1021.7,3.8
3.0,1.0,95,4,300,long,159,101,58,63.5,2856.1,629.3,4.54
3.0,1.0,95,4,300,short,139,85,54,61.2,1021.8,1063.0,0.96
3.0,1.25,55,1,300,both,312,208,104,66.7,2067.3,1499.9,1.38
3.0,1.25,55,1,300,long,168,114,54,67.9,2222.1,694.6,3.2
3.0,1.25,55,1,300,short,144,94,50,65.3,-154.8,1332.9,-0.12
3.0,1.25,55,2,300,both,308,206,102,66.9,2205.9,1366.9,1.61
3.0,1.25,55,2,300,long,165,113,52,68.5,2469.0,705.5,3.5
3.0,1.25,55,2,300,short,143,93,50,65.0,-263.1,1332.9,-0.2
3.0,1.25,55,3,300,both,306,204,102,66.7,2089.8,1366.9,1.53
3.0,1.25,55,3,300,long,164,112,52,68.3,2426.4,705.5,3.44
3.0,1.25,55,3,300,short,142,92,50,64.8,-336.6,1332.9,-0.25
3.0,1.25,55,4,300,both,306,204,102,66.7,2115.9,1366.9,1.55
3.0,1.25,55,4,300,long,164,112,52,68.3,2426.4,705.5,3.44
3.0,1.25,55,4,300,short,142,92,50,64.8,-310.5,1332.9,-0.23
3.0,1.25,65,1,300,both,306,201,105,65.7,1879.7,1499.9,1.25
3.0,1.25,65,1,300,long,164,109,55,66.5,2115.8,854.3,2.48
3.0,1.25,65,1,300,short,142,92,50,64.8,-236.1,1332.9,-0.18
3.0,1.25,65,2,300,both,304,201,103,66.1,2131.0,1366.9,1.56
3.0,1.25,65,2,300,long,162,109,53,67.3,2367.1,865.2,2.74
3.0,1.25,65,2,300,short,142,92,50,64.8,-236.1,1332.9,-0.18
3.0,1.25,65,3,300,both,303,200,103,66.0,2088.4,1366.9,1.53
3.0,1.25,65,3,300,long,161,108,53,67.1,2324.5,865.2,2.69
3.0,1.25,65,3,300,short,142,92,50,64.8,-236.1,1332.9,-0.18
3.0,1.25,65,4,300,both,303,200,103,66.0,2114.5,1366.9,1.55
3.0,1.25,65,4,300,long,161,108,53,67.1,2324.5,865.2,2.69
3.0,1.25,65,4,300,short,142,92,50,64.8,-210.0,1332.9,-0.16
3.0,1.25,75,1,300,both,303,198,105,65.3,2582.9,1482.2,1.74
3.0,1.25,75,1,300,long,162,107,55,66.0,2352.3,854.3,2.75
3.0,1.25,75,1,300,short,141,91,50,64.5,230.6,1332.9,0.17
3.0,1.25,75,2,300,both,301,198,103,65.8,2819.7,1349.2,2.09
3.0,1.25,75,2,300,long,160,107,53,66.9,2589.1,865.2,2.99
3.0,1.25,75,2,300,short,141,91,50,64.5,230.6,1332.9,0.17
3.0,1.25,75,3,300,both,301,198,103,65.8,2819.7,1349.2,2.09
3.0,1.25,75,3,300,long,160,107,53,66.9,2589.1,865.2,2.99
3.0,1.25,75,3,300,short,141,91,50,64.5,230.6,1332.9,0.17
3.0,1.25,75,4,300,both,301,198,103,65.8,2845.8,1349.2,2.11
3.0,1.25,75,4,300,long,160,107,53,66.9,2589.1,865.2,2.99
3.0,1.25,75,4,300,short,141,91,50,64.5,256.7,1332.9,0.19
3.0,1.25,85,1,300,both,301,195,106,64.8,2856.3,1441.9,1.98
3.0,1.25,85,1,300,long,161,106,55,65.8,2525.6,854.3,2.96
3.0,1.25,85,1,300,short,140,89,51,63.6,330.7,1283.2,0.26
3.0,1.25,85,2,300,both,300,195,105,65.0,2960.1,1441.9,2.05
3.0,1.25,85,2,300,long,160,106,54,66.2,2629.4,865.2,3.04
3.0,1.25,85,2,300,short,140,89,51,63.6,330.7,1283.2,0.26
3.0,1.25,85,3,300,both,300,195,105,65.0,2960.1,1441.9,2.05
3.0,1.25,85,3,300,long,160,106,54,66.2,2629.4,865.2,3.04
3.0,1.25,85,3,300,short,140,89,51,63.6,330.7,1283.2,0.26
3.0,1.25,85,4,300,both,299,194,105,64.9,2926.6,1441.9,2.03
3.0,1.25,85,4,300,long,160,106,54,66.2,2629.4,865.2,3.04
3.0,1.25,85,4,300,short,139,88,51,63.3,297.2,1283.2,0.23
3.0,1.25,95,1,300,both,299,194,105,64.9,3210.4,1421.1,2.26
3.0,1.25,95,1,300,long,160,106,54,66.2,2563.5,854.3,3.0
3.0,1.25,95,1,300,short,139,88,51,63.3,646.9,1262.4,0.51
3.0,1.25,95,2,300,both,298,194,104,65.1,3314.2,1421.1,2.33
3.0,1.25,95,2,300,long,159,106,53,66.7,2667.3,865.2,3.08
3.0,1.25,95,2,300,short,139,88,51,63.3,646.9,1262.4,0.51
3.0,1.25,95,3,300,both,297,193,104,65.0,3268.0,1421.1,2.3
3.0,1.25,95,3,300,long,158,105,53,66.5,2621.1,865.2,3.03
3.0,1.25,95,3,300,short,139,88,51,63.3,646.9,1262.4,0.51
3.0,1.25,95,4,300,both,296,192,104,64.9,3234.5,1421.1,2.28
3.0,1.25,95,4,300,long,158,105,53,66.5,2621.1,865.2,3.03
3.0,1.25,95,4,300,short,138,87,51,63.0,613.4,1262.4,0.49
3.0,1.5,55,1,300,both,312,216,96,69.2,2183.4,1896.8,1.15
3.0,1.5,55,1,300,long,168,118,50,70.2,2435.1,1068.9,2.28
3.0,1.5,55,1,300,short,144,98,46,68.1,-251.7,1448.6,-0.17
3.0,1.5,55,2,300,both,308,214,94,69.5,2401.2,1738.8,1.38
3.0,1.5,55,2,300,long,165,117,48,70.9,2761.2,930.5,2.97
3.0,1.5,55,2,300,short,143,97,46,67.8,-360.0,1448.6,-0.25
3.0,1.5,55,3,300,both,306,213,93,69.6,2523.8,1738.8,1.45
3.0,1.5,55,3,300,long,164,116,48,70.7,2718.6,930.5,2.92
3.0,1.5,55,3,300,short,142,97,45,68.3,-194.8,1417.1,-0.14
3.0,1.5,55,4,300,both,306,213,93,69.6,2549.9,1738.8,1.47
3.0,1.5,55,4,300,long,164,116,48,70.7,2718.6,930.5,2.92
3.0,1.5,55,4,300,short,142,97,45,68.3,-168.7,1417.1,-0.12
3.0,1.5,65,1,300,both,306,209,97,68.3,1970.8,2081.5,0.95
3.0,1.5,65,1,300,long,164,113,51,68.9,2303.8,1253.6,1.84
3.0,1.5,65,1,300,short,142,96,46,67.6,-333.0,1448.6,-0.23
3.0,1.5,65,2,300,both,304,209,95,68.8,2301.3,1923.5,1.2
3.0,1.5,65,2,300,long,162,113,49,69.8,2634.3,1115.2,2.36
3.0,1.5,65,2,300,short,142,96,46,67.6,-333.0,1448.6,-0.23
3.0,1.5,65,3,300,both,303,209,94,69.0,2497.4,1923.5,1.3
3.0,1.5,65,3,300,long,161,112,49,69.6,2591.7,1115.2,2.32
3.0,1.5,65,3,300,short,142,97,45,68.3,-94.3,1417.1,-0.07
3.0,1.5,65,4,300,both,303,209,94,69.0,2523.5,1923.5,1.31
3.0,1.5,65,4,300,long,161,112,49,69.6,2591.7,1115.2,2.32
3.0,1.5,65,4,300,short,142,97,45,68.3,-68.2,1417.1,-0.05
3.0,1.5,75,1,300,both,303,206,97,68.0,2674.0,1925.6,1.39
3.0,1.5,75,1,300,long,162,111,51,68.5,2540.3,1131.9,2.24
3.0,1.5,75,1,300,short,141,95,46,67.4,133.7,1417.1,0.09
3.0,1.5,75,2,300,both,301,207,94,68.8,3228.7,1767.6,1.83
3.0,1.5,75,2,300,long,160,111,49,69.4,2856.3,1115.2,2.56
3.0,1.5,75,2,300,short,141,96,45,68.1,372.4,1417.1,0.26
3.0,1.5,75,3,300,both,301,207,94,68.8,3228.7,1767.6,1.83
3.0,1.5,75,3,300,long,160,111,49,69.4,2856.3,1115.2,2.56
3.0,1.5,75,3,300,short,141,96,45,68.1,372.4,1417.1,0.26
3.0,1.5,75,4,300,both,301,207,94,68.8,3254.8,1767.6,1.84
3.0,1.5,75,4,300,long,160,111,49,69.4,2856.3,1115.2,2.56
3.0,1.5,75,4,300,short,141,96,45,68.1,398.5,1417.1,0.28
3.0,1.5,85,1,300,both,301,203,98,67.4,2922.4,1778.3,1.64
3.0,1.5,85,1,300,long,161,110,51,68.3,2713.6,1115.2,2.43
3.0,1.5,85,1,300,short,140,93,47,66.4,208.8,1342.4,0.16
3.0,1.5,85,2,300,both,300,204,96,68.0,3319.1,1778.3,1.87
3.0,1.5,85,2,300,long,160,110,50,68.8,2871.6,1115.2,2.57
3.0,1.5,85,2,300,short,140,94,46,67.1,447.5,1342.4,0.33
3.0,1.5,85,3,300,both,300,204,96,68.0,3319.1,1778.3,1.87
3.0,1.5,85,3,300,long,160,110,50,68.8,2871.6,1115.2,2.57
3.0,1.5,85,3,300,short,140,94,46,67.1,447.5,1342.4,0.33
3.0,1.5,85,4,300,both,299,203,96,67.9,3285.6,1837.9,1.79
3.0,1.5,85,4,300,long,160,110,50,68.8,2871.6,1115.2,2.57
3.0,1.5,85,4,300,short,139,93,46,66.9,414.0,1342.4,0.31
3.0,1.5,95,1,300,both,299,202,97,67.6,3276.5,1757.5,1.86
3.0,1.5,95,1,300,long,160,110,50,68.8,2751.5,1115.2,2.47
3.0,1.5,95,1,300,short,139,92,47,66.2,525.0,1321.6,0.4
3.0,1.5,95,2,300,both,298,202,96,67.8,3434.5,1757.5,1.95
3.0,1.5,95,2,300,long,159,110,49,69.2,2909.5,1115.2,2.61
3.0,1.5,95,2,300,short,139,92,47,66.2,525.0,1321.6,0.4
3.0,1.5,95,3,300,both,297,201,96,67.7,3388.3,1757.5,1.93
3.0,1.5,95,3,300,long,158,109,49,69.0,2863.3,1115.2,2.57
3.0,1.5,95,3,300,short,139,92,47,66.2,525.0,1321.6,0.4
3.0,1.5,95,4,300,both,296,200,96,67.6,3354.8,1817.1,1.85
3.0,1.5,95,4,300,long,158,109,49,69.0,2863.3,1115.2,2.57
3.0,1.5,95,4,300,short,138,91,47,65.9,491.5,1321.6,0.37
3.0,2.0,55,1,300,both,309,221,88,71.5,1652.8,2475.2,0.67
3.0,2.0,55,1,300,long,167,120,47,71.9,2200.1,1126.8,1.95
3.0,2.0,55,1,300,short,142,101,41,71.1,-547.3,1835.6,-0.3
3.0,2.0,55,2,300,both,304,219,85,72.0,1945.8,2388.9,0.81
3.0,2.0,55,2,300,long,163,119,44,73.0,2595.8,1066.6,2.43
3.0,2.0,55,2,300,short,141,100,41,70.9,-650.0,1835.6,-0.35
3.0,2.0,55,3,300,both,302,217,85,71.9,1862.7,2388.9,0.78
3.0,2.0,55,3,300,long,162,118,44,72.8,2553.2,1066.6,2.39
3.0,2.0,55,3,300,short,140,99,41,70.7,-690.5,1835.6,-0.38
3.0,2.0,55,4,300,both,302,217,85,71.9,1888.8,2388.9,0.79
3.0,2.0,55,4,300,long,162,118,44,72.8,2553.2,1066.6,2.39
3.0,2.0,55,4,300,short,140,99,41,70.7,-664.4,1835.6,-0.36
3.0,2.0,65,1,300,both,303,214,89,70.6,1390.2,2709.9,0.51
3.0,2.0,65,1,300,long,163,115,48,70.6,2018.8,1361.5,1.48
3.0,2.0,65,1,300,short,140,99,41,70.7,-628.6,1835.6,-0.34
3.0,2.0,65,2,300,both,300,214,86,71.3,1795.9,2623.6,0.68
3.0,2.0,65,2,300,long,160,115,45,71.9,2418.9,1301.3,1.86
3.0,2.0,65,2,300,short,140,99,41,70.7,-623.0,1835.6,-0.34
3.0,2.0,65,3,300,both,299,213,86,71.2,1786.3,2623.6,0.68
3.0,2.0,65,3,300,long,159,114,45,71.7,2376.3,1301.3,1.83
3.0,2.0,65,3,300,short,140,99,41,70.7,-590.0,1835.6,-0.32
3.0,2.0,65,4,300,both,299,213,86,71.2,1812.4,2623.6,0.69
3.0,2.0,65,4,300,long,159,114,45,71.7,2376.3,1301.3,1.83
3.0,2.0,65,4,300,short,140,99,41,70.7,-563.9,1835.6,-0.31
3.0,2.0,75,1,300,both,300,211,89,70.3,2099.0,2498.2,0.84
3.0,2.0,75,1,300,long,161,113,48,70.2,2255.3,1301.3,1.73
3.0,2.0,75,1,300,short,139,98,41,70.5,-156.3,1835.6,-0.09
3.0,2.0,75,2,300,both,297,211,86,71.0,2517.6,2411.9,1.04
3.0,2.0,75,2,300,long,158,113,45,71.5,2640.9,1301.3,2.03
3.0,2.0,75,2,300,short,139,98,41,70.5,-123.3,1835.6,-0.07
3.0,2.0,75,3,300,both,297,211,86,71.0,2517.6,2411.9,1.04
3.0,2.0,75,3,300,long,158,113,45,71.5,2640.9,1301.3,2.03
3.0,2.0,75,3,300,short,139,98,41,70.5,-123.3,1835.6,-0.07
3.0,2.0,75,4,300,both,297,211,86,71.0,2543.7,2411.9,1.05
3.0,2.0,75,4,300,long,158,113,45,71.5,2640.9,1301.3,2.03
3.0,2.0,75,4,300,short,139,98,41,70.5,-97.2,1835.6,-0.05
3.0,2.0,85,1,300,both,298,208,90,69.8,2175.7,2433.2,0.89
3.0,2.0,85,1,300,long,160,112,48,70.0,2306.9,1301.3,1.77
3.0,2.0,85,1,300,short,138,96,42,69.6,-131.2,1796.2,-0.07
3.0,2.0,85,2,300,both,296,208,88,70.3,2508.0,2433.2,1.03
3.0,2.0,85,2,300,long,158,112,46,70.9,2606.2,1301.3,2.0
3.0,2.0,85,2,300,short,138,96,42,69.6,-98.2,1796.2,-0.05
3.0,2.0,85,3,300,both,296,208,88,70.3,2508.0,2433.2,1.03
3.0,2.0,85,3,300,long,158,112,46,70.9,2606.2,1301.3,2.0
3.0,2.0,85,3,300,short,138,96,42,69.6,-98.2,1796.2,-0.05
3.0,2.0,85,4,300,both,295,207,88,70.2,2474.5,2492.8,0.99
3.0,2.0,85,4,300,long,158,112,46,70.9,2606.2,1301.3,2.0
3.0,2.0,85,4,300,short,137,95,42,69.3,-131.7,1796.2,-0.07
3.0,2.0,95,1,300,both,296,207,89,69.9,2518.2,2412.4,1.04
3.0,2.0,95,1,300,long,159,112,47,70.4,2344.8,1301.3,1.8
3.0,2.0,95,1,300,short,137,95,42,69.3,173.4,1775.4,0.1
3.0,2.0,95,2,300,both,294,207,87,70.4,2817.5,2412.4,1.17
3.0,2.0,95,2,300,long,157,112,45,71.3,2644.1,1301.3,2.03
3.0,2.0,95,2,300,short,137,95,42,69.3,173.4,1775.4,0.1
3.0,2.0,95,3,300,both,293,206,87,70.3,2771.3,2412.4,1.15
3.0,2.0,95,3,300,long,156,111,45,71.2,2597.9,1301.3,2.0
3.0,2.0,95,3,300,short,137,95,42,69.3,173.4,1775.4,0.1
3.0,2.0,95,4,300,both,292,205,87,70.2,2737.8,2472.0,1.11
3.0,2.0,95,4,300,long,156,111,45,71.2,2597.9,1301.3,2.0
3.0,2.0,95,4,300,short,136,94,42,69.1,139.9,1775.4,0.08
3.25,0.5,55,1,100,both,190,96,94,50.5,1532.1,940.9,1.63
3.25,0.5,55,1,100,long,105,56,49,53.3,1438.0,300.9,4.78
3.25,0.5,55,1,100,short,85,40,45,47.1,94.1,803.9,0.12
3.25,0.5,55,2,100,both,188,96,92,51.1,1648.1,940.9,1.75
3.25,0.5,55,2,100,long,104,56,48,53.8,1496.0,300.9,4.97
3.25,0.5,55,2,100,short,84,40,44,47.6,152.1,803.9,0.19
3.25,0.5,55,3,100,both,186,95,91,51.1,1658.8,930.2,1.78
3.25,0.5,55,3,100,long,103,55,48,53.4,1448.7,348.2,4.16
3.25,0.5,55,3,100,short,83,40,43,48.2,210.1,745.9,0.28
3.25,0.5,55,4,100,both,185,94,91,50.8,1649.4,930.2,1.77
3.25,0.5,55,4,100,long,102,54,48,52.9,1439.3,348.2,4.13
3.25,0.5,55,4,100,short,83,40,43,48.2,210.1,745.9,0.28
3.25,0.5,65,1,100,both,187,92,95,49.2,1994.6,916.4,2.18
3.25,0.5,65,1,100,long,104,54,50,51.9,1513.5,437.8,3.46
3.25,0.5,65,1,100,short,83,38,45,45.8,481.1,719.3,0.67
3.25,0.5,65,2,100,both,186,92,94,49.5,2052.6,916.4,2.24
3.25,0.5,65,2,100,long,103,54,49,52.4,1571.5,437.8,3.59
3.25,0.5,65,2,100,short,83,38,45,45.8,481.1,719.3,0.67
3.25,0.5,65,3,100,both,185,92,93,49.7,2110.6,881.9,2.39
3.25,0.5,65,3,100,long,103,54,49,52.4,1571.5,437.8,3.59
3.25,0.5,65,3,100,short,82,38,44,46.3,539.1,661.3,0.82
3.25,0.5,65,4,100,both,184,91,93,49.5,2101.2,881.9,2.38
3.25,0.5,65,4,100,long,102,53,49,52.0,1562.1,437.8,3.57
3.25,0.5,65,4,100,short,82,38,44,46.3,539.1,661.3,0.82
3.25,0.5,75,1,100,both,185,90,95,48.6,2242.2,873.4,2.57
3.25,0.5,75,1,100,long,102,53,49,52.0,1548.0,504.3,3.07
3.25,0.5,75,1,100,short,83,37,46,44.6,694.2,554.9,1.25
3.25,0.5,75,2,100,both,184,90,94,48.9,2300.2,873.4,2.63
3.25,0.5,75,2,100,long,101,53,48,52.5,1606.0,504.3,3.18
3.25,0.5,75,2,100,short,83,37,46,44.6,694.2,554.9,1.25
3.25,0.5,75,3,100,both,184,90,94,48.9,2300.2,873.4,2.63
3.25,0.5,75,3,100,long,101,53,48,52.5,1606.0,504.3,3.18
3.25,0.5,75,3,100,short,83,37,46,44.6,694.2,554.9,1.25
3.25,0.5,75,4,100,both,183,89,94,48.6,2290.8,873.4,2.62
3.25,0.5,75,4,100,long,100,52,48,52.0,1596.6,504.3,3.17
3.25,0.5,75,4,100,short,83,37,46,44.6,694.2,554.9,1.25
3.25,0.5,85,1,100,both,184,87,97,47.3,2175.9,873.4,2.49
3.25,0.5,85,1,100,long,101,51,50,50.5,1530.9,504.3,3.04
3.25,0.5,85,1,100,short,83,36,47,43.4,645.0,526.8,1.22
3.25,0.5,85,2,100,both,184,87,97,47.3,2175.9,873.4,2.49
3.25,0.5,85,2,100,long,101,51,50,50.5,1530.9,504.3,3.04
3.25,0.5,85,2,100,short,83,36,47,43.4,645.0,526.8,1.22
3.25,0.5,85,3,100,both,184,87,97,47.3,2175.9,873.4,2.49
3.25,0.5,85,3,100,long,101,51,50,50.5,1530.9,504.3,3.04
3.25,0.5,85,3,100,short,83,36,47,43.4,645.0,526.8,1.22
3.25,0.5,85,4,100,both,183,86,97,47.0,2166.5,873.4,2.48
3.25,0.5,85,4,100,long,100,50,50,50.0,1521.5,504.3,3.02
3.25,0.5,85,4,100,short,83,36,47,43.4,645.0,526.8,1.22
3.25,0.5,95,1,100,both,184,85,99,46.2,2176.8,873.4,2.49
3.25,0.5,95,1,100,long,101,49,52,48.5,1531.8,504.3,3.04
3.25,0.5,95,1,100,short,83,36,47,43.4,645.0,526.8,1.22
3.25,0.5,95,2,100,both,184,85,99,46.2,2176.8,873.4,2.49
3.25,0.5,95,2,100,long,101,49,52,48.5,1531.8,504.3,3.04
3.25,0.5,95,2,100,short,83,36,47,43.4,645.0,526.8,1.22
3.25,0.5,95,3,100,both,184,85,99,46.2,2176.8,873.4,2.49
3.25,0.5,95,3,100,long,101,49,52,48.5,1531.8,504.3,3.04
3.25,0.5,95,3,100,short,83,36,47,43.4,645.0,526.8,1.22
3.25,0.5,95,4,100,both,183,84,99,45.9,2167.4,873.4,2.48
3.25,0.5,95,4,100,long,100,48,52,48.0,1522.4,504.3,3.02
3.25,0.5,95,4,100,short,83,36,47,43.4,645.0,526.8,1.22
3.25,0.75,55,1,100,both,187,112,75,59.9,2151.5,798.9,2.69
3.25,0.75,55,1,100,long,103,64,39,62.1,1753.1,362.0,4.84
3.25,0.75,55,1,100,short,84,48,36,57.1,398.4,631.3,0.63
3.25,0.75,55,2,100,both,185,112,73,60.5,2317.5,715.9,3.24
3.25,0.75,55,2,100,long,102,64,38,62.7,1836.1,362.0,5.07
3.25,0.75,55,2,100,short,83,48,35,57.8,481.4,631.3,0.76
3.25,0.75,55,3,100,both,183,110,73,60.1,2175.5,715.9,3.04
3.25,0.75,55,3,100,long,101,63,38,62.4,1788.8,362.0,4.94
3.25,0.75,55,3,100,short,82,47,35,57.3,386.7,631.3,0.61
3.25,0.75,55,4,100,both,182,109,73,59.9,2166.1,715.9,3.03
3.25,0.75,55,4,100,long,100,62,38,62.0,1779.4,362.0,4.92
3.25,0.75,55,4,100,short,82,47,35,57.3,386.7,631.3,0.61
3.25,0.75,65,1,100,both,184,110,74,59.8,2860.2,798.9,3.58
3.25,0.75,65,1,100,long,102,64,38,62.7,2074.8,309.2,6.71
3.25,0.75,65,1,100,short,82,46,36,56.1,785.4,628.4,1.25
3.25,0.75,65,2,100,both,183,110,73,60.1,2943.2,715.9,4.11
3.25,0.75,65,2,100,long,101,64,37,63.4,2157.8,309.2,6.98
3.25,0.75,65,2,100,short,82,46,36,56.1,785.4,628.4,1.25
3.25,0.75,65,3,100,both,182,109,73,59.9,2848.5,715.9,3.98
3.25,0.75,65,3,100,long,101,64,37,63.4,2157.8,309.2,6.98
3.25,0.75,65,3,100,short,81,45,36,55.6,690.7,628.4,1.1
3.25,0.75,65,4,100,both,181,108,73,59.7,2839.1,715.9,3.97
3.25,0.75,65,4,100,long,100,63,37,63.0,2148.4,309.2,6.95
3.25,0.75,65,4,100,short,81,45,36,55.6,690.7,628.4,1.1
3.25,0.75,75,1,100,both,183,109,74,59.6,3174.3,715.9,4.43
3.25,0.75,75,1,100,long,101,64,37,63.4,2200.8,309.2,7.12
3.25,0.75,75,1,100,short,82,45,37,54.9,973.5,615.2,1.58
3.25,0.75,75,2,100,both,182,109,73,59.9,3257.3,632.9,5.15
3.25,0.75,75,2,100,long,100,64,36,64.0,2283.8,309.2,7.39
3.25,0.75,75,2,100,short,82,45,37,54.9,973.5,615.2,1.58
3.25,0.75,75,3,100,both,182,109,73,59.9,3257.3,632.9,5.15
3.25,0.75,75,3,100,long,100,64,36,64.0,2283.8,309.2,7.39
3.25,0.75,75,3,100,short,82,45,37,54.9,973.5,615.2,1.58
3.25,0.75,75,4,100,both,181,108,73,59.7,3247.9,632.9,5.13
3.25,0.75,75,4,100,long,99,63,36,63.6,2274.4,309.2,7.36
3.25,0.75,75,4,100,short,82,45,37,54.9,973.5,615.2,1.58
3.25,0.75,85,1,100,both,182,107,75,58.8,3165.6,720.5,4.39
3.25,0.75,85,1,100,long,100,63,37,63.0,2266.3,309.2,7.33
3.25,0.75,85,1,100,short,82,44,38,53.7,899.3,587.1,1.53
3.25,0.75,85,2,100,both,182,107,75,58.8,3165.6,720.5,4.39
3.25,0.75,85,2,100,long,100,63,37,63.0,2266.3,309.2,7.33
3.25,0.75,85,2,100,short,82,44,38,53.7,899.3,587.1,1.53
3.25,0.75,85,3,100,both,182,107,75,58.8,3165.6,720.5,4.39
3.25,0.75,85,3,100,long,100,63,37,63.0,2266.3,309.2,7.33
3.25,0.75,85,3,100,short,82,44,38,53.7,899.3,587.1,1.53
3.25,0.75,85,4,100,both,181,106,75,58.6,3156.2,720.5,4.38
3.25,0.75,85,4,100,long,99,62,37,62.6,2256.9,309.2,7.3
3.25,0.75,85,4,100,short,82,44,38,53.7,899.3,587.1,1.53
3.25,0.75,95,1,100,both,182,106,76,58.2,3319.4,720.5,4.61
3.25,0.75,95,1,100,long,100,62,38,62.0,2416.8,309.2,7.82
3.25,0.75,95,1,100,short,82,44,38,53.7,902.6,587.1,1.54
3.25,0.75,95,2,100,both,182,106,76,58.2,3319.4,720.5,4.61
3.25,0.75,95,2,100,long,100,62,38,62.0,2416.8,309.2,7.82
3.25,0.75,95,2,100,short,82,44,38,53.7,902.6,587.1,1.54
3.25,0.75,95,3,100,both,182,106,76,58.2,3319.4,720.5,4.61
3.25,0.75,95,3,100,long,100,62,38,62.0,2416.8,309.2,7.82
3.25,0.75,95,3,100,short,82,44,38,53.7,902.6,587.1,1.54
3.25,0.75,95,4,100,both,181,105,76,58.0,3310.0,720.5,4.59
3.25,0.75,95,4,100,long,99,61,38,61.6,2407.4,309.2,7.79
3.25,0.75,95,4,100,short,82,44,38,53.7,902.6,587.1,1.54
3.25,1.0,55,1,100,both,187,118,69,63.1,1725.7,1033.8,1.67
3.25,1.0,55,1,100,long,103,67,36,65.0,1518.4,612.0,2.48
3.25,1.0,55,1,100,short,84,51,33,60.7,207.3,818.2,0.25
3.25,1.0,55,2,100,both,185,118,67,63.8,1941.7,1033.8,1.88
3.25,1.0,55,2,100,long,102,67,35,65.7,1626.4,612.0,2.66
3.25,1.0,55,2,100,short,83,51,32,61.4,315.3,818.2,0.39
3.25,1.0,55,3,100,both,183,116,67,63.4,1799.7,1081.1,1.66
3.25,1.0,55,3,100,long,101,66,35,65.3,1579.1,612.0,2.58
3.25,1.0,55,3,100,short,82,50,32,61.0,220.6,826.4,0.27
3.25,1.0,55,4,100,both,182,115,67,63.2,1790.3,1081.1,1.66
3.25,1.0,55,4,100,long,100,65,35,65.0,1569.7,612.0,2.56
3.25,1.0,55,4,100,short,82,50,32,61.0,220.6,826.4,0.27
3.25,1.0,65,1,100,both,184,117,67,63.6,2569.3,1008.8,2.55
3.25,1.0,65,1,100,long,102,67,35,65.7,1840.1,535.2,3.44
3.25,1.0,65,1,100,short,82,50,32,61.0,729.2,793.7,0.92
3.25,1.0,65,2,100,both,183,117,66,63.9,2677.3,1008.8,2.65
3.25,1.0,65,2,100,long,101,67,34,66.3,1948.1,535.2,3.64
3.25,1.0,65,2,100,short,82,50,32,61.0,729.2,793.7,0.92
3.25,1.0,65,3,100,both,182,116,66,63.7,2582.6,1008.8,2.56
3.25,1.0,65,3,100,long,101,67,34,66.3,1948.1,535.2,3.64
3.25,1.0,65,3,100,short,81,49,32,60.5,634.5,793.7,0.8
3.25,1.0,65,4,100,both,181,115,66,63.5,2573.2,1008.8,2.55
3.25,1.0,65,4,100,long,100,66,34,66.0,1938.7,535.2,3.62
3.25,1.0,65,4,100,short,81,49,32,60.5,634.5,793.7,0.8
3.25,1.0,75,1,100,both,183,116,67,63.4,2883.4,899.3,3.21
3.25,1.0,75,1,100,long,101,67,34,66.3,1991.1,535.2,3.72
3.25,1.0,75,1,100,short,82,49,33,59.8,892.3,684.2,1.3
3.25,1.0,75,2,100,both,182,116,66,63.7,2991.4,899.3,3.33
3.25,1.0,75,2,100,long,100,67,33,67.0,2099.1,535.2,3.92
3.25,1.0,75,2,100,short,82,49,33,59.8,892.3,684.2,1.3
3.25,1.0,75,3,100,both,182,116,66,63.7,2991.4,899.3,3.33
3.25,1.0,75,3,100,long,100,67,33,67.0,2099.1,535.2,3.92
3.25,1.0,75,3,100,short,82,49,33,59.8,892.3,684.2,1.3
3.25,1.0,75,4,100,both,181,115,66,63.5,2982.0,899.3,3.32
3.25,1.0,75,4,100,long,99,66,33,66.7,2089.7,535.2,3.9
3.25,1.0,75,4,100,short,82,49,33,59.8,892.3,684.2,1.3
3.25,1.0,85,1,100,both,182,114,68,62.6,2849.7,899.3,3.17
3.25,1.0,85,1,100,long,100,66,34,66.0,2056.6,535.2,3.84
3.25,1.0,85,1,100,short,82,48,34,58.5,793.1,684.2,1.16
3.25,1.0,85,2,100,both,182,114,68,62.6,2849.7,899.3,3.17
3.25,1.0,85,2,100,long,100,66,34,66.0,2056.6,535.2,3.84
3.25,1.0,85,2,100,short,82,48,34,58.5,793.1,684.2,1.16
3.25,1.0,85,3,100,both,182,114,68,62.6,2849.7,899.3,3.17
3.25,1.0,85,3,100,long,100,66,34,66.0,2056.6,535.2,3.84
3.25,1.0,85,3,100,short,82,48,34,58.5,793.1,684.2,1.16
3.25,1.0,85,4,100,both,181,113,68,62.4,2840.3,899.3,3.16
3.25,1.0,85,4,100,long,99,65,34,65.7,2047.2,535.2,3.83
3.25,1.0,85,4,100,short,82,48,34,58.5,793.1,684.2,1.16
3.25,1.0,95,1,100,both,182,113,69,62.1,2978.5,853.6,3.49
3.25,1.0,95,1,100,long,100,65,35,65.0,2182.1,535.2,4.08
3.25,1.0,95,1,100,short,82,48,34,58.5,796.4,684.2,1.16
3.25,1.0,95,2,100,both,182,113,69,62.1,2978.5,853.6,3.49
3.25,1.0,95,2,100,long,100,65,35,65.0,2182.1,535.2,4.08
3.25,1.0,95,2,100,short,82,48,34,58.5,796.4,684.2,1.16
3.25,1.0,95,3,100,both,182,113,69,62.1,2978.5,853.6,3.49
3.25,1.0,95,3,100,long,100,65,35,65.0,2182.1,535.2,4.08
3.25,1.0,95,3,100,short,82,48,34,58.5,796.4,684.2,1.16
3.25,1.0,95,4,100,both,181,112,69,61.9,2969.1,853.6,3.48
3.25,1.0,95,4,100,long,99,64,35,64.6,2172.7,535.2,4.06
3.25,1.0,95,4,100,short,82,48,34,58.5,796.4,684.2,1.16
3.25,1.25,55,1,100,both,187,122,65,65.2,1374.3,1485.0,0.93
3.25,1.25,55,1,100,long,103,69,34,67.0,1381.8,862.0,1.6
3.25,1.25,55,1,100,short,84,53,31,63.1,-7.5,815.6,-0.01
3.25,1.25,55,2,100,both,185,122,63,65.9,1640.3,1352.0,1.21
3.25,1.25,55,2,100,long,102,69,33,67.6,1514.8,862.0,1.76
3.25,1.25,55,2,100,short,83,53,30,63.9,125.5,815.6,0.15
3.25,1.25,55,3,100,both,183,120,63,65.6,1498.3,1494.0,1.0
3.25,1.25,55,3,100,long,101,68,33,67.3,1467.5,865.5,1.7
3.25,1.25,55,3,100,short,82,52,30,63.4,30.8,910.3,0.03
3.25,1.25,55,4,100,both,182,119,63,65.4,1488.9,1494.0,1.0
3.25,1.25,55,4,100,long,100,67,33,67.0,1458.1,865.5,1.68
3.25,1.25,55,4,100,short,82,52,30,63.4,30.8,910.3,0.03
3.25,1.25,65,1,100,both,184,121,63,65.8,2242.9,1386.6,1.62
3.25,1.25,65,1,100,long,102,69,33,67.6,1703.5,801.0,2.13
3.25,1.25,65,1,100,short,82,52,30,63.4,539.4,785.4,0.69
3.25,1.25,65,2,100,both,183,121,62,66.1,2375.9,1253.6,1.9
3.25,1.25,65,2,100,long,101,69,32,68.3,1836.5,801.0,2.29
3.25,1.25,65,2,100,short,82,52,30,63.4,539.4,785.4,0.69
3.25,1.25,65,3,100,both,182,120,62,65.9,2281.2,1348.3,1.69
3.25,1.25,65,3,100,long,101,69,32,68.3,1836.5,801.0,2.29
3.25,1.25,65,3,100,short,81,51,30,63.0,444.7,825.7,0.54
3.25,1.25,65,4,100,both,181,119,62,65.7,2271.8,1348.3,1.68
3.25,1.25,65,4,100,long,100,68,32,68.0,1827.1,801.0,2.28
3.25,1.25,65,4,100,short,81,51,30,63.0,444.7,825.7,0.54
3.25,1.25,75,1,100,both,183,120,63,65.6,2557.0,1092.6,2.34
3.25,1.25,75,1,100,long,101,69,32,68.3,1879.5,801.0,2.35
3.25,1.25,75,1,100,short,82,51,31,62.2,677.5,785.4,0.86
3.25,1.25,75,2,100,both,182,120,62,65.9,2690.0,1008.2,2.67
3.25,1.25,75,2,100,long,100,69,31,69.0,2012.5,801.0,2.51
3.25,1.25,75,2,100,short,82,51,31,62.2,677.5,785.4,0.86
3.25,1.25,75,3,100,both,182,120,62,65.9,2690.0,1008.2,2.67
3.25,1.25,75,3,100,long,100,69,31,69.0,2012.5,801.0,2.51
3.25,1.25,75,3,100,short,82,51,31,62.2,677.5,785.4,0.86
3.25,1.25,75,4,100,both,181,119,62,65.7,2680.6,1008.2,2.66
3.25,1.25,75,4,100,long,99,68,31,68.7,2003.1,801.0,2.5
3.25,1.25,75,4,100,short,82,51,31,62.2,677.5,785.4,0.86
3.25,1.25,85,1,100,both,182,118,64,64.8,2498.3,1097.2,2.28
3.25,1.25,85,1,100,long,100,68,32,68.0,1945.0,801.0,2.43
3.25,1.25,85,1,100,short,82,50,32,61.0,553.3,757.3,0.73
3.25,1.25,85,2,100,both,182,118,64,64.8,2498.3,1097.2,2.28
3.25,1.25,85,2,100,long,100,68,32,68.0,1945.0,801.0,2.43
3.25,1.25,85,2,100,short,82,50,32,61.0,553.3,757.3,0.73
3.25,1.25,85,3,100,both,182,118,64,64.8,2498.3,1097.2,2.28
3.25,1.25,85,3,100,long,100,68,32,68.0,1945.0,801.0,2.43
3.25,1.25,85,3,100,short,82,50,32,61.0,553.3,757.3,0.73
3.25,1.25,85,4,100,both,181,117,64,64.6,2488.9,1097.2,2.27
3.25,1.25,85,4,100,long,99,67,32,67.7,1935.6,801.0,2.42
3.25,1.25,85,4,100,short,82,50,32,61.0,553.3,757.3,0.73
3.25,1.25,95,1,100,both,182,117,65,64.3,2602.1,1051.5,2.47
3.25,1.25,95,1,100,long,100,67,33,67.0,2045.5,785.2,2.61
3.25,1.25,95,1,100,short,82,50,32,61.0,556.6,757.3,0.73
3.25,1.25,95,2,100,both,182,117,65,64.3,2602.1,1051.5,2.47
3.25,1.25,95,2,100,long,100,67,33,67.0,2045.5,785.2,2.61
3.25,1.25,95,2,100,short,82,50,32,61.0,556.6,757.3,0.73
3.25,1.25,95,3,100,both,182,117,65,64.3,2602.1,1051.5,2.47
3.25,1.25,95,3,100,long,100,67,33,67.0,2045.5,785.2,2.61
3.25,1.25,95,3,100,short,82,50,32,61.0,556.6,757.3,0.73
3.25,1.25,95,4,100,both,181,116,65,64.1,2592.7,1051.5,2.47
3.25,1.25,95,4,100,long,99,66,33,66.7,2036.1,785.2,2.59
3.25,1.25,95,4,100,short,82,50,32,61.0,556.6,757.3,0.73
3.25,1.5,55,1,100,both,186,125,61,67.2,750.6,2291.8,0.33
3.25,1.5,55,1,100,long,102,71,31,69.6,1223.0,1146.8,1.07
3.25,1.5,55,1,100,short,84,54,30,64.3,-472.4,1265.6,-0.37
3.25,1.5,55,2,100,both,184,125,59,67.9,1066.6,2133.8,0.5
3.25,1.5,55,2,100,long,101,71,30,70.3,1381.0,1146.8,1.2
3.25,1.5,55,2,100,short,83,54,29,65.1,-314.4,1265.6,-0.25
3.25,1.5,55,3,100,both,182,123,59,67.6,924.6,2275.8,0.41
3.25,1.5,55,3,100,long,100,70,30,70.0,1333.7,1194.1,1.12
3.25,1.5,55,3,100,short,82,53,29,64.6,-409.1,1360.3,-0.3
3.25,1.5,55,4,100,both,181,122,59,67.4,915.2,2275.8,0.4
3.25,1.5,55,4,100,long,99,69,30,69.7,1324.3,1194.1,1.11
3.25,1.5,55,4,100,short,82,53,29,64.6,-409.1,1360.3,-0.3
3.25,1.5,65,1,100,both,183,124,59,67.8,1644.2,2193.4,0.75
3.25,1.5,65,1,100,long,101,71,30,70.3,1544.7,1129.6,1.37
3.25,1.5,65,1,100,short,82,53,29,64.6,99.5,1181.0,0.08
3.25,1.5,65,2,100,both,182,124,58,68.1,1802.2,2035.4,0.89
3.25,1.5,65,2,100,long,100,71,29,71.0,1702.7,1129.6,1.51
3.25,1.5,65,2,100,short,82,53,29,64.6,99.5,1181.0,0.08
3.25,1.5,65,3,100,both,181,123,58,68.0,1707.5,2130.1,0.8
3.25,1.5,65,3,100,long,100,71,29,71.0,1702.7,1129.6,1.51
3.25,1.5,65,3,100,short,81,52,29,64.2,4.8,1275.7,0.0
3.25,1.5,65,4,100,both,180,122,58,67.8,1698.1,2130.1,0.8
3.25,1.5,65,4,100,long,99,70,29,70.7,1693.3,1129.6,1.5
3.25,1.5,65,4,100,short,81,52,29,64.2,4.8,1275.7,0.0
3.25,1.5,75,1,100,both,182,121,61,66.5,1596.8,1874.4,0.85
3.25,1.5,75,1,100,long,100,70,30,70.0,1569.3,1129.6,1.39
3.25,1.5,75,1,100,short,82,51,31,62.2,27.5,1020.0,0.03
3.25,1.5,75,2,100,both,181,121,60,66.9,1754.8,1716.4,1.02
3.25,1.5,75,2,100,long,99,70,29,70.7,1727.3,1129.6,1.53
3.25,1.5,75,2,100,short,82,51,31,62.2,27.5,1020.0,0.03
3.25,1.5,75,3,100,both,181,121,60,66.9,1754.8,1716.4,1.02
3.25,1.5,75,3,100,long,99,70,29,70.7,1727.3,1129.6,1.53
3.25,1.5,75,3,100,short,82,51,31,62.2,27.5,1020.0,0.03
3.25,1.5,75,4,100,both,180,120,60,66.7,1745.4,1716.4,1.02
3.25,1.5,75,4,100,long,98,69,29,70.4,1717.9,1129.6,1.52
3.25,1.5,75,4,100,short,82,51,31,62.2,27.5,1020.0,0.03
3.25,1.5,85,1,100,both,181,119,62,65.7,1513.1,1879.0,0.81
3.25,1.5,85,1,100,long,99,69,30,69.7,1634.8,1129.6,1.45
3.25,1.5,85,1,100,short,82,50,32,61.0,-121.7,991.9,-0.12
3.25,1.5,85,2,100,both,181,119,62,65.7,1513.1,1879.0,0.81
3.25,1.5,85,2,100,long,99,69,30,69.7,1634.8,1129.6,1.45
3.25,1.5,85,2,100,short,82,50,32,61.0,-121.7,991.9,-0.12
3.25,1.5,85,3,100,both,181,119,62,65.7,1513.1,1879.0,0.81
3.25,1.5,85,3,100,long,99,69,30,69.7,1634.8,1129.6,1.45
3.25,1.5,85,3,100,short,82,50,32,61.0,-121.7,991.9,-0.12
3.25,1.5,85,4,100,both,180,118,62,65.6,1503.7,1879.0,0.8
3.25,1.5,85,4,100,long,98,68,30,69.4,1625.4,1129.6,1.44
3.25,1.5,85,4,100,short,82,50,32,61.0,-121.7,991.9,-0.12
3.25,1.5,95,1,100,both,181,118,63,65.2,1591.9,1833.3,0.87
3.25,1.5,95,1,100,long,99,68,31,68.7,1710.3,1083.9,1.58
3.25,1.5,95,1,100,short,82,50,32,61.0,-118.4,991.9,-0.12
3.25,1.5,95,2,100,both,181,118,63,65.2,1591.9,1833.3,0.87
3.25,1.5,95,2,100,long,99,68,31,68.7,1710.3,1083.9,1.58
3.25,1.5,95,2,100,short,82,50,32,61.0,-118.4,991.9,-0.12
3.25,1.5,95,3,100,both,181,118,63,65.2,1591.9,1833.3,0.87
3.25,1.5,95,3,100,long,99,68,31,68.7,1710.3,1083.9,1.58
3.25,1.5,95,3,100,short,82,50,32,61.0,-118.4,991.9,-0.12
3.25,1.5,95,4,100,both,180,117,63,65.0,1582.5,1833.3,0.86
3.25,1.5,95,4,100,long,98,67,31,68.4,1700.9,1083.9,1.57
3.25,1.5,95,4,100,short,82,50,32,61.0,-118.4,991.9,-0.12
3.25,2.0,55,1,100,both,186,131,55,70.4,664.9,2354.5,0.28
3.25,2.0,55,1,100,long,102,72,30,70.6,520.6,1475.9,0.35
3.25,2.0,55,1,100,short,84,59,25,70.2,144.3,1170.8,0.12
3.25,2.0,55,2,100,both,184,130,54,70.7,696.0,2278.8,0.31
3.25,2.0,55,2,100,long,101,72,29,71.3,596.3,1475.9,0.4
3.25,2.0,55,2,100,short,83,58,25,69.9,99.7,1170.8,0.09
3.25,2.0,55,3,100,both,182,128,54,70.3,554.0,2420.8,0.23
3.25,2.0,55,3,100,long,100,71,29,71.0,549.0,1523.2,0.36
3.25,2.0,55,3,100,short,82,57,25,69.5,5.0,1170.8,0.0
3.25,2.0,55,4,100,both,181,127,54,70.2,544.6,2420.8,0.22
3.25,2.0,55,4,100,long,99,70,29,70.7,539.6,1523.2,0.35
3.25,2.0,55,4,100,short,82,57,25,69.5,5.0,1170.8,0.0
3.25,2.0,65,1,100,both,183,128,55,69.9,1095.6,2516.4,0.44
3.25,2.0,65,1,100,long,101,72,29,71.3,842.3,1458.7,0.58
3.25,2.0,65,1,100,short,82,56,26,68.3,253.3,1251.6,0.2
3.25,2.0,65,2,100,both,182,128,54,70.3,1171.3,2440.7,0.48
3.25,2.0,65,2,100,long,100,72,28,72.0,918.0,1458.7,0.63
3.25,2.0,65,2,100,short,82,56,26,68.3,253.3,1251.6,0.2
3.25,2.0,65,3,100,both,181,127,54,70.2,1076.6,2535.4,0.42
3.25,2.0,65,3,100,long,100,72,28,72.0,918.0,1458.7,0.63
3.25,2.0,65,3,100,short,81,55,26,67.9,158.6,1346.3,0.12
3.25,2.0,65,4,100,both,180,126,54,70.0,1067.2,2535.4,0.42
3.25,2.0,65,4,100,long,99,71,28,71.7,908.6,1458.7,0.62
3.25,2.0,65,4,100,short,81,55,26,67.9,158.6,1346.3,0.12
3.25,2.0,75,1,100,both,182,125,57,68.7,1275.1,2016.4,0.63
3.25,2.0,75,1,100,long,100,71,29,71.0,866.9,1458.7,0.59
3.25,2.0,75,1,100,short,82,54,28,65.9,408.2,1170.8,0.35
3.25,2.0,75,2,100,both,181,125,56,69.1,1350.8,1940.7,0.7
3.25,2.0,75,2,100,long,99,71,28,71.7,942.6,1458.7,0.65
3.25,2.0,75,2,100,short,82,54,28,65.9,408.2,1170.8,0.35
3.25,2.0,75,3,100,both,181,125,56,69.1,1350.8,1940.7,0.7
3.25,2.0,75,3,100,long,99,71,28,71.7,942.6,1458.7,0.65
3.25,2.0,75,3,100,short,82,54,28,65.9,408.2,1170.8,0.35
3.25,2.0,75,4,100,both,180,124,56,68.9,1341.4,1940.7,0.69
3.25,2.0,75,4,100,long,98,70,28,71.4,933.2,1458.7,0.64
3.25,2.0,75,4,100,short,82,54,28,65.9,408.2,1170.8,0.35
3.25,2.0,85,1,100,both,181,124,57,68.5,1255.2,2153.3,0.58
3.25,2.0,85,1,100,long,99,70,29,70.7,800.1,1458.7,0.55
3.25,2.0,85,1,100,short,82,54,28,65.9,455.1,1142.7,0.4
3.25,2.0,85,2,100,both,181,124,57,68.5,1255.2,2153.3,0.58
3.25,2.0,85,2,100,long,99,70,29,70.7,800.1,1458.7,0.55
3.25,2.0,85,2,100,short,82,54,28,65.9,455.1,1142.7,0.4
3.25,2.0,85,3,100,both,181,124,57,68.5,1255.2,2153.3,0.58
3.25,2.0,85,3,100,long,99,70,29,70.7,800.1,1458.7,0.55
3.25,2.0,85,3,100,short,82,54,28,65.9,455.1,1142.7,0.4
3.25,2.0,85,4,100,both,180,123,57,68.3,1245.8,2153.3,0.58
3.25,2.0,85,4,100,long,98,69,29,70.4,790.7,1458.7,0.54
3.25,2.0,85,4,100,short,82,54,28,65.9,455.1,1142.7,0.4
3.25,2.0,95,1,100,both,181,123,58,68.0,1284.0,2107.6,0.61
3.25,2.0,95,1,100,long,99,69,30,69.7,825.6,1413.0,0.58
3.25,2.0,95,1,100,short,82,54,28,65.9,458.4,1142.7,0.4
3.25,2.0,95,2,100,both,181,123,58,68.0,1284.0,2107.6,0.61
3.25,2.0,95,2,100,long,99,69,30,69.7,825.6,1413.0,0.58
3.25,2.0,95,2,100,short,82,54,28,65.9,458.4,1142.7,0.4
3.25,2.0,95,3,100,both,181,123,58,68.0,1284.0,2107.6,0.61
3.25,2.0,95,3,100,long,99,69,30,69.7,825.6,1413.0,0.58
3.25,2.0,95,3,100,short,82,54,28,65.9,458.4,1142.7,0.4
3.25,2.0,95,4,100,both,180,122,58,67.8,1274.6,2107.6,0.6
3.25,2.0,95,4,100,long,98,68,30,69.4,816.2,1413.0,0.58
3.25,2.0,95,4,100,short,82,54,28,65.9,458.4,1142.7,0.4
3.25,0.5,55,1,150,both,207,107,100,51.7,3095.3,486.1,6.37
3.25,0.5,55,1,150,long,110,61,49,55.5,2906.7,290.0,10.02
3.25,0.5,55,1,150,short,97,46,51,47.4,188.6,905.9,0.21
3.25,0.5,55,2,150,both,205,107,98,52.2,3211.3,456.1,7.04
3.25,0.5,55,2,150,long,108,61,47,56.5,3022.7,290.0,10.42
3.25,0.5,55,2,150,short,97,46,51,47.4,188.6,905.9,0.21
3.25,0.5,55,3,150,both,201,105,96,52.2,3089.7,454.6,6.8
3.25,0.5,55,3,150,long,107,60,47,56.1,2975.4,290.0,10.26
3.25,0.5,55,3,150,short,94,45,49,47.9,114.3,845.9,0.14
3.25,0.5,55,4,150,both,199,104,95,52.3,3138.3,454.6,6.9
3.25,0.5,55,4,150,long,106,59,47,55.7,2966.0,290.0,10.23
3.25,0.5,55,4,150,short,93,45,48,48.4,172.3,845.9,0.2
3.25,0.5,65,1,150,both,204,102,102,50.0,3309.5,544.2,6.08
3.25,0.5,65,1,150,long,109,59,50,54.1,2982.2,290.0,10.28
3.25,0.5,65,1,150,short,95,43,52,45.3,327.3,821.2,0.4
3.25,0.5,65,2,150,both,201,102,99,50.7,3483.5,544.2,6.4
3.25,0.5,65,2,150,long,107,59,48,55.1,3098.2,290.0,10.68
3.25,0.5,65,2,150,short,94,43,51,45.7,385.3,819.3,0.47
3.25,0.5,65,3,150,both,200,102,98,51.0,3541.5,544.2,6.51
3.25,0.5,65,3,150,long,107,59,48,55.1,3098.2,290.0,10.68
3.25,0.5,65,3,150,short,93,43,50,46.2,443.3,761.3,0.58
3.25,0.5,65,4,150,both,198,101,97,51.0,3590.1,544.2,6.6
3.25,0.5,65,4,150,long,106,58,48,54.7,3088.8,290.0,10.65
3.25,0.5,65,4,150,short,92,43,49,46.7,501.3,761.3,0.66
3.25,0.5,75,1,150,both,201,100,101,49.8,3614.9,519.5,6.96
3.25,0.5,75,1,150,long,106,58,48,54.7,3074.7,290.0,10.6
3.25,0.5,75,1,150,short,95,42,53,44.2,540.2,654.9,0.82
3.25,0.5,75,2,150,both,199,100,99,50.3,3730.9,519.5,7.18
3.25,0.5,75,2,150,long,105,58,47,55.2,3132.7,290.0,10.8
3.25,0.5,75,2,150,short,94,42,52,44.7,598.2,654.9,0.91
3.25,0.5,75,3,150,both,199,100,99,50.3,3730.9,519.5,7.18
3.25,0.5,75,3,150,long,105,58,47,55.2,3132.7,290.0,10.8
3.25,0.5,75,3,150,short,94,42,52,44.7,598.2,654.9,0.91
3.25,0.5,75,4,150,both,197,99,98,50.3,3779.5,519.5,7.28
3.25,0.5,75,4,150,long,104,57,47,54.8,3123.3,290.0,10.77
3.25,0.5,75,4,150,short,93,42,51,45.2,656.2,654.9,1.0
3.25,0.5,85,1,150,both,198,97,101,49.0,3607.6,519.5,6.94
3.25,0.5,85,1,150,long,104,56,48,53.8,3060.9,290.0,10.55
3.25,0.5,85,1,150,short,94,41,53,43.6,546.7,626.8,0.87
3.25,0.5,85,2,150,both,198,97,101,49.0,3607.6,519.5,6.94
3.25,0.5,85,2,150,long,104,56,48,53.8,3060.9,290.0,10.55
3.25,0.5,85,2,150,short,94,41,53,43.6,546.7,626.8,0.87
3.25,0.5,85,3,150,both,198,97,101,49.0,3607.6,519.5,6.94
3.25,0.5,85,3,150,long,104,56,48,53.8,3060.9,290.0,10.55
3.25,0.5,85,3,150,short,94,41,53,43.6,546.7,626.8,0.87
3.25,0.5,85,4,150,both,196,96,100,49.0,3656.2,519.5,7.04
3.25,0.5,85,4,150,long,103,55,48,53.4,3051.5,290.0,10.52
3.25,0.5,85,4,150,short,93,41,52,44.1,604.7,626.8,0.96
3.25,0.5,95,1,150,both,198,96,102,48.5,3677.2,519.5,7.08
3.25,0.5,95,1,150,long,104,55,49,52.9,3130.5,296.9,10.54
3.25,0.5,95,1,150,short,94,41,53,43.6,546.7,626.8,0.87
3.25,0.5,95,2,150,both,198,96,102,48.5,3677.2,519.5,7.08
3.25,0.5,95,2,150,long,104,55,49,52.9,3130.5,296.9,10.54
3.25,0.5,95,2,150,short,94,41,53,43.6,546.7,626.8,0.87
3.25,0.5,95,3,150,both,198,96,102,48.5,3677.2,519.5,7.08
3.25,0.5,95,3,150,long,104,55,49,52.9,3130.5,296.9,10.54
3.25,0.5,95,3,150,short,94,41,53,43.6,546.7,626.8,0.87
3.25,0.5,95,4,150,both,196,95,101,48.5,3725.8,519.5,7.17
3.25,0.5,95,4,150,long,103,54,49,52.4,3121.1,296.9,10.51
3.25,0.5,95,4,150,short,93,41,52,44.1,604.7,626.8,0.96
3.25,0.75,55,1,150,both,202,122,80,60.4,3439.3,803.1,4.28
3.25,0.75,55,1,150,long,106,69,37,65.1,3203.0,332.6,9.63
3.25,0.75,55,1,150,short,96,53,43,55.2,236.3,903.9,0.26
3.25,0.75,55,2,150,both,201,122,79,60.7,3522.3,720.1,4.89
3.25,0.75,55,2,150,long,105,69,36,65.7,3286.0,332.6,9.88
3.25,0.75,55,2,150,short,96,53,43,55.2,236.3,903.9,0.26
3.25,0.75,55,3,150,both,197,119,78,60.4,3273.0,720.1,4.55
3.25,0.75,55,3,150,long,104,68,36,65.4,3238.7,332.6,9.74
3.25,0.75,55,3,150,short,93,51,42,54.8,34.3,903.9,0.04
3.25,0.75,55,4,150,both,195,118,77,60.5,3270.7,720.1,4.54
3.25,0.75,55,4,150,long,103,67,36,65.0,3229.3,332.6,9.71
3.25,0.75,55,4,150,short,92,51,41,55.4,41.4,903.9,0.05
3.25,0.75,65,1,150,both,199,119,80,59.8,3874.7,803.1,4.82
3.25,0.75,65,1,150,long,105,69,36,65.7,3524.7,332.6,10.6
3.25,0.75,65,1,150,short,94,50,44,53.2,350.0,901.0,0.39
3.25,0.75,65,2,150,both,197,119,78,60.4,4040.7,720.1,5.61
3.25,0.75,65,2,150,long,104,69,35,66.3,3607.7,332.6,10.85
3.25,0.75,65,2,150,short,93,50,43,53.8,433.0,901.0,0.48
3.25,0.75,65,3,150,both,196,118,78,60.2,3946.0,720.1,5.48
3.25,0.75,65,3,150,long,104,69,35,66.3,3607.7,332.6,10.85
3.25,0.75,65,3,150,short,92,49,43,53.3,338.3,901.0,0.38
3.25,0.75,65,4,150,both,194,117,77,60.3,3943.7,720.1,5.48
3.25,0.75,65,4,150,long,103,68,35,66.0,3598.3,332.6,10.82
3.25,0.75,65,4,150,short,91,49,42,53.8,345.4,901.0,0.38
3.25,0.75,75,1,150,both,198,118,80,59.6,4188.6,720.1,5.82
3.25,0.75,75,1,150,long,104,69,35,66.3,3650.7,332.6,10.98
3.25,0.75,75,1,150,short,94,49,45,52.1,537.9,791.5,0.68
3.25,0.75,75,2,150,both,196,118,78,60.2,4354.6,637.1,6.84
3.25,0.75,75,2,150,long,103,69,34,67.0,3733.7,332.6,11.23
3.25,0.75,75,2,150,short,93,49,44,52.7,620.9,791.5,0.78
3.25,0.75,75,3,150,both,196,118,78,60.2,4354.6,637.1,6.84
3.25,0.75,75,3,150,long,103,69,34,67.0,3733.7,332.6,11.23
3.25,0.75,75,3,150,short,93,49,44,52.7,620.9,791.5,0.78
3.25,0.75,75,4,150,both,194,117,77,60.3,4352.3,637.1,6.83
3.25,0.75,75,4,150,long,102,68,34,66.7,3724.3,332.6,11.2
3.25,0.75,75,4,150,short,92,49,43,53.3,628.0,791.5,0.79
3.25,0.75,85,1,150,both,195,115,80,59.0,4159.7,724.7,5.74
3.25,0.75,85,1,150,long,102,67,35,65.7,3615.3,332.6,10.87
3.25,0.75,85,1,150,short,93,48,45,51.6,544.4,791.5,0.69
3.25,0.75,85,2,150,both,195,115,80,59.0,4159.7,724.7,5.74
3.25,0.75,85,2,150,long,102,67,35,65.7,3615.3,332.6,10.87
3.25,0.75,85,2,150,short,93,48,45,51.6,544.4,791.5,0.69
3.25,0.75,85,3,150,both,195,115,80,59.0,4159.7,724.7,5.74
3.25,0.75,85,3,150,long,102,67,35,65.7,3615.3,332.6,10.87
3.25,0.75,85,3,150,short,93,48,45,51.6,544.4,791.5,0.69
3.25,0.75,85,4,150,both,193,114,79,59.1,4157.4,724.7,5.74
3.25,0.75,85,4,150,long,101,66,35,65.3,3605.9,332.6,10.84
3.25,0.75,85,4,150,short,92,48,44,52.2,551.5,791.5,0.7
3.25,0.75,95,1,150,both,195,114,81,58.5,4253.3,724.7,5.87
3.25,0.75,95,1,150,long,102,66,36,64.7,3705.6,332.6,11.14
3.25,0.75,95,1,150,short,93,48,45,51.6,547.7,791.5,0.69
3.25,0.75,95,2,150,both,195,114,81,58.5,4253.3,724.7,5.87
3.25,0.75,95,2,150,long,102,66,36,64.7,3705.6,332.6,11.14
3.25,0.75,95,2,150,short,93,48,45,51.6,547.7,791.5,0.69
3.25,0.75,95,3,150,both,195,114,81,58.5,4253.3,724.7,5.87
3.25,0.75,95,3,150,long,102,66,36,64.7,3705.6,332.6,11.14
3.25,0.75,95,3,150,short,93,48,45,51.6,547.7,791.5,0.69
3.25,0.75,95,4,150,both,193,113,80,58.5,4251.0,724.7,5.87
3.25,0.75,95,4,150,long,101,65,36,64.4,3696.2,332.6,11.11
3.25,0.75,95,4,150,short,92,48,44,52.2,554.8,791.5,0.7
3.25,1.0,55,1,150,both,201,128,73,63.7,2582.2,732.9,3.52
3.25,1.0,55,1,150,long,105,71,34,67.6,2582.0,497.2,5.19
3.25,1.0,55,1,150,short,96,57,39,59.4,0.2,1038.5,0.0
3.25,1.0,55,2,150,both,200,128,72,64.0,2690.2,732.9,3.67
3.25,1.0,55,2,150,long,104,71,33,68.3,2690.0,497.2,5.41
3.25,1.0,55,2,150,short,96,57,39,59.4,0.2,1038.5,0.0
3.25,1.0,55,3,150,both,196,125,71,63.8,2465.9,758.3,3.25
3.25,1.0,55,3,150,long,103,70,33,68.0,2642.7,497.2,5.32
3.25,1.0,55,3,150,short,93,55,38,59.1,-176.8,1122.0,-0.16
3.25,1.0,55,4,150,both,194,124,70,63.9,2463.6,758.3,3.25
3.25,1.0,55,4,150,long,102,69,33,67.6,2633.3,497.2,5.3
3.25,1.0,55,4,150,short,92,55,37,59.8,-169.7,1122.0,-0.15
3.25,1.0,65,1,150,both,198,126,72,63.6,3127.5,770.6,4.06
3.25,1.0,65,1,150,long,104,71,33,68.3,2903.7,497.2,5.84
3.25,1.0,65,1,150,short,94,55,39,58.5,223.8,1013.9,0.22
3.25,1.0,65,2,150,both,196,126,70,64.3,3343.5,770.6,4.34
3.25,1.0,65,2,150,long,103,71,32,68.9,3011.7,497.2,6.06
3.25,1.0,65,2,150,short,93,55,38,59.1,331.8,1011.3,0.33
3.25,1.0,65,3,150,both,195,125,70,64.1,3248.8,770.6,4.22
3.25,1.0,65,3,150,long,103,71,32,68.9,3011.7,497.2,6.06
3.25,1.0,65,3,150,short,92,54,38,58.7,237.1,1037.4,0.23
3.25,1.0,65,4,150,both,193,124,69,64.2,3246.5,770.6,4.21
3.25,1.0,65,4,150,long,102,70,32,68.6,3002.3,497.2,6.04
3.25,1.0,65,4,150,short,91,54,37,59.3,244.2,1037.4,0.24
3.25,1.0,75,1,150,both,197,125,72,63.5,3441.4,744.4,4.62
3.25,1.0,75,1,150,long,103,71,32,68.9,3054.7,497.2,6.14
3.25,1.0,75,1,150,short,94,54,40,57.4,386.7,901.8,0.43
3.25,1.0,75,2,150,both,195,125,70,64.1,3657.4,744.4,4.91
3.25,1.0,75,2,150,long,102,71,31,69.6,3162.7,497.2,6.36
3.25,1.0,75,2,150,short,93,54,39,58.1,494.7,901.8,0.55
3.25,1.0,75,3,150,both,195,125,70,64.1,3657.4,744.4,4.91
3.25,1.0,75,3,150,long,102,71,31,69.6,3162.7,497.2,6.36
3.25,1.0,75,3,150,short,93,54,39,58.1,494.7,901.8,0.55
3.25,1.0,75,4,150,both,193,124,69,64.2,3655.1,744.4,4.91
3.25,1.0,75,4,150,long,101,70,31,69.3,3153.3,497.2,6.34
3.25,1.0,75,4,150,short,92,54,38,58.7,501.8,901.8,0.56
3.25,1.0,85,1,150,both,194,122,72,62.9,3412.5,744.4,4.58
3.25,1.0,85,1,150,long,101,69,32,68.3,3019.3,497.2,6.07
3.25,1.0,85,1,150,short,93,53,40,57.0,393.2,901.8,0.44
3.25,1.0,85,2,150,both,194,122,72,62.9,3412.5,744.4,4.58
3.25,1.0,85,2,150,long,101,69,32,68.3,3019.3,497.2,6.07
3.25,1.0,85,2,150,short,93,53,40,57.0,393.2,901.8,0.44
3.25,1.0,85,3,150,both,194,122,72,62.9,3412.5,744.4,4.58
3.25,1.0,85,3,150,long,101,69,32,68.3,3019.3,497.2,6.07
3.25,1.0,85,3,150,short,93,53,40,57.0,393.2,901.8,0.44
3.25,1.0,85,4,150,both,192,121,71,63.0,3410.2,744.4,4.58
3.25,1.0,85,4,150,long,100,68,32,68.0,3009.9,497.2,6.05
3.25,1.0,85,4,150,short,92,53,39,57.6,400.3,901.8,0.44
3.25,1.0,95,1,150,both,194,121,73,62.4,3481.1,744.4,4.68
3.25,1.0,95,1,150,long,101,68,33,67.3,3084.6,497.2,6.2
3.25,1.0,95,1,150,short,93,53,40,57.0,396.5,901.8,0.44
3.25,1.0,95,2,150,both,194,121,73,62.4,3481.1,744.4,4.68
3.25,1.0,95,2,150,long,101,68,33,67.3,3084.6,497.2,6.2
3.25,1.0,95,2,150,short,93,53,40,57.0,396.5,901.8,0.44
3.25,1.0,95,3,150,both,194,121,73,62.4,3481.1,744.4,4.68
3.25,1.0,95,3,150,long,101,68,33,67.3,3084.6,497.2,6.2
3.25,1.0,95,3,150,short,93,53,40,57.0,396.5,901.8,0.44
3.25,1.0,95,4,150,both,192,120,72,62.5,3478.8,744.4,4.67
3.25,1.0,95,4,150,long,100,67,33,67.0,3075.2,497.2,6.19
3.25,1.0,95,4,150,short,92,53,39,57.6,403.6,901.8,0.45
3.25,1.25,55,1,150,both,201,132,69,65.7,2362.8,1210.4,1.95
3.25,1.25,55,1,150,long,105,73,32,69.5,2598.4,682.9,3.8
3.25,1.25,55,1,150,short,96,59,37,61.5,-235.6,1288.9,-0.18
3.25,1.25,55,2,150,both,200,132,68,66.0,2495.8,1077.4,2.32
3.25,1.25,55,2,150,long,104,73,31,70.2,2731.4,682.9,4.0
3.25,1.25,55,2,150,short,96,59,37,61.5,-235.6,1288.9,-0.18
3.25,1.25,55,3,150,both,196,129,67,65.8,2296.5,1172.1,1.96
3.25,1.25,55,3,150,long,103,72,31,69.9,2684.1,682.9,3.93
3.25,1.25,55,3,150,short,93,57,36,61.3,-387.6,1330.9,-0.29
3.25,1.25,55,4,150,both,194,128,66,66.0,2294.2,1172.1,1.96
3.25,1.25,55,4,150,long,102,71,31,69.6,2674.7,682.9,3.92
3.25,1.25,55,4,150,short,92,57,35,62.0,-380.5,1330.9,-0.29
3.25,1.25,65,1,150,both,198,130,68,65.7,2908.1,1052.4,2.76
3.25,1.25,65,1,150,long,104,73,31,70.2,2920.1,606.1,4.82
3.25,1.25,65,1,150,short,94,57,37,60.6,-12.0,1204.2,-0.01
3.25,1.25,65,2,150,both,196,130,66,66.3,3174.1,919.4,3.45
3.25,1.25,65,2,150,long,103,73,30,70.9,3053.1,606.1,5.04
3.25,1.25,65,2,150,short,93,57,36,61.3,121.0,1151.6,0.11
3.25,1.25,65,3,150,both,195,129,66,66.2,3079.4,1014.1,3.04
3.25,1.25,65,3,150,long,103,73,30,70.9,3053.1,606.1,5.04
3.25,1.25,65,3,150,short,92,56,36,60.9,26.3,1246.3,0.02
3.25,1.25,65,4,150,both,193,128,65,66.3,3077.1,1014.1,3.03
3.25,1.25,65,4,150,long,102,72,30,70.6,3043.7,606.1,5.02
3.25,1.25,65,4,150,short,91,56,35,61.5,33.4,1246.3,0.03
3.25,1.25,75,1,150,both,197,129,68,65.5,3222.0,873.3,3.69
3.25,1.25,75,1,150,long,103,73,30,70.9,3096.1,606.1,5.11
3.25,1.25,75,1,150,short,94,56,38,59.6,125.9,990.6,0.13
3.25,1.25,75,2,150,both,195,129,66,66.2,3488.0,873.3,3.99
3.25,1.25,75,2,150,long,102,73,29,71.6,3229.1,606.1,5.33
3.25,1.25,75,2,150,short,93,56,37,60.2,258.9,990.6,0.26
3.25,1.25,75,3,150,both,195,129,66,66.2,3488.0,873.3,3.99
3.25,1.25,75,3,150,long,102,73,29,71.6,3229.1,606.1,5.33
3.25,1.25,75,3,150,short,93,56,37,60.2,258.9,990.6,0.26
3.25,1.25,75,4,150,both,193,128,65,66.3,3485.7,873.3,3.99
3.25,1.25,75,4,150,long,101,72,29,71.3,3219.7,606.1,5.31
3.25,1.25,75,4,150,short,92,56,36,60.9,266.0,990.6,0.27
3.25,1.25,85,1,150,both,194,126,68,64.9,3193.1,873.3,3.66
3.25,1.25,85,1,150,long,101,71,30,70.3,3060.7,606.1,5.05
3.25,1.25,85,1,150,short,93,55,38,59.1,132.4,978.1,0.14
3.25,1.25,85,2,150,both,194,126,68,64.9,3193.1,873.3,3.66
3.25,1.25,85,2,150,long,101,71,30,70.3,3060.7,606.1,5.05
3.25,1.25,85,2,150,short,93,55,38,59.1,132.4,978.1,0.14
3.25,1.25,85,3,150,both,194,126,68,64.9,3193.1,873.3,3.66
3.25,1.25,85,3,150,long,101,71,30,70.3,3060.7,606.1,5.05
3.25,1.25,85,3,150,short,93,55,38,59.1,132.4,978.1,0.14
3.25,1.25,85,4,150,both,192,125,67,65.1,3190.8,873.3,3.65
3.25,1.25,85,4,150,long,100,70,30,70.0,3051.3,606.1,5.03
3.25,1.25,85,4,150,short,92,55,37,59.8,139.5,978.1,0.14
3.25,1.25,95,1,150,both,194,125,69,64.4,3236.7,873.3,3.71
3.25,1.25,95,1,150,long,101,70,31,69.3,3101.0,606.1,5.12
3.25,1.25,95,1,150,short,93,55,38,59.1,135.7,978.1,0.14
3.25,1.25,95,2,150,both,194,125,69,64.4,3236.7,873.3,3.71
3.25,1.25,95,2,150,long,101,70,31,69.3,3101.0,606.1,5.12
3.25,1.25,95,2,150,short,93,55,38,59.1,135.7,978.1,0.14
3.25,1.25,95,3,150,both,194,125,69,64.4,3236.7,873.3,3.71
3.25,1.25,95,3,150,long,101,70,31,69.3,3101.0,606.1,5.12
3.25,1.25,95,3,150,short,93,55,38,59.1,135.7,978.1,0.14
3.25,1.25,95,4,150,both,192,124,68,64.6,3234.4,873.3,3.7
3.25,1.25,95,4,150,long,100,69,31,69.0,3091.6,606.1,5.1
3.25,1.25,95,4,150,short,92,55,37,59.8,142.8,978.1,0.15
3.25,1.5,55,1,150,both,200,135,65,67.5,1738.5,1767.2,0.98
3.25,1.5,55,1,150,long,104,75,29,72.1,2564.0,861.5,2.98
3.25,1.5,55,1,150,short,96,60,36,62.5,-825.5,1913.9,-0.43
3.25,1.5,55,2,150,both,199,135,64,67.8,1896.5,1609.2,1.18
3.25,1.5,55,2,150,long,103,75,28,72.8,2722.0,861.5,3.16
3.25,1.5,55,2,150,short,96,60,36,62.5,-825.5,1913.9,-0.43
3.25,1.5,55,3,150,both,195,132,63,67.7,1722.2,1703.9,1.01
3.25,1.5,55,3,150,long,102,74,28,72.5,2674.7,861.5,3.1
3.25,1.5,55,3,150,short,93,58,35,62.4,-952.5,1905.9,-0.5
3.25,1.5,55,4,150,both,193,131,62,67.9,1719.9,1703.9,1.01
3.25,1.5,55,4,150,long,101,73,28,72.3,2665.3,861.5,3.09
3.25,1.5,55,4,150,short,92,58,34,63.0,-945.4,1905.9,-0.5
3.25,1.5,65,1,150,both,197,133,64,67.5,2283.8,1609.2,1.42
3.25,1.5,65,1,150,long,103,75,28,72.8,2885.7,784.7,3.68
3.25,1.5,65,1,150,short,94,58,36,61.7,-601.9,1829.2,-0.33
3.25,1.5,65,2,150,both,195,133,62,68.2,2599.8,1451.2,1.79
3.25,1.5,65,2,150,long,102,75,27,73.5,3043.7,784.7,3.88
3.25,1.5,65,2,150,short,93,58,35,62.4,-443.9,1726.6,-0.26
3.25,1.5,65,3,150,both,194,132,62,68.0,2505.1,1545.9,1.62
3.25,1.5,65,3,150,long,102,75,27,73.5,3043.7,784.7,3.88
3.25,1.5,65,3,150,short,92,57,35,62.0,-538.6,1821.3,-0.3
3.25,1.5,65,4,150,both,192,131,61,68.2,2502.8,1545.9,1.62
3.25,1.5,65,4,150,long,101,74,27,73.3,3034.3,784.7,3.87
3.25,1.5,65,4,150,short,91,57,34,62.6,-531.5,1821.3,-0.29
3.25,1.5,75,1,150,both,196,131,65,66.8,2412.6,1399.7,1.72
3.25,1.5,75,1,150,long,102,75,27,73.5,3086.7,784.7,3.93
3.25,1.5,75,1,150,short,94,56,38,59.6,-674.1,1611.9,-0.42
3.25,1.5,75,2,150,both,194,131,63,67.5,2728.6,1241.7,2.2
3.25,1.5,75,2,150,long,101,75,26,74.3,3244.7,784.7,4.13
3.25,1.5,75,2,150,short,93,56,37,60.2,-516.1,1565.6,-0.33
3.25,1.5,75,3,150,both,194,131,63,67.5,2728.6,1241.7,2.2
3.25,1.5,75,3,150,long,101,75,26,74.3,3244.7,784.7,4.13
3.25,1.5,75,3,150,short,93,56,37,60.2,-516.1,1565.6,-0.33
3.25,1.5,75,4,150,both,192,130,62,67.7,2726.3,1241.7,2.2
3.25,1.5,75,4,150,long,100,74,26,74.0,3235.3,784.7,4.12
3.25,1.5,75,4,150,short,92,56,36,60.9,-509.0,1565.6,-0.33
3.25,1.5,85,1,150,both,193,128,65,66.3,2383.7,1404.3,1.7
3.25,1.5,85,1,150,long,100,73,27,73.0,3051.3,784.7,3.89
3.25,1.5,85,1,150,short,93,55,38,59.1,-667.6,1603.1,-0.42
3.25,1.5,85,2,150,both,193,128,65,66.3,2383.7,1404.3,1.7
3.25,1.5,85,2,150,long,100,73,27,73.0,3051.3,784.7,3.89
3.25,1.5,85,2,150,short,93,55,38,59.1,-667.6,1603.1,-0.42
3.25,1.5,85,3,150,both,193,128,65,66.3,2383.7,1404.3,1.7
3.25,1.5,85,3,150,long,100,73,27,73.0,3051.3,784.7,3.89
3.25,1.5,85,3,150,short,93,55,38,59.1,-667.6,1603.1,-0.42
3.25,1.5,85,4,150,both,191,127,64,66.5,2381.4,1404.3,1.7
3.25,1.5,85,4,150,long,99,72,27,72.7,3041.9,784.7,3.88
3.25,1.5,85,4,150,short,92,55,37,59.8,-660.5,1603.1,-0.41
3.25,1.5,95,1,150,both,193,127,66,65.8,2402.3,1404.3,1.71
3.25,1.5,95,1,150,long,100,72,28,72.0,3066.6,784.7,3.91
3.25,1.5,95,1,150,short,93,55,38,59.1,-664.3,1603.1,-0.41
3.25,1.5,95,2,150,both,193,127,66,65.8,2402.3,1404.3,1.71
3.25,1.5,95,2,150,long,100,72,28,72.0,3066.6,784.7,3.91
3.25,1.5,95,2,150,short,93,55,38,59.1,-664.3,1603.1,-0.41
3.25,1.5,95,3,150,both,193,127,66,65.8,2402.3,1404.3,1.71
3.25,1.5,95,3,150,long,100,72,28,72.0,3066.6,784.7,3.91
3.25,1.5,95,3,150,short,93,55,38,59.1,-664.3,1603.1,-0.41
3.25,1.5,95,4,150,both,191,126,65,66.0,2400.0,1404.3,1.71
3.25,1.5,95,4,150,long,99,71,28,71.7,3057.2,784.7,3.9
3.25,1.5,95,4,150,short,92,55,37,59.8,-657.2,1603.1,-0.41
3.25,2.0,55,1,150,both,199,143,56,71.9,2334.0,1319.1,1.77
3.25,2.0,55,1,150,long,104,77,27,74.0,2254.6,961.3,2.35
3.25,2.0,55,1,150,short,95,66,29,69.5,79.4,1564.8,0.05
3.25,2.0,55,2,150,both,198,143,55,72.2,2415.7,1243.4,1.94
3.25,2.0,55,2,150,long,103,77,26,74.8,2330.3,961.3,2.42
3.25,2.0,55,2,150,short,95,66,29,69.5,85.4,1564.8,0.05
3.25,2.0,55,3,150,both,194,139,55,71.6,2032.8,1338.1,1.52
3.25,2.0,55,3,150,long,102,76,26,74.5,2283.0,961.3,2.37
3.25,2.0,55,3,150,short,92,63,29,68.5,-250.2,1564.8,-0.16
3.25,2.0,55,4,150,both,192,138,54,71.9,2030.5,1338.1,1.52
3.25,2.0,55,4,150,long,101,75,26,74.3,2273.6,961.3,2.37
3.25,2.0,55,4,150,short,91,63,28,69.2,-243.1,1564.8,-0.16
3.25,2.0,65,1,150,both,196,140,56,71.4,2625.0,1421.4,1.85
3.25,2.0,65,1,150,long,103,77,26,74.8,2576.3,884.5,2.91
3.25,2.0,65,1,150,short,93,63,30,67.7,48.7,1613.5,0.03
3.25,2.0,65,2,150,both,194,139,55,71.6,2650.1,1345.7,1.97
3.25,2.0,65,2,150,long,102,77,25,75.5,2652.0,884.5,3.0
3.25,2.0,65,2,150,short,92,62,30,67.4,-1.9,1613.5,-0.0
3.25,2.0,65,3,150,both,193,138,55,71.5,2555.4,1440.4,1.77
3.25,2.0,65,3,150,long,102,77,25,75.5,2652.0,884.5,3.0
3.25,2.0,65,3,150,short,91,61,30,67.0,-96.6,1708.2,-0.06
3.25,2.0,65,4,150,both,191,137,54,71.7,2553.1,1440.4,1.77
3.25,2.0,65,4,150,long,101,76,25,75.2,2642.6,884.5,2.99
3.25,2.0,65,4,150,short,90,61,29,67.8,-89.5,1708.2,-0.05
3.25,2.0,75,1,150,both,195,138,57,70.8,3030.7,1035.7,2.93
3.25,2.0,75,1,150,long,102,77,25,75.5,2827.3,884.5,3.2
3.25,2.0,75,1,150,short,93,61,32,65.6,203.4,1564.8,0.13
3.25,2.0,75,2,150,both,193,137,56,71.0,3055.8,965.9,3.16
3.25,2.0,75,2,150,long,101,77,24,76.2,2903.0,884.5,3.28
3.25,2.0,75,2,150,short,92,60,32,65.2,152.8,1564.8,0.1
3.25,2.0,75,3,150,both,193,137,56,71.0,3055.8,965.9,3.16
3.25,2.0,75,3,150,long,101,77,24,76.2,2903.0,884.5,3.28
3.25,2.0,75,3,150,short,92,60,32,65.2,152.8,1564.8,0.1
3.25,2.0,75,4,150,both,191,136,55,71.2,3053.5,965.9,3.16
3.25,2.0,75,4,150,long,100,76,24,76.0,2893.6,884.5,3.27
3.25,2.0,75,4,150,short,91,60,31,65.9,159.9,1564.8,0.1
3.25,2.0,85,1,150,both,192,135,57,70.3,2857.0,1172.6,2.44
3.25,2.0,85,1,150,long,100,75,25,75.0,2659.6,884.5,3.01
3.25,2.0,85,1,150,short,92,60,32,65.2,197.4,1536.7,0.13
3.25,2.0,85,2,150,both,192,135,57,70.3,2857.0,1172.6,2.44
3.25,2.0,85,2,150,long,100,75,25,75.0,2659.6,884.5,3.01
3.25,2.0,85,2,150,short,92,60,32,65.2,197.4,1536.7,0.13
3.25,2.0,85,3,150,both,192,135,57,70.3,2857.0,1172.6,2.44
3.25,2.0,85,3,150,long,100,75,25,75.0,2659.6,884.5,3.01
3.25,2.0,85,3,150,short,92,60,32,65.2,197.4,1536.7,0.13
3.25,2.0,85,4,150,both,190,134,56,70.5,2854.7,1172.6,2.43
3.25,2.0,85,4,150,long,99,74,25,74.7,2650.2,884.5,3.0
3.25,2.0,85,4,150,short,91,60,31,65.9,204.5,1536.7,0.13
3.25,2.0,95,1,150,both,192,134,58,69.8,2825.6,1172.6,2.41
3.25,2.0,95,1,150,long,100,74,26,74.0,2624.9,884.5,2.97
3.25,2.0,95,1,150,short,92,60,32,65.2,200.7,1536.7,0.13
3.25,2.0,95,2,150,both,192,134,58,69.8,2825.6,1172.6,2.41
3.25,2.0,95,2,150,long,100,74,26,74.0,2624.9,884.5,2.97
3.25,2.0,95,2,150,short,92,60,32,65.2,200.7,1536.7,0.13
3.25,2.0,95,3,150,both,192,134,58,69.8,2825.6,1172.6,2.41
3.25,2.0,95,3,150,long,100,74,26,74.0,2624.9,884.5,2.97
3.25,2.0,95,3,150,short,92,60,32,65.2,200.7,1536.7,0.13
3.25,2.0,95,4,150,both,190,133,57,70.0,2823.3,1172.6,2.41
3.25,2.0,95,4,150,long,99,73,26,73.7,2615.5,884.5,2.96
3.25,2.0,95,4,150,short,91,60,31,65.9,207.8,1536.7,0.14
3.25,0.5,55,1,200,both,221,114,107,51.6,3238.6,741.9,4.37
3.25,0.5,55,1,200,long,121,68,53,56.2,3307.8,406.0,8.15
3.25,0.5,55,1,200,short,100,46,54,46.0,-69.2,1131.9,-0.06
3.25,0.5,55,2,200,both,219,114,105,52.1,3354.6,741.9,4.52
3.25,0.5,55,2,200,long,119,68,51,57.1,3423.8,406.0,8.43
3.25,0.5,55,2,200,short,100,46,54,46.0,-69.2,1131.9,-0.06
3.25,0.5,55,3,200,both,215,112,103,52.1,3233.0,683.9,4.73
3.25,0.5,55,3,200,long,118,67,51,56.8,3376.5,406.0,8.32
3.25,0.5,55,3,200,short,97,45,52,46.4,-143.5,1071.9,-0.13
3.25,0.5,55,4,200,both,212,110,102,51.9,3233.9,683.9,4.73
3.25,0.5,55,4,200,long,116,65,51,56.0,3319.4,406.0,8.18
3.25,0.5,55,4,200,short,96,45,51,46.9,-85.5,1071.9,-0.08
3.25,0.5,65,1,200,both,217,108,109,49.8,3409.2,634.7,5.37
3.25,0.5,65,1,200,long,119,65,54,54.6,3339.7,406.0,8.23
3.25,0.5,65,1,200,short,98,43,55,43.9,69.5,1047.2,0.07
3.25,0.5,65,2,200,both,214,108,106,50.5,3583.2,634.7,5.65
3.25,0.5,65,2,200,long,117,65,52,55.6,3455.7,406.0,8.51
3.25,0.5,65,2,200,short,97,43,54,44.3,127.5,1045.3,0.12
3.25,0.5,65,3,200,both,213,108,105,50.7,3641.2,576.7,6.31
3.25,0.5,65,3,200,long,117,65,52,55.6,3455.7,406.0,8.51
3.25,0.5,65,3,200,short,96,43,53,44.8,185.5,987.3,0.19
3.25,0.5,65,4,200,both,210,106,104,50.5,3642.1,576.7,6.32
3.25,0.5,65,4,200,long,115,63,52,54.8,3398.6,406.0,8.37
3.25,0.5,65,4,200,short,95,43,52,45.3,243.5,987.3,0.25
3.25,0.5,75,1,200,both,215,106,109,49.3,3618.6,656.9,5.51
3.25,0.5,75,1,200,long,117,64,53,54.7,3392.5,406.0,8.36
3.25,0.5,75,1,200,short,98,42,56,42.9,226.1,886.2,0.26
3.25,0.5,75,2,200,both,212,106,106,50.0,3792.6,598.9,6.33
3.25,0.5,75,2,200,long,115,64,51,55.7,3508.5,406.0,8.64
3.25,0.5,75,2,200,short,97,42,55,43.3,284.1,884.3,0.32
3.25,0.5,75,3,200,both,212,106,106,50.0,3792.6,598.9,6.33
3.25,0.5,75,3,200,long,115,64,51,55.7,3508.5,406.0,8.64
3.25,0.5,75,3,200,short,97,42,55,43.3,284.1,884.3,0.32
3.25,0.5,75,4,200,both,209,104,105,49.8,3775.2,598.9,6.3
3.25,0.5,75,4,200,long,113,62,51,54.9,3433.1,406.0,8.46
3.25,0.5,75,4,200,short,96,42,54,43.8,342.1,884.3,0.39
3.25,0.5,85,1,200,both,212,103,109,48.6,3611.3,649.6,5.56
3.25,0.5,85,1,200,long,115,62,53,53.9,3378.7,406.0,8.32
3.25,0.5,85,1,200,short,97,41,56,42.3,232.6,877.4,0.27
3.25,0.5,85,2,200,both,211,103,108,48.8,3669.3,591.6,6.2
3.25,0.5,85,2,200,long,114,62,52,54.4,3436.7,406.0,8.46
3.25,0.5,85,2,200,short,97,41,56,42.3,232.6,877.4,0.27
3.25,0.5,85,3,200,both,211,103,108,48.8,3669.3,591.6,6.2
3.25,0.5,85,3,200,long,114,62,52,54.4,3436.7,406.0,8.46
3.25,0.5,85,3,200,short,97,41,56,42.3,232.6,877.4,0.27
3.25,0.5,85,4,200,both,208,101,107,48.6,3651.9,591.6,6.17
3.25,0.5,85,4,200,long,112,60,52,53.6,3361.3,406.0,8.28
3.25,0.5,85,4,200,short,96,41,55,42.7,290.6,877.4,0.33
3.25,0.5,95,1,200,both,212,102,110,48.1,3680.9,649.6,5.67
3.25,0.5,95,1,200,long,115,61,54,53.0,3448.3,406.0,8.49
3.25,0.5,95,1,200,short,97,41,56,42.3,232.6,877.4,0.27
3.25,0.5,95,2,200,both,211,102,109,48.3,3738.9,591.6,6.32
3.25,0.5,95,2,200,long,114,61,53,53.5,3506.3,406.0,8.64
3.25,0.5,95,2,200,short,97,41,56,42.3,232.6,877.4,0.27
3.25,0.5,95,3,200,both,211,102,109,48.3,3738.9,591.6,6.32
3.25,0.5,95,3,200,long,114,61,53,53.5,3506.3,406.0,8.64
3.25,0.5,95,3,200,short,97,41,56,42.3,232.6,877.4,0.27
3.25,0.5,95,4,200,both,208,100,108,48.1,3721.5,591.6,6.29
3.25,0.5,95,4,200,long,112,59,53,52.7,3430.9,406.0,8.45
3.25,0.5,95,4,200,short,96,41,55,42.7,290.6,877.4,0.33
3.25,0.75,55,1,200,both,217,130,87,59.9,3477.4,624.6,5.57
3.25,0.75,55,1,200,long,117,76,41,65.0,3542.3,486.6,7.28
3.25,0.75,55,1,200,short,100,54,46,54.0,-64.9,995.6,-0.07
3.25,0.75,55,2,200,both,216,130,86,60.2,3522.2,628.2,5.61
3.25,0.75,55,2,200,long,116,76,40,65.5,3587.1,486.6,7.37
3.25,0.75,55,2,200,short,100,54,46,54.0,-64.9,995.6,-0.07
3.25,0.75,55,3,200,both,212,127,85,59.9,3272.9,722.9,4.53
3.25,0.75,55,3,200,long,115,75,40,65.2,3539.8,486.6,7.27
3.25,0.75,55,3,200,short,97,52,45,53.6,-266.9,1084.7,-0.25
3.25,0.75,55,4,200,both,209,125,84,59.8,3222.9,722.9,4.46
3.25,0.75,55,4,200,long,113,73,40,64.6,3482.7,486.6,7.16
3.25,0.75,55,4,200,short,96,52,44,54.2,-259.8,1084.7,-0.24
3.25,0.75,65,1,200,both,213,126,87,59.2,3869.2,593.9,6.51
3.25,0.75,65,1,200,long,115,75,40,65.2,3820.4,490.0,7.8
3.25,0.75,65,1,200,short,98,51,47,52.0,48.8,910.9,0.05
3.25,0.75,65,2,200,both,211,126,85,59.7,3997.0,566.1,7.06
3.25,0.75,65,2,200,long,114,75,39,65.8,3865.2,490.0,7.89
3.25,0.75,65,2,200,short,97,51,46,52.6,131.8,905.4,0.15
3.25,0.75,65,3,200,both,210,125,85,59.5,3902.3,598.5,6.52
3.25,0.75,65,3,200,long,114,75,39,65.8,3865.2,490.0,7.89
3.25,0.75,65,3,200,short,96,50,46,52.1,37.1,1000.1,0.04
3.25,0.75,65,4,200,both,207,123,84,59.4,3852.3,598.5,6.44
3.25,0.75,65,4,200,long,112,73,39,65.2,3808.1,490.0,7.77
3.25,0.75,65,4,200,short,95,50,45,52.6,44.2,1000.1,0.04
3.25,0.75,75,1,200,both,212,125,87,59.0,4145.1,566.1,7.32
3.25,0.75,75,1,200,long,114,75,39,65.8,3964.7,490.0,8.09
3.25,0.75,75,1,200,short,98,50,48,51.0,180.4,797.0,0.23
3.25,0.75,75,2,200,both,210,125,85,59.5,4272.9,566.1,7.55
3.25,0.75,75,2,200,long,113,75,38,66.4,4009.5,490.0,8.18
3.25,0.75,75,2,200,short,97,50,47,51.5,263.4,791.5,0.33
3.25,0.75,75,3,200,both,210,125,85,59.5,4272.9,566.1,7.55
3.25,0.75,75,3,200,long,113,75,38,66.4,4009.5,490.0,8.18
3.25,0.75,75,3,200,short,97,50,47,51.5,263.4,791.5,0.33
3.25,0.75,75,4,200,both,207,123,84,59.4,4204.6,566.1,7.43
3.25,0.75,75,4,200,long,111,73,38,65.8,3934.1,490.0,8.03
3.25,0.75,75,4,200,short,96,50,46,52.1,270.5,791.5,0.34
3.25,0.75,85,1,200,both,209,122,87,58.4,4116.2,558.8,7.37
3.25,0.75,85,1,200,long,112,73,39,65.2,3929.3,490.0,8.02
3.25,0.75,85,1,200,short,97,49,48,50.5,186.9,816.3,0.23
3.25,0.75,85,2,200,both,209,122,87,58.4,4078.0,558.8,7.3
3.25,0.75,85,2,200,long,112,73,39,65.2,3891.1,490.0,7.94
3.25,0.75,85,2,200,short,97,49,48,50.5,186.9,816.3,0.23
3.25,0.75,85,3,200,both,209,122,87,58.4,4078.0,558.8,7.3
3.25,0.75,85,3,200,long,112,73,39,65.2,3891.1,490.0,7.94
3.25,0.75,85,3,200,short,97,49,48,50.5,186.9,816.3,0.23
3.25,0.75,85,4,200,both,206,120,86,58.3,4009.7,558.8,7.18
3.25,0.75,85,4,200,long,110,71,39,64.5,3815.7,490.0,7.79
3.25,0.75,85,4,200,short,96,49,47,51.0,194.0,816.3,0.24
3.25,0.75,95,1,200,both,209,121,88,57.9,4209.8,558.8,7.53
3.25,0.75,95,1,200,long,112,72,40,64.3,4019.6,490.0,8.2
3.25,0.75,95,1,200,short,97,49,48,50.5,190.2,816.3,0.23
3.25,0.75,95,2,200,both,209,121,88,57.9,4171.6,558.8,7.47
3.25,0.75,95,2,200,long,112,72,40,64.3,3981.4,490.0,8.13
3.25,0.75,95,2,200,short,97,49,48,50.5,190.2,816.3,0.23
3.25,0.75,95,3,200,both,209,121,88,57.9,4171.6,558.8,7.47
3.25,0.75,95,3,200,long,112,72,40,64.3,3981.4,490.0,8.13
3.25,0.75,95,3,200,short,97,49,48,50.5,190.2,816.3,0.23
3.25,0.75,95,4,200,both,206,119,87,57.8,4103.3,558.8,7.34
3.25,0.75,95,4,200,long,110,70,40,63.6,3906.0,490.0,7.97
3.25,0.75,95,4,200,short,96,49,47,51.0,197.3,816.3,0.24
3.25,1.0,55,1,200,both,215,138,77,64.2,2857.9,668.1,4.28
3.25,1.0,55,1,200,long,116,79,37,68.1,2955.1,649.9,4.55
3.25,1.0,55,1,200,short,99,59,40,59.6,-97.2,1093.1,-0.09
3.25,1.0,55,2,200,both,214,138,76,64.5,2927.7,706.3,4.15
3.25,1.0,55,2,200,long,115,79,36,68.7,3024.9,649.9,4.65
3.25,1.0,55,2,200,short,99,59,40,59.6,-97.2,1093.1,-0.09
3.25,1.0,55,3,200,both,210,135,75,64.3,2703.4,754.6,3.58
3.25,1.0,55,3,200,long,114,78,36,68.4,2977.6,649.9,4.58
3.25,1.0,55,3,200,short,96,57,39,59.4,-274.2,1083.0,-0.25
3.25,1.0,55,4,200,both,207,133,74,64.3,2653.4,754.6,3.52
3.25,1.0,55,4,200,long,112,76,36,67.9,2920.5,649.9,4.49
3.25,1.0,55,4,200,short,95,57,38,60.0,-267.1,1083.0,-0.25
3.25,1.0,65,1,200,both,211,135,76,64.0,3359.6,711.1,4.72
3.25,1.0,65,1,200,long,114,78,36,68.4,3233.2,608.5,5.31
3.25,1.0,65,1,200,short,97,57,40,58.8,126.4,1068.5,0.12
3.25,1.0,65,2,200,both,209,135,74,64.6,3537.4,693.8,5.1
3.25,1.0,65,2,200,long,113,78,35,69.0,3303.0,608.5,5.43
3.25,1.0,65,2,200,short,96,57,39,59.4,234.4,1011.3,0.23
3.25,1.0,65,3,200,both,208,134,74,64.4,3442.7,707.5,4.87
3.25,1.0,65,3,200,long,113,78,35,69.0,3303.0,608.5,5.43
3.25,1.0,65,3,200,short,95,56,39,58.9,139.7,1011.3,0.14
3.25,1.0,65,4,200,both,205,132,73,64.4,3392.7,707.5,4.8
3.25,1.0,65,4,200,long,111,76,35,68.5,3245.9,608.5,5.33
3.25,1.0,65,4,200,short,94,56,38,59.6,146.8,1011.3,0.15
3.25,1.0,75,1,200,both,210,134,76,63.8,3635.5,633.1,5.74
3.25,1.0,75,1,200,long,113,78,35,69.0,3402.5,608.5,5.59
3.25,1.0,75,1,200,short,97,56,41,57.7,233.0,959.0,0.24
3.25,1.0,75,2,200,both,208,134,74,64.4,3813.3,633.1,6.02
3.25,1.0,75,2,200,long,112,78,34,69.6,3472.3,608.5,5.71
3.25,1.0,75,2,200,short,96,56,40,58.3,341.0,901.8,0.38
3.25,1.0,75,3,200,both,208,134,74,64.4,3813.3,633.1,6.02
3.25,1.0,75,3,200,long,112,78,34,69.6,3472.3,608.5,5.71
3.25,1.0,75,3,200,short,96,56,40,58.3,341.0,901.8,0.38
3.25,1.0,75,4,200,both,205,132,73,64.4,3745.0,633.1,5.92
3.25,1.0,75,4,200,long,110,76,34,69.1,3396.9,608.5,5.58
3.25,1.0,75,4,200,short,95,56,39,58.9,348.1,901.8,0.39
3.25,1.0,85,1,200,both,207,131,76,63.3,3606.6,625.8,5.76
3.25,1.0,85,1,200,long,111,76,35,68.5,3367.1,608.5,5.53
3.25,1.0,85,1,200,short,96,55,41,57.3,239.5,978.3,0.24
3.25,1.0,85,2,200,both,207,131,76,63.3,3568.4,625.8,5.7
3.25,1.0,85,2,200,long,111,76,35,68.5,3328.9,608.5,5.47
3.25,1.0,85,2,200,short,96,55,41,57.3,239.5,978.3,0.24
3.25,1.0,85,3,200,both,207,131,76,63.3,3568.4,625.8,5.7
3.25,1.0,85,3,200,long,111,76,35,68.5,3328.9,608.5,5.47
3.25,1.0,85,3,200,short,96,55,41,57.3,239.5,978.3,0.24
3.25,1.0,85,4,200,both,204,129,75,63.2,3500.1,625.8,5.59
3.25,1.0,85,4,200,long,109,74,35,67.9,3253.5,608.5,5.35
3.25,1.0,85,4,200,short,95,55,40,57.9,246.6,978.3,0.25
3.25,1.0,95,1,200,both,207,130,77,62.8,3675.2,625.8,5.87
3.25,1.0,95,1,200,long,111,75,36,67.6,3432.4,608.5,5.64
3.25,1.0,95,1,200,short,96,55,41,57.3,242.8,978.3,0.25
3.25,1.0,95,2,200,both,207,130,77,62.8,3637.0,625.8,5.81
3.25,1.0,95,2,200,long,111,75,36,67.6,3394.2,608.5,5.58
3.25,1.0,95,2,200,short,96,55,41,57.3,242.8,978.3,0.25
3.25,1.0,95,3,200,both,207,130,77,62.8,3637.0,625.8,5.81
3.25,1.0,95,3,200,long,111,75,36,67.6,3394.2,608.5,5.58
3.25,1.0,95,3,200,short,96,55,41,57.3,242.8,978.3,0.25
3.25,1.0,95,4,200,both,204,128,76,62.7,3568.7,625.8,5.7
3.25,1.0,95,4,200,long,109,73,36,67.0,3318.8,608.5,5.45
3.25,1.0,95,4,200,short,95,55,40,57.9,249.9,978.3,0.26
3.25,1.25,55,1,200,both,215,142,73,66.0,2509.1,1269.5,1.98
3.25,1.25,55,1,200,long,116,81,35,69.8,2858.3,871.7,3.28
3.25,1.25,55,1,200,short,99,61,38,61.6,-349.2,1295.7,-0.27
3.25,1.25,55,2,200,both,214,142,72,66.4,2642.1,1136.5,2.32
3.25,1.25,55,2,200,long,115,81,34,70.4,2991.3,871.7,3.43
3.25,1.25,55,2,200,short,99,61,38,61.6,-349.2,1295.7,-0.27
3.25,1.25,55,3,200,both,210,139,71,66.2,2442.8,1231.2,1.98
3.25,1.25,55,3,200,long,114,80,34,70.2,2944.0,871.7,3.38
3.25,1.25,55,3,200,short,96,59,37,61.5,-501.2,1283.1,-0.39
3.25,1.25,55,4,200,both,207,137,70,66.2,2392.8,1231.2,1.94
3.25,1.25,55,4,200,long,112,78,34,69.6,2886.9,871.7,3.31
3.25,1.25,55,4,200,short,95,59,36,62.1,-494.1,1283.1,-0.39
3.25,1.25,65,1,200,both,211,139,72,65.9,3010.8,1111.5,2.71
3.25,1.25,65,1,200,long,114,80,34,70.2,3136.4,794.9,3.95
3.25,1.25,65,1,200,short,97,59,38,60.8,-125.6,1211.0,-0.1
3.25,1.25,65,2,200,both,209,139,70,66.5,3276.8,978.5,3.35
3.25,1.25,65,2,200,long,113,80,33,70.8,3269.4,794.9,4.11
3.25,1.25,65,2,200,short,96,59,37,61.5,7.4,1103.8,0.01
3.25,1.25,65,3,200,both,208,138,70,66.3,3182.1,1073.2,2.97
3.25,1.25,65,3,200,long,113,80,33,70.8,3269.4,794.9,4.11
3.25,1.25,65,3,200,short,95,58,37,61.1,-87.3,1198.5,-0.07
3.25,1.25,65,4,200,both,205,136,69,66.3,3132.1,1073.2,2.92
3.25,1.25,65,4,200,long,111,78,33,70.3,3212.3,794.9,4.04
3.25,1.25,65,4,200,short,94,58,36,61.7,-80.2,1198.5,-0.07
3.25,1.25,75,1,200,both,210,138,72,65.7,3286.7,927.0,3.55
3.25,1.25,75,1,200,long,113,80,33,70.8,3330.7,794.9,4.19
3.25,1.25,75,1,200,short,97,58,39,59.8,-44.0,1050.0,-0.04
3.25,1.25,75,2,200,both,208,138,70,66.3,3552.7,907.3,3.92
3.25,1.25,75,2,200,long,112,80,32,71.4,3463.7,794.9,4.36
3.25,1.25,75,2,200,short,96,58,38,60.4,89.0,954.4,0.09
3.25,1.25,75,3,200,both,208,138,70,66.3,3552.7,907.3,3.92
3.25,1.25,75,3,200,long,112,80,32,71.4,3463.7,794.9,4.36
3.25,1.25,75,3,200,short,96,58,38,60.4,89.0,954.4,0.09
3.25,1.25,75,4,200,both,205,136,69,66.3,3484.4,907.3,3.84
3.25,1.25,75,4,200,long,110,78,32,70.9,3388.3,794.9,4.26
3.25,1.25,75,4,200,short,95,58,37,61.1,96.1,954.4,0.1
3.25,1.25,85,1,200,both,207,135,72,65.2,3257.8,931.6,3.5
3.25,1.25,85,1,200,long,111,78,33,70.3,3295.3,794.9,4.15
3.25,1.25,85,1,200,short,96,57,39,59.4,-37.5,1041.2,-0.04
3.25,1.25,85,2,200,both,207,135,72,65.2,3257.8,931.6,3.5
3.25,1.25,85,2,200,long,111,78,33,70.3,3295.3,794.9,4.15
3.25,1.25,85,2,200,short,96,57,39,59.4,-37.5,1041.2,-0.04
3.25,1.25,85,3,200,both,207,135,72,65.2,3257.8,931.6,3.5
3.25,1.25,85,3,200,long,111,78,33,70.3,3295.3,794.9,4.15
3.25,1.25,85,3,200,short,96,57,39,59.4,-37.5,1041.2,-0.04
3.25,1.25,85,4,200,both,204,133,71,65.2,3189.5,931.6,3.42
3.25,1.25,85,4,200,long,109,76,33,69.7,3219.9,794.9,4.05
3.25,1.25,85,4,200,short,95,57,38,60.0,-30.4,1041.2,-0.03
3.25,1.25,95,1,200,both,207,134,73,64.7,3301.4,931.6,3.54
3.25,1.25,95,1,200,long,111,77,34,69.4,3335.6,794.9,4.2
3.25,1.25,95,1,200,short,96,57,39,59.4,-34.2,1041.2,-0.03
3.25,1.25,95,2,200,both,207,134,73,64.7,3301.4,931.6,3.54
3.25,1.25,95,2,200,long,111,77,34,69.4,3335.6,794.9,4.2
3.25,1.25,95,2,200,short,96,57,39,59.4,-34.2,1041.2,-0.03
3.25,1.25,95,3,200,both,207,134,73,64.7,3301.4,931.6,3.54
3.25,1.25,95,3,200,long,111,77,34,69.4,3335.6,794.9,4.2
3.25,1.25,95,3,200,short,96,57,39,59.4,-34.2,1041.2,-0.03
3.25,1.25,95,4,200,both,204,132,72,64.7,3233.1,931.6,3.47
3.25,1.25,95,4,200,long,109,75,34,68.8,3260.2,794.9,4.1
3.25,1.25,95,4,200,short,95,57,38,60.0,-27.1,1041.2,-0.03
3.25,1.5,55,1,200,both,215,146,69,67.9,1979.6,1662.5,1.19
3.25,1.5,55,1,200,long,116,83,33,71.6,2767.2,884.9,3.13
3.25,1.5,55,1,200,short,99,63,36,63.6,-787.6,1920.7,-0.41
3.25,1.5,55,2,200,both,214,146,68,68.2,2137.6,1504.5,1.42
3.25,1.5,55,2,200,long,115,83,32,72.2,2925.2,884.9,3.31
3.25,1.5,55,2,200,short,99,63,36,63.6,-787.6,1920.7,-0.41
3.25,1.5,55,3,200,both,210,143,67,68.1,1963.3,1599.2,1.23
3.25,1.5,55,3,200,long,114,82,32,71.9,2877.9,884.9,3.25
3.25,1.5,55,3,200,short,96,61,35,63.5,-914.6,1858.1,-0.49
3.25,1.5,55,4,200,both,207,141,66,68.1,1913.3,1599.2,1.2
3.25,1.5,55,4,200,long,112,80,32,71.4,2820.8,884.9,3.19
3.25,1.5,55,4,200,short,95,61,34,64.2,-907.5,1858.1,-0.49
3.25,1.5,65,1,200,both,211,143,68,67.8,2481.3,1504.5,1.65
3.25,1.5,65,1,200,long,114,82,32,71.9,3045.3,808.1,3.77
3.25,1.5,65,1,200,short,97,61,36,62.9,-564.0,1836.0,-0.31
3.25,1.5,65,2,200,both,209,143,66,68.4,2797.3,1346.5,2.08
3.25,1.5,65,2,200,long,113,82,31,72.6,3203.3,808.1,3.96
3.25,1.5,65,2,200,short,96,61,35,63.5,-406.0,1678.8,-0.24
3.25,1.5,65,3,200,both,208,142,66,68.3,2702.6,1441.2,1.88
3.25,1.5,65,3,200,long,113,82,31,72.6,3203.3,808.1,3.96
3.25,1.5,65,3,200,short,95,60,35,63.2,-500.7,1773.5,-0.28
3.25,1.5,65,4,200,both,205,140,65,68.3,2652.6,1441.2,1.84
3.25,1.5,65,4,200,long,111,80,31,72.1,3146.2,808.1,3.89
3.25,1.5,65,4,200,short,94,60,34,63.8,-493.6,1773.5,-0.28
3.25,1.5,75,1,200,both,210,141,69,67.1,2572.1,1295.0,1.99
3.25,1.5,75,1,200,long,113,82,31,72.6,3264.6,808.1,4.04
3.25,1.5,75,1,200,short,97,59,38,60.8,-692.5,1675.0,-0.41
3.25,1.5,75,2,200,both,208,141,67,67.8,2888.1,1202.5,2.4
3.25,1.5,75,2,200,long,112,82,30,73.2,3422.6,808.1,4.24
3.25,1.5,75,2,200,short,96,59,37,61.5,-534.5,1517.8,-0.35
3.25,1.5,75,3,200,both,208,141,67,67.8,2888.1,1202.5,2.4
3.25,1.5,75,3,200,long,112,82,30,73.2,3422.6,808.1,4.24
3.25,1.5,75,3,200,short,96,59,37,61.5,-534.5,1517.8,-0.35
3.25,1.5,75,4,200,both,205,139,66,67.8,2819.8,1202.5,2.34
3.25,1.5,75,4,200,long,110,80,30,72.7,3347.2,808.1,4.14
3.25,1.5,75,4,200,short,95,59,36,62.1,-527.4,1517.8,-0.35
3.25,1.5,85,1,200,both,207,138,69,66.7,2543.2,1299.6,1.96
3.25,1.5,85,1,200,long,111,80,31,72.1,3229.2,808.1,4.0
3.25,1.5,85,1,200,short,96,58,38,60.4,-686.0,1666.2,-0.41
3.25,1.5,85,2,200,both,207,138,69,66.7,2543.2,1299.6,1.96
3.25,1.5,85,2,200,long,111,80,31,72.1,3229.2,808.1,4.0
3.25,1.5,85,2,200,short,96,58,38,60.4,-686.0,1666.2,-0.41
3.25,1.5,85,3,200,both,207,138,69,66.7,2543.2,1299.6,1.96
3.25,1.5,85,3,200,long,111,80,31,72.1,3229.2,808.1,4.0
3.25,1.5,85,3,200,short,96,58,38,60.4,-686.0,1666.2,-0.41
3.25,1.5,85,4,200,both,204,136,68,66.7,2474.9,1299.6,1.9
3.25,1.5,85,4,200,long,109,78,31,71.6,3153.8,808.1,3.9
3.25,1.5,85,4,200,short,95,58,37,61.1,-678.9,1666.2,-0.41
3.25,1.5,95,1,200,both,207,137,70,66.2,2561.8,1299.6,1.97
3.25,1.5,95,1,200,long,111,79,32,71.2,3244.5,808.1,4.01
3.25,1.5,95,1,200,short,96,58,38,60.4,-682.7,1666.2,-0.41
3.25,1.5,95,2,200,both,207,137,70,66.2,2561.8,1299.6,1.97
3.25,1.5,95,2,200,long,111,79,32,71.2,3244.5,808.1,4.01
3.25,1.5,95,2,200,short,96,58,38,60.4,-682.7,1666.2,-0.41
3.25,1.5,95,3,200,both,207,137,70,66.2,2561.8,1299.6,1.97
3.25,1.5,95,3,200,long,111,79,32,71.2,3244.5,808.1,4.01
3.25,1.5,95,3,200,short,96,58,38,60.4,-682.7,1666.2,-0.41
3.25,1.5,95,4,200,both,204,135,69,66.2,2493.5,1299.6,1.92
3.25,1.5,95,4,200,long,109,77,32,70.6,3169.1,808.1,3.92
3.25,1.5,95,4,200,short,95,58,37,61.1,-675.6,1666.2,-0.41
3.25,2.0,55,1,200,both,212,154,58,72.6,2791.1,1264.4,2.21
3.25,2.0,55,1,200,long,114,85,29,74.6,2673.8,1034.7,2.58
3.25,2.0,55,1,200,short,98,69,29,70.4,117.3,1584.5,0.07
3.25,2.0,55,2,200,both,211,154,57,73.0,2872.8,1188.7,2.42
3.25,2.0,55,2,200,long,113,85,28,75.2,2749.5,1034.7,2.66
3.25,2.0,55,2,200,short,98,69,29,70.4,123.3,1584.5,0.08
3.25,2.0,55,3,200,both,207,150,57,72.5,2489.9,1283.4,1.94
3.25,2.0,55,3,200,long,112,84,28,75.0,2702.2,1034.7,2.61
3.25,2.0,55,3,200,short,95,66,29,69.5,-212.3,1679.2,-0.13
3.25,2.0,55,4,200,both,204,148,56,72.5,2439.9,1283.4,1.9
3.25,2.0,55,4,200,long,110,82,28,74.5,2645.1,1034.7,2.56
3.25,2.0,55,4,200,short,94,66,28,70.2,-205.2,1679.2,-0.12
3.25,2.0,65,1,200,both,208,150,58,72.1,3038.5,1366.7,2.22
3.25,2.0,65,1,200,long,112,84,28,75.0,2951.9,957.9,3.08
3.25,2.0,65,1,200,short,96,66,30,68.8,86.6,1584.5,0.05
3.25,2.0,65,2,200,both,206,149,57,72.3,3063.6,1291.0,2.37
3.25,2.0,65,2,200,long,111,84,27,75.7,3027.6,957.9,3.16
3.25,2.0,65,2,200,short,95,65,30,68.4,36.0,1614.9,0.02
3.25,2.0,65,3,200,both,205,148,57,72.2,2968.9,1385.7,2.14
3.25,2.0,65,3,200,long,111,84,27,75.7,3027.6,957.9,3.16
3.25,2.0,65,3,200,short,94,64,30,68.1,-58.7,1709.6,-0.03
3.25,2.0,65,4,200,both,202,146,56,72.3,2918.9,1385.7,2.11
3.25,2.0,65,4,200,long,109,82,27,75.2,2970.5,957.9,3.1
3.25,2.0,65,4,200,short,93,64,29,68.8,-51.6,1709.6,-0.03
3.25,2.0,75,1,200,both,207,148,59,71.5,3406.2,976.2,3.49
3.25,2.0,75,1,200,long,111,84,27,75.7,3221.2,957.9,3.36
3.25,2.0,75,1,200,short,96,64,32,66.7,185.0,1564.8,0.12
3.25,2.0,75,2,200,both,205,147,58,71.7,3431.3,916.0,3.75
3.25,2.0,75,2,200,long,110,84,26,76.4,3296.9,957.9,3.44
3.25,2.0,75,2,200,short,95,63,32,66.3,134.4,1564.8,0.09
3.25,2.0,75,3,200,both,205,147,58,71.7,3431.3,916.0,3.75
3.25,2.0,75,3,200,long,110,84,26,76.4,3296.9,957.9,3.44
3.25,2.0,75,3,200,short,95,63,32,66.3,134.4,1564.8,0.09
3.25,2.0,75,4,200,both,202,145,57,71.8,3363.0,916.0,3.67
3.25,2.0,75,4,200,long,108,82,26,75.9,3221.5,957.9,3.36
3.25,2.0,75,4,200,short,94,63,31,67.0,141.5,1564.8,0.09
3.25,2.0,85,1,200,both,204,145,59,71.1,3232.5,1113.1,2.9
3.25,2.0,85,1,200,long,109,82,27,75.2,3053.5,957.9,3.19
3.25,2.0,85,1,200,short,95,63,32,66.3,179.0,1536.7,0.12
3.25,2.0,85,2,200,both,204,145,59,71.1,3232.5,1113.1,2.9
3.25,2.0,85,2,200,long,109,82,27,75.2,3053.5,957.9,3.19
3.25,2.0,85,2,200,short,95,63,32,66.3,179.0,1536.7,0.12
3.25,2.0,85,3,200,both,204,145,59,71.1,3232.5,1113.1,2.9
3.25,2.0,85,3,200,long,109,82,27,75.2,3053.5,957.9,3.19
3.25,2.0,85,3,200,short,95,63,32,66.3,179.0,1536.7,0.12
3.25,2.0,85,4,200,both,201,143,58,71.1,3164.2,1113.1,2.84
3.25,2.0,85,4,200,long,107,80,27,74.8,2978.1,957.9,3.11
3.25,2.0,85,4,200,short,94,63,31,67.0,186.1,1536.7,0.12
3.25,2.0,95,1,200,both,204,144,60,70.6,3201.1,1113.1,2.88
3.25,2.0,95,1,200,long,109,81,28,74.3,3018.8,957.9,3.15
3.25,2.0,95,1,200,short,95,63,32,66.3,182.3,1536.7,0.12
3.25,2.0,95,2,200,both,204,144,60,70.6,3201.1,1113.1,2.88
3.25,2.0,95,2,200,long,109,81,28,74.3,3018.8,957.9,3.15
3.25,2.0,95,2,200,short,95,63,32,66.3,182.3,1536.7,0.12
3.25,2.0,95,3,200,both,204,144,60,70.6,3201.1,1113.1,2.88
3.25,2.0,95,3,200,long,109,81,28,74.3,3018.8,957.9,3.15
3.25,2.0,95,3,200,short,95,63,32,66.3,182.3,1536.7,0.12
3.25,2.0,95,4,200,both,201,142,59,70.6,3132.8,1113.1,2.81
3.25,2.0,95,4,200,long,107,79,28,73.8,2943.4,957.9,3.07
3.25,2.0,95,4,200,short,94,63,31,67.0,189.4,1536.7,0.12
3.25,0.5,55,1,250,both,231,120,111,51.9,3376.8,775.2,4.36
3.25,0.5,55,1,250,long,126,70,56,55.6,3254.9,307.0,10.6
3.25,0.5,55,1,250,short,105,50,55,47.6,121.9,1098.5,0.11
3.25,0.5,55,2,250,both,229,120,109,52.4,3492.8,775.2,4.51
3.25,0.5,55,2,250,long,124,70,54,56.5,3370.9,307.0,10.98
3.25,0.5,55,2,250,short,105,50,55,47.6,121.9,1098.5,0.11
3.25,0.5,55,3,250,both,225,118,107,52.4,3371.2,717.2,4.7
3.25,0.5,55,3,250,long,123,69,54,56.1,3323.6,307.0,10.83
3.25,0.5,55,3,250,short,102,49,53,48.0,47.6,1038.5,0.05
3.25,0.5,55,4,250,both,222,116,106,52.3,3372.1,717.2,4.7
3.25,0.5,55,4,250,long,121,67,54,55.4,3266.5,307.0,10.64
3.25,0.5,55,4,250,short,101,49,52,48.5,105.6,1038.5,0.1
3.25,0.5,65,1,250,both,227,114,113,50.2,3511.4,694.0,5.06
3.25,0.5,65,1,250,long,124,67,57,54.0,3210.0,307.0,10.46
3.25,0.5,65,1,250,short,103,47,56,45.6,301.4,973.0,0.31
3.25,0.5,65,2,250,both,224,114,110,50.9,3685.4,694.0,5.31
3.25,0.5,65,2,250,long,122,67,55,54.9,3326.0,307.0,10.83
3.25,0.5,65,2,250,short,102,47,55,46.1,359.4,971.1,0.37
3.25,0.5,65,3,250,both,223,114,109,51.1,3743.4,636.0,5.89
3.25,0.5,65,3,250,long,122,67,55,54.9,3326.0,307.0,10.83
3.25,0.5,65,3,250,short,101,47,54,46.5,417.4,913.1,0.46
3.25,0.5,65,4,250,both,220,112,108,50.9,3744.3,636.0,5.89
3.25,0.5,65,4,250,long,120,65,55,54.2,3268.9,307.0,10.65
3.25,0.5,65,4,250,short,100,47,53,47.0,475.4,913.1,0.52
3.25,0.5,75,1,250,both,225,112,113,49.8,3774.7,767.0,4.92
3.25,0.5,75,1,250,long,122,66,56,54.1,3215.1,431.5,7.45
3.25,0.5,75,1,250,short,103,46,57,44.7,559.6,812.0,0.69
3.25,0.5,75,2,250,both,223,112,111,50.2,3890.7,767.0,5.07
3.25,0.5,75,2,250,long,121,66,55,54.5,3273.1,431.5,7.59
3.25,0.5,75,2,250,short,102,46,56,45.1,617.6,810.1,0.76
3.25,0.5,75,3,250,both,222,112,110,50.5,3948.7,709.0,5.57
3.25,0.5,75,3,250,long,120,66,54,55.0,3331.1,373.5,8.92
3.25,0.5,75,3,250,short,102,46,56,45.1,617.6,810.1,0.76
3.25,0.5,75,4,250,both,219,110,109,50.2,3931.3,709.0,5.54
3.25,0.5,75,4,250,long,118,64,54,54.2,3255.7,373.5,8.72
3.25,0.5,75,4,250,short,101,46,55,45.5,675.6,810.1,0.83
3.25,0.5,85,1,250,both,222,109,113,49.1,3777.0,759.7,4.97
3.25,0.5,85,1,250,long,120,64,56,53.3,3210.9,431.5,7.44
3.25,0.5,85,1,250,short,102,45,57,44.1,566.1,803.2,0.7
3.25,0.5,85,2,250,both,222,109,113,49.1,3777.0,759.7,4.97
3.25,0.5,85,2,250,long,120,64,56,53.3,3210.9,431.5,7.44
3.25,0.5,85,2,250,short,102,45,57,44.1,566.1,803.2,0.7
3.25,0.5,85,3,250,both,221,109,112,49.3,3835.0,701.7,5.47
3.25,0.5,85,3,250,long,119,64,55,53.8,3268.9,373.5,8.75
3.25,0.5,85,3,250,short,102,45,57,44.1,566.1,803.2,0.7
3.25,0.5,85,4,250,both,218,107,111,49.1,3817.6,701.7,5.44
3.25,0.5,85,4,250,long,117,62,55,53.0,3193.5,373.5,8.55
3.25,0.5,85,4,250,short,101,45,56,44.6,624.1,803.2,0.78
3.25,0.5,95,1,250,both,222,108,114,48.6,3887.8,759.7,5.12
3.25,0.5,95,1,250,long,120,63,57,52.5,3321.7,431.5,7.7
3.25,0.5,95,1,250,short,102,45,57,44.1,566.1,803.2,0.7
3.25,0.5,95,2,250,both,222,108,114,48.6,3887.8,759.7,5.12
3.25,0.5,95,2,250,long,120,63,57,52.5,3321.7,431.5,7.7
3.25,0.5,95,2,250,short,102,45,57,44.1,566.1,803.2,0.7
3.25,0.5,95,3,250,both,221,108,113,48.9,3945.8,701.7,5.62
3.25,0.5,95,3,250,long,119,63,56,52.9,3379.7,373.5,9.05
3.25,0.5,95,3,250,short,102,45,57,44.1,566.1,803.2,0.7
3.25,0.5,95,4,250,both,218,106,112,48.6,3928.4,701.7,5.6
3.25,0.5,95,4,250,long,117,61,56,52.1,3304.3,373.5,8.85
3.25,0.5,95,4,250,short,101,45,56,44.6,624.1,803.2,0.78
3.25,0.75,55,1,250,both,227,135,92,59.5,3267.3,699.0,4.67
3.25,0.75,55,1,250,long,122,78,44,63.9,3339.2,431.7,7.74
3.25,0.75,55,1,250,short,105,57,48,54.3,-71.9,971.7,-0.07
3.25,0.75,55,2,250,both,226,135,91,59.7,3365.5,620.2,5.43
3.25,0.75,55,2,250,long,121,78,43,64.5,3437.4,431.7,7.96
3.25,0.75,55,2,250,short,105,57,48,54.3,-71.9,971.7,-0.07
3.25,0.75,55,3,250,both,222,132,90,59.5,3062.8,748.9,4.09
3.25,0.75,55,3,250,long,120,77,43,64.2,3336.7,431.7,7.73
3.25,0.75,55,3,250,short,102,55,47,53.9,-273.9,1060.8,-0.26
3.25,0.75,55,4,250,both,219,130,89,59.4,3012.8,748.9,4.02
3.25,0.75,55,4,250,long,118,75,43,63.6,3279.6,431.7,7.6
3.25,0.75,55,4,250,short,101,55,46,54.5,-266.8,1060.8,-0.25
3.25,0.75,65,1,250,both,223,130,93,58.3,3454.2,676.9,5.1
3.25,0.75,65,1,250,long,120,76,44,63.3,3371.6,435.1,7.75
3.25,0.75,65,1,250,short,103,54,49,52.4,82.6,846.2,0.1
3.25,0.75,65,2,250,both,221,130,91,58.8,3635.4,593.9,6.12
3.25,0.75,65,2,250,long,119,76,43,63.9,3469.8,435.1,7.97
3.25,0.75,65,2,250,short,102,54,48,52.9,165.6,840.7,0.2
3.25,0.75,65,3,250,both,220,129,91,58.6,3487.3,667.7,5.22
3.25,0.75,65,3,250,long,119,76,43,63.9,3416.4,435.1,7.85
3.25,0.75,65,3,250,short,101,53,48,52.5,70.9,935.4,0.08
3.25,0.75,65,4,250,both,217,127,90,58.5,3437.3,667.7,5.15
3.25,0.75,65,4,250,long,117,74,43,63.2,3359.3,435.1,7.72
3.25,0.75,65,4,250,short,100,53,47,53.0,78.0,935.4,0.08
3.25,0.75,75,1,250,both,222,129,93,58.1,3784.0,636.0,5.95
3.25,0.75,75,1,250,long,119,76,43,63.9,3468.2,435.1,7.97
3.25,0.75,75,1,250,short,103,53,50,51.5,315.8,656.7,0.48
3.25,0.75,75,2,250,both,220,129,91,58.6,3965.2,566.1,7.0
3.25,0.75,75,2,250,long,118,76,42,64.4,3566.4,435.1,8.2
3.25,0.75,75,2,250,short,102,53,49,52.0,398.8,651.2,0.61
3.25,0.75,75,3,250,both,220,129,91,58.6,3911.8,589.0,6.64
3.25,0.75,75,3,250,long,118,76,42,64.4,3513.0,435.1,8.07
3.25,0.75,75,3,250,short,102,53,49,52.0,398.8,651.2,0.61
3.25,0.75,75,4,250,both,217,127,90,58.5,3843.5,589.0,6.53
3.25,0.75,75,4,250,long,116,74,42,63.8,3437.6,435.1,7.9
3.25,0.75,75,4,250,short,101,53,48,52.5,405.9,651.2,0.62
3.25,0.75,85,1,250,both,219,126,93,57.5,3764.7,604.6,6.23
3.25,0.75,85,1,250,long,117,74,43,63.2,3442.4,435.1,7.91
3.25,0.75,85,1,250,short,102,52,50,51.0,322.3,659.1,0.49
3.25,0.75,85,2,250,both,219,126,93,57.5,3779.9,604.6,6.25
3.25,0.75,85,2,250,long,117,74,43,63.2,3457.6,435.1,7.95
3.25,0.75,85,2,250,short,102,52,50,51.0,322.3,659.1,0.49
3.25,0.75,85,3,250,both,219,126,93,57.5,3726.5,604.6,6.16
3.25,0.75,85,3,250,long,117,74,43,63.2,3404.2,435.1,7.82
3.25,0.75,85,3,250,short,102,52,50,51.0,322.3,659.1,0.49
3.25,0.75,85,4,250,both,216,124,92,57.4,3658.2,604.6,6.05
3.25,0.75,85,4,250,long,115,72,43,62.6,3328.8,435.1,7.65
3.25,0.75,85,4,250,short,101,52,49,51.5,329.4,659.1,0.5
3.25,0.75,95,1,250,both,219,125,94,57.1,3896.2,604.6,6.44
3.25,0.75,95,1,250,long,117,73,44,62.4,3573.9,435.1,8.21
3.25,0.75,95,1,250,short,102,52,50,51.0,322.3,659.1,0.49
3.25,0.75,95,2,250,both,219,125,94,57.1,3911.4,604.6,6.47
3.25,0.75,95,2,250,long,117,73,44,62.4,3589.1,435.1,8.25
3.25,0.75,95,2,250,short,102,52,50,51.0,322.3,659.1,0.49
3.25,0.75,95,3,250,both,219,125,94,57.1,3858.0,604.6,6.38
3.25,0.75,95,3,250,long,117,73,44,62.4,3535.7,435.1,8.13
3.25,0.75,95,3,250,short,102,52,50,51.0,322.3,659.1,0.49
3.25,0.75,95,4,250,both,216,123,93,56.9,3789.7,604.6,6.27
3.25,0.75,95,4,250,long,115,71,44,61.7,3460.3,435.1,7.95
3.25,0.75,95,4,250,short,101,52,49,51.5,329.4,659.1,0.5
3.25,1.0,55,1,250,both,223,146,77,65.5,3120.5,824.0,3.79
3.25,1.0,55,1,250,long,119,82,37,68.9,2998.0,680.9,4.4
3.25,1.0,55,1,250,short,104,64,40,61.5,122.5,1021.7,0.12
3.25,1.0,55,2,250,both,222,146,76,65.8,3243.7,808.8,4.01
3.25,1.0,55,2,250,long,118,82,36,69.5,3121.2,680.9,4.58
3.25,1.0,55,2,250,short,104,64,40,61.5,122.5,1021.7,0.12
3.25,1.0,55,3,250,both,218,143,75,65.6,2966.0,862.2,3.44
3.25,1.0,55,3,250,long,117,81,36,69.2,3020.5,702.2,4.3
3.25,1.0,55,3,250,short,101,62,39,61.4,-54.5,1059.1,-0.05
3.25,1.0,55,4,250,both,215,141,74,65.6,2916.0,862.2,3.38
3.25,1.0,55,4,250,long,115,79,36,68.7,2963.4,702.2,4.22
3.25,1.0,55,4,250,short,100,62,38,62.0,-47.4,1059.1,-0.04
3.25,1.0,65,1,250,both,219,142,77,64.8,3417.3,739.4,4.62
3.25,1.0,65,1,250,long,117,80,37,68.4,3030.4,684.3,4.43
3.25,1.0,65,1,250,short,102,62,40,60.8,386.9,896.2,0.43
3.25,1.0,65,2,250,both,217,142,75,65.4,3648.5,724.2,5.04
3.25,1.0,65,2,250,long,116,80,36,69.0,3153.6,684.3,4.61
3.25,1.0,65,2,250,short,101,62,39,61.4,494.9,839.0,0.59
3.25,1.0,65,3,250,both,216,141,75,65.3,3500.4,777.6,4.5
3.25,1.0,65,3,250,long,116,80,36,69.0,3100.2,705.6,4.39
3.25,1.0,65,3,250,short,100,61,39,61.0,400.2,933.7,0.43
3.25,1.0,65,4,250,both,213,139,74,65.3,3450.4,777.6,4.44
3.25,1.0,65,4,250,long,114,78,36,68.4,3043.1,705.6,4.31
3.25,1.0,65,4,250,short,99,61,38,61.6,407.3,933.7,0.44
3.25,1.0,75,1,250,both,218,141,77,64.7,3747.1,739.4,5.07
3.25,1.0,75,1,250,long,116,80,36,69.0,3152.0,684.3,4.61
3.25,1.0,75,1,250,short,102,61,41,59.8,595.1,776.8,0.77
3.25,1.0,75,2,250,both,216,141,75,65.3,3978.3,724.2,5.49
3.25,1.0,75,2,250,long,115,80,35,69.6,3275.2,684.3,4.79
3.25,1.0,75,2,250,short,101,61,40,60.4,703.1,760.5,0.92
3.25,1.0,75,3,250,both,216,141,75,65.3,3924.9,777.6,5.05
3.25,1.0,75,3,250,long,115,80,35,69.6,3221.8,705.6,4.57
3.25,1.0,75,3,250,short,101,61,40,60.4,703.1,760.5,0.92
3.25,1.0,75,4,250,both,213,139,74,65.3,3856.6,777.6,4.96
3.25,1.0,75,4,250,long,113,78,35,69.0,3146.4,705.6,4.46
3.25,1.0,75,4,250,short,100,61,39,61.0,710.2,760.5,0.93
3.25,1.0,85,1,250,both,215,138,77,64.2,3727.8,739.4,5.04
3.25,1.0,85,1,250,long,114,78,36,68.4,3126.2,684.3,4.57
3.25,1.0,85,1,250,short,101,60,41,59.4,601.6,796.1,0.76
3.25,1.0,85,2,250,both,215,138,77,64.2,3743.0,724.2,5.17
3.25,1.0,85,2,250,long,114,78,36,68.4,3141.4,684.3,4.59
3.25,1.0,85,2,250,short,101,60,41,59.4,601.6,796.1,0.76
3.25,1.0,85,3,250,both,215,138,77,64.2,3689.6,777.6,4.74
3.25,1.0,85,3,250,long,114,78,36,68.4,3088.0,705.6,4.38
3.25,1.0,85,3,250,short,101,60,41,59.4,601.6,796.1,0.76
3.25,1.0,85,4,250,both,212,136,76,64.2,3621.3,777.6,4.66
3.25,1.0,85,4,250,long,112,76,36,67.9,3012.6,705.6,4.27
3.25,1.0,85,4,250,short,100,60,40,60.0,608.7,796.1,0.76
3.25,1.0,95,1,250,both,215,136,79,63.3,3700.7,739.4,5.01
3.25,1.0,95,1,250,long,114,76,38,66.7,3099.1,684.3,4.53
3.25,1.0,95,1,250,short,101,60,41,59.4,601.6,796.1,0.76
3.25,1.0,95,2,250,both,215,136,79,63.3,3715.9,724.2,5.13
3.25,1.0,95,2,250,long,114,76,38,66.7,3114.3,684.3,4.55
3.25,1.0,95,2,250,short,101,60,41,59.4,601.6,796.1,0.76
3.25,1.0,95,3,250,both,215,136,79,63.3,3662.5,777.6,4.71
3.25,1.0,95,3,250,long,114,76,38,66.7,3060.9,705.6,4.34
3.25,1.0,95,3,250,short,101,60,41,59.4,601.6,796.1,0.76
3.25,1.0,95,4,250,both,212,134,78,63.2,3594.2,777.6,4.62
3.25,1.0,95,4,250,long,112,74,38,66.1,2985.5,705.6,4.23
3.25,1.0,95,4,250,short,100,60,40,60.0,608.7,796.1,0.76
3.25,1.25,55,1,250,both,222,150,72,67.6,2985.0,1300.5,2.3
3.25,1.25,55,1,250,long,119,85,34,71.4,3192.5,902.7,3.54
3.25,1.25,55,1,250,short,103,65,38,63.1,-207.5,1349.8,-0.15
3.25,1.25,55,2,250,both,221,150,71,67.9,3118.0,1167.5,2.67
3.25,1.25,55,2,250,long,118,85,33,72.0,3325.5,902.7,3.68
3.25,1.25,55,2,250,short,103,65,38,63.1,-207.5,1349.8,-0.15
3.25,1.25,55,3,250,both,217,147,70,67.7,2918.7,1262.2,2.31
3.25,1.25,55,3,250,long,117,84,33,71.8,3278.2,902.7,3.63
3.25,1.25,55,3,250,short,100,63,37,63.0,-359.5,1337.2,-0.27
3.25,1.25,55,4,250,both,214,145,69,67.8,2868.7,1262.2,2.27
3.25,1.25,55,4,250,long,115,82,33,71.3,3221.1,902.7,3.57
3.25,1.25,55,4,250,short,99,63,36,63.6,-352.4,1337.2,-0.26
3.25,1.25,65,1,250,both,218,146,72,67.0,3281.8,1219.3,2.69
3.25,1.25,65,1,250,long,117,83,34,70.9,3224.9,902.7,3.57
3.25,1.25,65,1,250,short,101,63,38,62.4,56.9,1224.3,0.05
3.25,1.25,65,2,250,both,216,146,70,67.6,3547.8,1086.3,3.27
3.25,1.25,65,2,250,long,116,83,33,71.6,3357.9,902.7,3.72
3.25,1.25,65,2,250,short,100,63,37,63.0,189.9,1117.1,0.17
3.25,1.25,65,3,250,both,215,145,70,67.4,3453.1,1181.0,2.92
3.25,1.25,65,3,250,long,116,83,33,71.6,3357.9,902.7,3.72
3.25,1.25,65,3,250,short,99,62,37,62.6,95.2,1211.8,0.08
3.25,1.25,65,4,250,both,212,143,69,67.5,3403.1,1181.0,2.88
3.25,1.25,65,4,250,long,114,81,33,71.1,3300.8,902.7,3.66
3.25,1.25,65,4,250,short,98,62,36,63.3,102.3,1211.8,0.08
3.25,1.25,75,1,250,both,217,145,72,66.8,3611.6,1034.8,3.49
3.25,1.25,75,1,250,long,116,83,33,71.6,3371.5,902.7,3.73
3.25,1.25,75,1,250,short,101,62,39,61.4,240.1,976.9,0.25
3.25,1.25,75,2,250,both,215,145,70,67.4,3877.6,1015.1,3.82
3.25,1.25,75,2,250,long,115,83,32,72.2,3504.5,902.7,3.88
3.25,1.25,75,2,250,short,100,62,38,62.0,373.1,877.5,0.43
3.25,1.25,75,3,250,both,215,145,70,67.4,3877.6,1015.1,3.82
3.25,1.25,75,3,250,long,115,83,32,72.2,3504.5,902.7,3.88
3.25,1.25,75,3,250,short,100,62,38,62.0,373.1,877.5,0.43
3.25,1.25,75,4,250,both,212,143,69,67.5,3809.3,1015.1,3.75
3.25,1.25,75,4,250,long,113,81,32,71.7,3429.1,902.7,3.8
3.25,1.25,75,4,250,short,99,62,37,62.6,380.2,877.5,0.43
3.25,1.25,85,1,250,both,214,142,72,66.4,3592.3,1039.4,3.46
3.25,1.25,85,1,250,long,114,81,33,71.1,3345.7,902.7,3.71
3.25,1.25,85,1,250,short,100,61,39,61.0,246.6,968.1,0.25
3.25,1.25,85,2,250,both,214,142,72,66.4,3592.3,1039.4,3.46
3.25,1.25,85,2,250,long,114,81,33,71.1,3345.7,902.7,3.71
3.25,1.25,85,2,250,short,100,61,39,61.0,246.6,968.1,0.25
3.25,1.25,85,3,250,both,214,142,72,66.4,3592.3,1039.4,3.46
3.25,1.25,85,3,250,long,114,81,33,71.1,3345.7,902.7,3.71
3.25,1.25,85,3,250,short,100,61,39,61.0,246.6,968.1,0.25
3.25,1.25,85,4,250,both,211,140,71,66.4,3524.0,1039.4,3.39
3.25,1.25,85,4,250,long,112,79,33,70.5,3270.3,902.7,3.62
3.25,1.25,85,4,250,short,99,61,38,61.6,253.7,968.1,0.26
3.25,1.25,95,1,250,both,213,139,74,65.3,3408.0,1039.4,3.28
3.25,1.25,95,1,250,long,113,78,35,69.0,3161.4,902.7,3.5
3.25,1.25,95,1,250,short,100,61,39,61.0,246.6,968.1,0.25
3.25,1.25,95,2,250,both,213,139,74,65.3,3408.0,1039.4,3.28
3.25,1.25,95,2,250,long,113,78,35,69.0,3161.4,902.7,3.5
3.25,1.25,95,2,250,short,100,61,39,61.0,246.6,968.1,0.25
3.25,1.25,95,3,250,both,213,139,74,65.3,3408.0,1039.4,3.28
3.25,1.25,95,3,250,long,113,78,35,69.0,3161.4,902.7,3.5
3.25,1.25,95,3,250,short,100,61,39,61.0,246.6,968.1,0.25
3.25,1.25,95,4,250,both,210,137,73,65.2,3339.7,1039.4,3.21
3.25,1.25,95,4,250,long,111,76,35,68.5,3086.0,902.7,3.42
3.25,1.25,95,4,250,short,99,61,38,61.6,253.7,968.1,0.26
3.25,1.5,55,1,250,both,222,153,69,68.9,2220.3,1928.7,1.15
3.25,1.5,55,1,250,long,119,86,33,72.3,2866.2,1151.1,2.49
3.25,1.5,55,1,250,short,103,67,36,65.0,-645.9,1974.8,-0.33
3.25,1.5,55,2,250,both,221,153,68,69.2,2378.3,1770.7,1.34
3.25,1.5,55,2,250,long,118,86,32,72.9,3024.2,1151.1,2.63
3.25,1.5,55,2,250,short,103,67,36,65.0,-645.9,1974.8,-0.33
3.25,1.5,55,3,250,both,217,150,67,69.1,2204.0,1865.4,1.18
3.25,1.5,55,3,250,long,117,85,32,72.6,2976.9,1151.1,2.59
3.25,1.5,55,3,250,short,100,65,35,65.0,-772.9,1912.2,-0.4
3.25,1.5,55,4,250,both,214,148,66,69.2,2154.0,1865.4,1.15
3.25,1.5,55,4,250,long,115,83,32,72.2,2919.8,1151.1,2.54
3.25,1.5,55,4,250,short,99,65,34,65.7,-765.8,1912.2,-0.4
3.25,1.5,65,1,250,both,218,149,69,68.3,2517.1,1847.5,1.36
3.25,1.5,65,1,250,long,117,84,33,71.8,2898.6,1151.1,2.52
3.25,1.5,65,1,250,short,101,65,36,64.4,-381.5,1849.3,-0.21
3.25,1.5,65,2,250,both,216,149,67,69.0,2833.1,1689.5,1.68
3.25,1.5,65,2,250,long,116,84,32,72.4,3056.6,1151.1,2.66
3.25,1.5,65,2,250,short,100,65,35,65.0,-223.5,1692.1,-0.13
3.25,1.5,65,3,250,both,215,148,67,68.8,2738.4,1784.2,1.53
3.25,1.5,65,3,250,long,116,84,32,72.4,3056.6,1151.1,2.66
3.25,1.5,65,3,250,short,99,64,35,64.6,-318.2,1786.8,-0.18
3.25,1.5,65,4,250,both,212,146,66,68.9,2688.4,1784.2,1.51
3.25,1.5,65,4,250,long,114,82,32,71.9,2999.5,1151.1,2.61
3.25,1.5,65,4,250,short,98,64,34,65.3,-311.1,1786.8,-0.17
3.25,1.5,75,1,250,both,217,147,70,67.7,2661.8,1638.0,1.63
3.25,1.5,75,1,250,long,116,84,32,72.4,3070.2,1151.1,2.67
3.25,1.5,75,1,250,short,101,63,38,62.4,-408.4,1586.7,-0.26
3.25,1.5,75,2,250,both,215,147,68,68.4,2977.8,1545.5,1.93
3.25,1.5,75,2,250,long,115,84,31,73.0,3228.2,1151.1,2.8
3.25,1.5,75,2,250,short,100,63,37,63.0,-250.4,1429.5,-0.18
3.25,1.5,75,3,250,both,215,147,68,68.4,2977.8,1545.5,1.93
3.25,1.5,75,3,250,long,115,84,31,73.0,3228.2,1151.1,2.8
3.25,1.5,75,3,250,short,100,63,37,63.0,-250.4,1429.5,-0.18
3.25,1.5,75,4,250,both,212,145,67,68.4,2909.5,1545.5,1.88
3.25,1.5,75,4,250,long,113,82,31,72.6,3152.8,1151.1,2.74
3.25,1.5,75,4,250,short,99,63,36,63.6,-243.3,1429.5,-0.17
3.25,1.5,85,1,250,both,214,144,70,67.3,2642.5,1642.6,1.61
3.25,1.5,85,1,250,long,114,82,32,71.9,3044.4,1151.1,2.64
3.25,1.5,85,1,250,short,100,62,38,62.0,-401.9,1577.9,-0.25
3.25,1.5,85,2,250,both,214,144,70,67.3,2642.5,1642.6,1.61
3.25,1.5,85,2,250,long,114,82,32,71.9,3044.4,1151.1,2.64
3.25,1.5,85,2,250,short,100,62,38,62.0,-401.9,1577.9,-0.25
3.25,1.5,85,3,250,both,214,144,70,67.3,2642.5,1642.6,1.61
3.25,1.5,85,3,250,long,114,82,32,71.9,3044.4,1151.1,2.64
3.25,1.5,85,3,250,short,100,62,38,62.0,-401.9,1577.9,-0.25
3.25,1.5,85,4,250,both,211,142,69,67.3,2574.2,1642.6,1.57
3.25,1.5,85,4,250,long,112,80,32,71.4,2969.0,1151.1,2.58
3.25,1.5,85,4,250,short,99,62,37,62.6,-394.8,1577.9,-0.25
3.25,1.5,95,1,250,both,213,141,72,66.2,2408.2,1642.6,1.47
3.25,1.5,95,1,250,long,113,79,34,69.9,2810.1,1151.1,2.44
3.25,1.5,95,1,250,short,100,62,38,62.0,-401.9,1577.9,-0.25
3.25,1.5,95,2,250,both,213,141,72,66.2,2408.2,1642.6,1.47
3.25,1.5,95,2,250,long,113,79,34,69.9,2810.1,1151.1,2.44
3.25,1.5,95,2,250,short,100,62,38,62.0,-401.9,1577.9,-0.25
3.25,1.5,95,3,250,both,213,141,72,66.2,2408.2,1642.6,1.47
3.25,1.5,95,3,250,long,113,79,34,69.9,2810.1,1151.1,2.44
3.25,1.5,95,3,250,short,100,62,38,62.0,-401.9,1577.9,-0.25
3.25,1.5,95,4,250,both,210,139,71,66.2,2339.9,1642.6,1.42
3.25,1.5,95,4,250,long,111,77,34,69.4,2734.7,1151.1,2.38
3.25,1.5,95,4,250,short,99,62,37,62.6,-394.8,1577.9,-0.25
3.25,2.0,55,1,250,both,219,161,58,73.5,2981.8,1580.6,1.89
3.25,2.0,55,1,250,long,117,88,29,75.2,2722.8,1350.9,2.02
3.25,2.0,55,1,250,short,102,73,29,71.6,259.0,1594.0,0.16
3.25,2.0,55,2,250,both,218,161,57,73.9,3063.5,1504.9,2.04
3.25,2.0,55,2,250,long,116,88,28,75.9,2798.5,1350.9,2.07
3.25,2.0,55,2,250,short,102,73,29,71.6,265.0,1594.0,0.17
3.25,2.0,55,3,250,both,214,157,57,73.4,2680.6,1599.6,1.68
3.25,2.0,55,3,250,long,115,87,28,75.7,2751.2,1350.9,2.04
3.25,2.0,55,3,250,short,99,70,29,70.7,-70.6,1688.7,-0.04
3.25,2.0,55,4,250,both,211,155,56,73.5,2630.6,1599.6,1.64
3.25,2.0,55,4,250,long,113,85,28,75.2,2694.1,1350.9,1.99
3.25,2.0,55,4,250,short,98,70,28,71.4,-63.5,1688.7,-0.04
3.25,2.0,65,1,250,both,215,156,59,72.6,3024.3,1759.7,1.72
3.25,2.0,65,1,250,long,115,86,29,74.8,2755.2,1350.9,2.04
3.25,2.0,65,1,250,short,100,70,30,70.0,269.1,1594.0,0.17
3.25,2.0,65,2,250,both,213,155,58,72.8,3049.4,1684.0,1.81
3.25,2.0,65,2,250,long,114,86,28,75.4,2830.9,1350.9,2.1
3.25,2.0,65,2,250,short,99,69,30,69.7,218.5,1628.2,0.13
3.25,2.0,65,3,250,both,212,154,58,72.6,2954.7,1778.7,1.66
3.25,2.0,65,3,250,long,114,86,28,75.4,2830.9,1350.9,2.1
3.25,2.0,65,3,250,short,98,68,30,69.4,123.8,1722.9,0.07
3.25,2.0,65,4,250,both,209,152,57,72.7,2904.7,1778.7,1.63
3.25,2.0,65,4,250,long,112,84,28,75.0,2773.8,1350.9,2.05
3.25,2.0,65,4,250,short,97,68,29,70.1,130.9,1722.9,0.08
3.25,2.0,75,1,250,both,214,154,60,72.0,3445.9,1369.2,2.52
3.25,2.0,75,1,250,long,114,86,28,75.4,2976.8,1350.9,2.2
3.25,2.0,75,1,250,short,100,68,32,68.0,469.1,1472.7,0.32
3.25,2.0,75,2,250,both,212,153,59,72.2,3471.0,1309.0,2.65
3.25,2.0,75,2,250,long,113,86,27,76.1,3052.5,1350.9,2.26
3.25,2.0,75,2,250,short,99,67,32,67.7,418.5,1472.7,0.28
3.25,2.0,75,3,250,both,212,153,59,72.2,3471.0,1309.0,2.65
3.25,2.0,75,3,250,long,113,86,27,76.1,3052.5,1350.9,2.26
3.25,2.0,75,3,250,short,99,67,32,67.7,418.5,1472.7,0.28
3.25,2.0,75,4,250,both,209,151,58,72.2,3402.7,1309.0,2.6
3.25,2.0,75,4,250,long,111,84,27,75.7,2977.1,1350.9,2.2
3.25,2.0,75,4,250,short,98,67,31,68.4,425.6,1472.7,0.29
3.25,2.0,85,1,250,both,211,151,60,71.6,3281.8,1506.1,2.18
3.25,2.0,85,1,250,long,112,84,28,75.0,2818.7,1350.9,2.09
3.25,2.0,85,1,250,short,99,67,32,67.7,463.1,1444.6,0.32
3.25,2.0,85,2,250,both,211,151,60,71.6,3281.8,1506.1,2.18
3.25,2.0,85,2,250,long,112,84,28,75.0,2818.7,1350.9,2.09
3.25,2.0,85,2,250,short,99,67,32,67.7,463.1,1444.6,0.32
3.25,2.0,85,3,250,both,211,151,60,71.6,3281.8,1506.1,2.18
3.25,2.0,85,3,250,long,112,84,28,75.0,2818.7,1350.9,2.09
3.25,2.0,85,3,250,short,99,67,32,67.7,463.1,1444.6,0.32
3.25,2.0,85,4,250,both,208,149,59,71.6,3213.5,1506.1,2.13
3.25,2.0,85,4,250,long,110,82,28,74.5,2743.3,1350.9,2.03
3.25,2.0,85,4,250,short,98,67,31,68.4,470.2,1444.6,0.33
3.25,2.0,95,1,250,both,210,148,62,70.5,2947.5,1506.1,1.96
3.25,2.0,95,1,250,long,111,81,30,73.0,2484.4,1350.9,1.84
3.25,2.0,95,1,250,short,99,67,32,67.7,463.1,1444.6,0.32
3.25,2.0,95,2,250,both,210,148,62,70.5,2947.5,1506.1,1.96
3.25,2.0,95,2,250,long,111,81,30,73.0,2484.4,1350.9,1.84
3.25,2.0,95,2,250,short,99,67,32,67.7,463.1,1444.6,0.32
3.25,2.0,95,3,250,both,210,148,62,70.5,2947.5,1506.1,1.96
3.25,2.0,95,3,250,long,111,81,30,73.0,2484.4,1350.9,1.84
3.25,2.0,95,3,250,short,99,67,32,67.7,463.1,1444.6,0.32
3.25,2.0,95,4,250,both,207,146,61,70.5,2879.2,1506.1,1.91
3.25,2.0,95,4,250,long,109,79,30,72.5,2409.0,1350.9,1.78
3.25,2.0,95,4,250,short,98,67,31,68.4,470.2,1444.6,0.33
3.25,0.5,55,1,300,both,237,119,118,50.2,2996.3,833.1,3.6
3.25,0.5,55,1,300,long,130,69,61,53.1,2990.0,249.0,12.01
3.25,0.5,55,1,300,short,107,50,57,46.7,6.3,1264.1,0.0
3.25,0.5,55,2,300,both,235,119,116,50.6,3112.3,831.3,3.74
3.25,0.5,55,2,300,long,128,69,59,53.9,3106.0,249.0,12.47
3.25,0.5,55,2,300,short,107,50,57,46.7,6.3,1264.1,0.0
3.25,0.5,55,3,300,both,231,117,114,50.6,2990.7,773.3,3.87
3.25,0.5,55,3,300,long,127,68,59,53.5,3058.7,249.0,12.28
3.25,0.5,55,3,300,short,104,49,55,47.1,-68.0,1204.1,-0.06
3.25,0.5,55,4,300,both,228,115,113,50.4,2991.6,773.3,3.87
3.25,0.5,55,4,300,long,125,66,59,52.8,3001.6,249.0,12.05
3.25,0.5,55,4,300,short,103,49,54,47.6,-10.0,1204.1,-0.01
3.25,0.5,65,1,300,both,233,113,120,48.5,3245.4,751.9,4.32
3.25,0.5,65,1,300,long,128,66,62,51.6,2945.1,249.0,11.83
3.25,0.5,65,1,300,short,105,47,58,44.8,300.3,1138.6,0.26
3.25,0.5,65,2,300,both,230,113,117,49.1,3419.4,750.1,4.56
3.25,0.5,65,2,300,long,126,66,60,52.4,3061.1,249.0,12.29
3.25,0.5,65,2,300,short,104,47,57,45.2,358.3,1136.7,0.32
3.25,0.5,65,3,300,both,229,113,116,49.3,3477.4,692.1,5.02
3.25,0.5,65,3,300,long,126,66,60,52.4,3061.1,249.0,12.29
3.25,0.5,65,3,300,short,103,47,56,45.6,416.3,1078.7,0.39
3.25,0.5,65,4,300,both,226,111,115,49.1,3478.3,692.1,5.03
3.25,0.5,65,4,300,long,124,64,60,51.6,3004.0,249.0,12.06
3.25,0.5,65,4,300,short,102,47,55,46.1,474.3,1078.7,0.44
3.25,0.5,75,1,300,both,231,111,120,48.1,3819.9,823.1,4.64
3.25,0.5,75,1,300,long,126,65,61,51.6,2950.2,373.5,7.9
3.25,0.5,75,1,300,short,105,46,59,43.8,869.7,977.6,0.89
3.25,0.5,75,2,300,both,229,111,118,48.5,3935.9,823.1,4.78
3.25,0.5,75,2,300,long,125,65,60,52.0,3008.2,373.5,8.05
3.25,0.5,75,2,300,short,104,46,58,44.2,927.7,975.7,0.95
3.25,0.5,75,3,300,both,228,111,117,48.7,3993.9,765.1,5.22
3.25,0.5,75,3,300,long,124,65,59,52.4,3066.2,315.5,9.72
3.25,0.5,75,3,300,short,104,46,58,44.2,927.7,975.7,0.95
3.25,0.5,75,4,300,both,225,109,116,48.4,3976.5,765.1,5.2
3.25,0.5,75,4,300,long,122,63,59,51.6,2990.8,315.5,9.48
3.25,0.5,75,4,300,short,103,46,57,44.7,985.7,975.7,1.01
3.25,0.5,85,1,300,both,228,108,120,47.4,3823.0,815.0,4.69
3.25,0.5,85,1,300,long,124,63,61,50.8,2946.0,373.5,7.89
3.25,0.5,85,1,300,short,104,45,59,43.3,877.0,968.0,0.91
3.25,0.5,85,2,300,both,228,108,120,47.4,3823.0,815.0,4.69
3.25,0.5,85,2,300,long,124,63,61,50.8,2946.0,373.5,7.89
3.25,0.5,85,2,300,short,104,45,59,43.3,877.0,968.0,0.91
3.25,0.5,85,3,300,both,227,108,119,47.6,3881.0,757.0,5.13
3.25,0.5,85,3,300,long,123,63,60,51.2,3004.0,315.5,9.52
3.25,0.5,85,3,300,short,104,45,59,43.3,877.0,968.0,0.91
3.25,0.5,85,4,300,both,223,105,118,47.1,3798.4,822.2,4.62
3.25,0.5,85,4,300,long,121,61,60,50.4,2928.6,315.5,9.28
3.25,0.5,85,4,300,short,102,44,58,43.1,869.8,1033.2,0.84
3.25,0.5,95,1,300,both,228,107,121,46.9,3933.8,815.0,4.83
3.25,0.5,95,1,300,long,124,62,62,50.0,3056.8,373.5,8.18
3.25,0.5,95,1,300,short,104,45,59,43.3,877.0,968.0,0.91
3.25,0.5,95,2,300,both,228,107,121,46.9,3933.8,815.0,4.83
3.25,0.5,95,2,300,long,124,62,62,50.0,3056.8,373.5,8.18
3.25,0.5,95,2,300,short,104,45,59,43.3,877.0,968.0,0.91
3.25,0.5,95,3,300,both,227,107,120,47.1,3991.8,757.0,5.27
3.25,0.5,95,3,300,long,123,62,61,50.4,3114.8,315.5,9.87
3.25,0.5,95,3,300,short,104,45,59,43.3,877.0,968.0,0.91
3.25,0.5,95,4,300,both,223,104,119,46.6,3909.2,822.2,4.75
3.25,0.5,95,4,300,long,121,60,61,49.6,3039.4,315.5,9.63
3.25,0.5,95,4,300,short,102,44,58,43.1,869.8,1033.2,0.84
3.25,0.75,55,1,300,both,232,134,98,57.8,2794.8,863.1,3.24
3.25,0.75,55,1,300,long,125,77,48,61.6,3032.3,373.8,8.11
3.25,0.75,55,1,300,short,107,57,50,53.3,-237.5,1187.3,-0.2
3.25,0.75,55,2,300,both,231,134,97,58.0,2893.0,764.9,3.78
3.25,0.75,55,2,300,long,124,77,47,62.1,3130.5,373.8,8.37
3.25,0.75,55,2,300,short,107,57,50,53.3,-237.5,1187.3,-0.2
3.25,0.75,55,3,300,both,227,131,96,57.7,2590.3,913.0,2.84
3.25,0.75,55,3,300,long,123,76,47,61.8,3029.8,373.8,8.11
3.25,0.75,55,3,300,short,104,55,49,52.9,-439.5,1276.4,-0.34
3.25,0.75,55,4,300,both,224,129,95,57.6,2540.3,913.0,2.78
3.25,0.75,55,4,300,long,121,74,47,61.2,2972.7,373.8,7.95
3.25,0.75,55,4,300,short,103,55,48,53.4,-432.4,1276.4,-0.34
3.25,0.75,65,1,300,both,228,129,99,56.6,3096.2,782.8,3.96
3.25,0.75,65,1,300,long,123,75,48,61.0,3064.7,375.0,8.17
3.25,0.75,65,1,300,short,105,54,51,51.4,31.5,1061.8,0.03
3.25,0.75,65,2,300,both,226,129,97,57.1,3277.4,699.8,4.68
3.25,0.75,65,2,300,long,122,75,47,61.5,3162.9,375.0,8.43
3.25,0.75,65,2,300,short,104,54,50,51.9,114.5,1056.3,0.11
3.25,0.75,65,3,300,both,225,128,97,56.9,3129.3,831.8,3.76
3.25,0.75,65,3,300,long,122,75,47,61.5,3109.5,375.0,8.29
3.25,0.75,65,3,300,short,103,53,50,51.5,19.8,1151.0,0.02
3.25,0.75,65,4,300,both,222,126,96,56.8,3079.3,831.8,3.7
3.25,0.75,65,4,300,long,120,73,47,60.8,3052.4,375.0,8.14
3.25,0.75,65,4,300,short,102,53,49,52.0,26.9,1151.0,0.02
3.25,0.75,75,1,300,both,227,128,99,56.4,3737.2,741.9,5.04
3.25,0.75,75,1,300,long,122,75,47,61.5,3161.3,375.0,8.43
3.25,0.75,75,1,300,short,105,53,52,50.5,575.9,872.3,0.66
3.25,0.75,75,2,300,both,225,128,97,56.9,3918.4,660.5,5.93
3.25,0.75,75,2,300,long,121,75,46,62.0,3259.5,375.0,8.69
3.25,0.75,75,2,300,short,104,53,51,51.0,658.9,866.8,0.76
3.25,0.75,75,3,300,both,225,128,97,56.9,3865.0,672.0,5.75
3.25,0.75,75,3,300,long,121,75,46,62.0,3206.1,375.0,8.55
3.25,0.75,75,3,300,short,104,53,51,51.0,658.9,866.8,0.76
3.25,0.75,75,4,300,both,222,126,96,56.8,3796.7,672.0,5.65
3.25,0.75,75,4,300,long,119,73,46,61.3,3130.7,375.0,8.35
3.25,0.75,75,4,300,short,103,53,50,51.5,666.0,866.8,0.77
3.25,0.75,85,1,300,both,224,125,99,55.8,3718.7,710.5,5.23
3.25,0.75,85,1,300,long,120,73,47,60.8,3135.5,375.0,8.36
3.25,0.75,85,1,300,short,104,52,52,50.0,583.2,862.7,0.68
3.25,0.75,85,2,300,both,224,125,99,55.8,3733.9,710.5,5.26
3.25,0.75,85,2,300,long,120,73,47,60.8,3150.7,375.0,8.4
3.25,0.75,85,2,300,short,104,52,52,50.0,583.2,862.7,0.68
3.25,0.75,85,3,300,both,224,125,99,55.8,3680.5,710.5,5.18
3.25,0.75,85,3,300,long,120,73,47,60.8,3097.3,375.0,8.26
3.25,0.75,85,3,300,short,104,52,52,50.0,583.2,862.7,0.68
3.25,0.75,85,4,300,both,220,122,98,55.5,3547.0,760.7,4.66
3.25,0.75,85,4,300,long,118,71,47,60.2,3021.9,375.0,8.06
3.25,0.75,85,4,300,short,102,51,51,50.0,525.1,927.9,0.57
3.25,0.75,95,1,300,both,224,124,100,55.4,3850.2,710.5,5.42
3.25,0.75,95,1,300,long,120,72,48,60.0,3267.0,375.0,8.71
3.25,0.75,95,1,300,short,104,52,52,50.0,583.2,862.7,0.68
3.25,0.75,95,2,300,both,224,124,100,55.4,3865.4,710.5,5.44
3.25,0.75,95,2,300,long,120,72,48,60.0,3282.2,375.0,8.75
3.25,0.75,95,2,300,short,104,52,52,50.0,583.2,862.7,0.68
3.25,0.75,95,3,300,both,224,124,100,55.4,3812.0,710.5,5.37
3.25,0.75,95,3,300,long,120,72,48,60.0,3228.8,375.0,8.61
3.25,0.75,95,3,300,short,104,52,52,50.0,583.2,862.7,0.68
3.25,0.75,95,4,300,both,220,121,99,55.0,3678.5,760.7,4.84
3.25,0.75,95,4,300,long,118,70,48,59.3,3153.4,375.0,8.41
3.25,0.75,95,4,300,short,102,51,51,50.0,525.1,927.9,0.57
3.25,1.0,55,1,300,both,228,146,82,64.0,2674.3,932.0,2.87
3.25,1.0,55,1,300,long,123,82,41,66.7,2659.4,590.5,4.5
3.25,1.0,55,1,300,short,105,64,41,61.0,14.9,1179.3,0.01
3.25,1.0,55,2,300,both,227,146,81,64.3,2797.5,916.8,3.05
3.25,1.0,55,2,300,long,122,82,40,67.2,2782.6,590.5,4.71
3.25,1.0,55,2,300,short,105,64,41,61.0,14.9,1179.3,0.01
3.25,1.0,55,3,300,both,223,143,80,64.1,2519.8,970.2,2.6
3.25,1.0,55,3,300,long,121,81,40,66.9,2681.9,611.8,4.38
3.25,1.0,55,3,300,short,102,62,40,60.8,-162.1,1216.7,-0.13
3.25,1.0,55,4,300,both,220,141,79,64.1,2469.8,970.2,2.55
3.25,1.0,55,4,300,long,119,79,40,66.4,2624.8,611.8,4.29
3.25,1.0,55,4,300,short,101,62,39,61.4,-155.0,1216.7,-0.13
3.25,1.0,65,1,300,both,224,142,82,63.4,3085.6,847.4,3.64
3.25,1.0,65,1,300,long,121,80,41,66.1,2691.8,593.9,4.53
3.25,1.0,65,1,300,short,103,62,41,60.2,393.8,1053.8,0.37
3.25,1.0,65,2,300,both,222,142,80,64.0,3316.8,832.2,3.99
3.25,1.0,65,2,300,long,120,80,40,66.7,2815.0,593.9,4.74
3.25,1.0,65,2,300,short,102,62,40,60.8,501.8,996.6,0.5
3.25,1.0,65,3,300,both,221,141,80,63.8,3168.7,885.6,3.58
3.25,1.0,65,3,300,long,120,80,40,66.7,2761.6,615.2,4.49
3.25,1.0,65,3,300,short,101,61,40,60.4,407.1,1091.3,0.37
3.25,1.0,65,4,300,both,218,139,79,63.8,3118.7,885.6,3.52
3.25,1.0,65,4,300,long,118,78,40,66.1,2704.5,615.2,4.4
3.25,1.0,65,4,300,short,100,61,39,61.0,414.2,1091.3,0.38
3.25,1.0,75,1,300,both,223,141,82,63.2,3744.3,847.4,4.42
3.25,1.0,75,1,300,long,120,80,40,66.7,2831.1,576.2,4.91
3.25,1.0,75,1,300,short,103,61,42,59.2,913.2,899.1,1.02
3.25,1.0,75,2,300,both,221,141,80,63.8,3975.5,832.2,4.78
3.25,1.0,75,2,300,long,119,80,39,67.2,2954.3,576.2,5.13
3.25,1.0,75,2,300,short,102,61,41,59.8,1021.2,841.9,1.21
3.25,1.0,75,3,300,both,221,141,80,63.8,3922.1,885.6,4.43
3.25,1.0,75,3,300,long,119,80,39,67.2,2900.9,597.5,4.86
3.25,1.0,75,3,300,short,102,61,41,59.8,1021.2,841.9,1.21
3.25,1.0,75,4,300,both,218,139,79,63.8,3853.8,885.6,4.35
3.25,1.0,75,4,300,long,117,78,39,66.7,2825.5,597.5,4.73
3.25,1.0,75,4,300,short,101,61,40,60.4,1028.3,841.9,1.22
3.25,1.0,85,1,300,both,220,138,82,62.7,3725.8,847.4,4.4
3.25,1.0,85,1,300,long,118,78,40,66.1,2805.3,576.2,4.87
3.25,1.0,85,1,300,short,102,60,42,58.8,920.5,918.4,1.0
3.25,1.0,85,2,300,both,220,138,82,62.7,3741.0,832.2,4.5
3.25,1.0,85,2,300,long,118,78,40,66.1,2820.5,576.2,4.9
3.25,1.0,85,2,300,short,102,60,42,58.8,920.5,918.4,1.0
3.25,1.0,85,3,300,both,220,138,82,62.7,3687.6,885.6,4.16
3.25,1.0,85,3,300,long,118,78,40,66.1,2767.1,597.5,4.63
3.25,1.0,85,3,300,short,102,60,42,58.8,920.5,918.4,1.0
3.25,1.0,85,4,300,both,216,135,81,62.5,3554.1,885.6,4.01
3.25,1.0,85,4,300,long,116,76,40,65.5,2691.7,597.5,4.5
3.25,1.0,85,4,300,short,100,59,41,59.0,862.4,918.4,0.94
3.25,1.0,95,1,300,both,220,136,84,61.8,3698.7,847.4,4.36
3.25,1.0,95,1,300,long,118,76,42,64.4,2778.2,576.2,4.82
3.25,1.0,95,1,300,short,102,60,42,58.8,920.5,918.4,1.0
3.25,1.0,95,2,300,both,220,136,84,61.8,3713.9,832.2,4.46
3.25,1.0,95,2,300,long,118,76,42,64.4,2793.4,576.2,4.85
3.25,1.0,95,2,300,short,102,60,42,58.8,920.5,918.4,1.0
3.25,1.0,95,3,300,both,220,136,84,61.8,3660.5,885.6,4.13
3.25,1.0,95,3,300,long,118,76,42,64.4,2740.0,597.5,4.59
3.25,1.0,95,3,300,short,102,60,42,58.8,920.5,918.4,1.0
3.25,1.0,95,4,300,both,216,133,83,61.6,3527.0,885.6,3.98
3.25,1.0,95,4,300,long,116,74,42,63.8,2664.6,597.5,4.46
3.25,1.0,95,4,300,short,100,59,41,59.0,862.4,918.4,0.94
3.25,1.25,55,1,300,both,227,150,77,66.1,2438.8,1426.3,1.71
3.25,1.25,55,1,300,long,123,85,38,69.1,2778.9,764.4,3.64
3.25,1.25,55,1,300,short,104,65,39,62.5,-340.1,1532.4,-0.22
3.25,1.25,55,2,300,both,226,150,76,66.4,2571.8,1293.3,1.99
3.25,1.25,55,2,300,long,122,85,37,69.7,2911.9,764.4,3.81
3.25,1.25,55,2,300,short,104,65,39,62.5,-340.1,1532.4,-0.22
3.25,1.25,55,3,300,both,222,147,75,66.2,2372.5,1388.0,1.71
3.25,1.25,55,3,300,long,121,84,37,69.4,2864.6,764.4,3.75
3.25,1.25,55,3,300,short,101,63,38,62.4,-492.1,1519.8,-0.32
3.25,1.25,55,4,300,both,219,145,74,66.2,2322.5,1388.0,1.67
3.25,1.25,55,4,300,long,119,82,37,68.9,2807.5,764.4,3.67
3.25,1.25,55,4,300,short,100,63,37,63.0,-485.0,1519.8,-0.32
3.25,1.25,65,1,300,both,223,146,77,65.5,2850.1,1345.1,2.12
3.25,1.25,65,1,300,long,121,83,38,68.6,2811.3,764.4,3.68
3.25,1.25,65,1,300,short,102,63,39,61.8,38.8,1406.9,0.03
3.25,1.25,65,2,300,both,221,146,75,66.1,3116.1,1212.1,2.57
3.25,1.25,65,2,300,long,120,83,37,69.2,2944.3,764.4,3.85
3.25,1.25,65,2,300,short,101,63,38,62.4,171.8,1299.7,0.13
3.25,1.25,65,3,300,both,220,145,75,65.9,3021.4,1306.8,2.31
3.25,1.25,65,3,300,long,120,83,37,69.2,2944.3,764.4,3.85
3.25,1.25,65,3,300,short,100,62,38,62.0,77.1,1394.4,0.06
3.25,1.25,65,4,300,both,217,143,74,65.9,2971.4,1306.8,2.27
3.25,1.25,65,4,300,long,118,81,37,68.6,2887.2,764.4,3.78
3.25,1.25,65,4,300,short,99,62,37,62.6,84.2,1394.4,0.06
3.25,1.25,75,1,300,both,222,145,77,65.3,3508.8,1142.9,3.07
3.25,1.25,75,1,300,long,120,83,37,69.2,2975.6,746.7,3.99
3.25,1.25,75,1,300,short,102,62,40,60.8,533.2,1159.5,0.46
3.25,1.25,75,2,300,both,220,145,75,65.9,3774.8,1137.7,3.32
3.25,1.25,75,2,300,long,119,83,36,69.7,3108.6,746.7,4.16
3.25,1.25,75,2,300,short,101,62,39,61.4,666.2,1052.3,0.63
3.25,1.25,75,3,300,both,220,145,75,65.9,3774.8,1137.7,3.32
3.25,1.25,75,3,300,long,119,83,36,69.7,3108.6,746.7,4.16
3.25,1.25,75,3,300,short,101,62,39,61.4,666.2,1052.3,0.63
3.25,1.25,75,4,300,both,217,143,74,65.9,3706.5,1137.7,3.26
3.25,1.25,75,4,300,long,117,81,36,69.2,3033.2,746.7,4.06
3.25,1.25,75,4,300,short,100,62,38,62.0,673.3,1052.3,0.64
3.25,1.25,85,1,300,both,219,142,77,64.8,3490.3,1146.7,3.04
3.25,1.25,85,1,300,long,118,81,37,68.6,2949.8,746.7,3.95
3.25,1.25,85,1,300,short,101,61,40,60.4,540.5,1149.9,0.47
3.25,1.25,85,2,300,both,219,142,77,64.8,3490.3,1146.7,3.04
3.25,1.25,85,2,300,long,118,81,37,68.6,2949.8,746.7,3.95
3.25,1.25,85,2,300,short,101,61,40,60.4,540.5,1149.9,0.47
3.25,1.25,85,3,300,both,219,142,77,64.8,3490.3,1146.7,3.04
3.25,1.25,85,3,300,long,118,81,37,68.6,2949.8,746.7,3.95
3.25,1.25,85,3,300,short,101,61,40,60.4,540.5,1149.9,0.47
3.25,1.25,85,4,300,both,215,139,76,64.7,3356.8,1211.9,2.77
3.25,1.25,85,4,300,long,116,79,37,68.1,2874.4,746.7,3.85
3.25,1.25,85,4,300,short,99,60,39,60.6,482.4,1215.1,0.4
3.25,1.25,95,1,300,both,218,139,79,63.8,3306.0,1146.7,2.88
3.25,1.25,95,1,300,long,117,78,39,66.7,2765.5,746.7,3.7
3.25,1.25,95,1,300,short,101,61,40,60.4,540.5,1149.9,0.47
3.25,1.25,95,2,300,both,218,139,79,63.8,3306.0,1146.7,2.88
3.25,1.25,95,2,300,long,117,78,39,66.7,2765.5,746.7,3.7
3.25,1.25,95,2,300,short,101,61,40,60.4,540.5,1149.9,0.47
3.25,1.25,95,3,300,both,218,139,79,63.8,3306.0,1146.7,2.88
3.25,1.25,95,3,300,long,117,78,39,66.7,2765.5,746.7,3.7
3.25,1.25,95,3,300,short,101,61,40,60.4,540.5,1149.9,0.47
3.25,1.25,95,4,300,both,214,136,78,63.6,3172.5,1211.9,2.62
3.25,1.25,95,4,300,long,115,76,39,66.1,2690.1,746.7,3.6
3.25,1.25,95,4,300,short,99,60,39,60.6,482.4,1215.1,0.4
3.25,1.5,55,1,300,both,227,153,74,67.4,1574.1,2079.5,0.76
3.25,1.5,55,1,300,long,123,86,37,69.9,2377.6,987.8,2.41
3.25,1.5,55,1,300,short,104,67,37,64.4,-803.5,2182.4,-0.37
3.25,1.5,55,2,300,both,226,153,73,67.7,1732.1,1921.5,0.9
3.25,1.5,55,2,300,long,122,86,36,70.5,2535.6,987.8,2.57
3.25,1.5,55,2,300,short,104,67,37,64.4,-803.5,2182.4,-0.37
3.25,1.5,55,3,300,both,222,150,72,67.6,1557.8,2016.2,0.77
3.25,1.5,55,3,300,long,121,85,36,70.2,2488.3,987.8,2.52
3.25,1.5,55,3,300,short,101,65,36,64.4,-930.5,2119.8,-0.44
3.25,1.5,55,4,300,both,219,148,71,67.6,1507.8,2016.2,0.75
3.25,1.5,55,4,300,long,119,83,36,69.7,2431.2,987.8,2.46
3.25,1.5,55,4,300,short,100,65,35,65.0,-923.4,2119.8,-0.44
3.25,1.5,65,1,300,both,223,149,74,66.8,1985.4,1998.3,0.99
3.25,1.5,65,1,300,long,121,84,37,69.4,2410.0,987.8,2.44
3.25,1.5,65,1,300,short,102,65,37,63.7,-424.6,2056.9,-0.21
3.25,1.5,65,2,300,both,221,149,72,67.4,2301.4,1840.3,1.25
3.25,1.5,65,2,300,long,120,84,36,70.0,2568.0,987.8,2.6
3.25,1.5,65,2,300,short,101,65,36,64.4,-266.6,1899.7,-0.14
3.25,1.5,65,3,300,both,220,148,72,67.3,2206.7,1935.0,1.14
3.25,1.5,65,3,300,long,120,84,36,70.0,2568.0,987.8,2.6
3.25,1.5,65,3,300,short,100,64,36,64.0,-361.3,1994.4,-0.18
3.25,1.5,65,4,300,both,217,146,71,67.3,2156.7,1935.0,1.11
3.25,1.5,65,4,300,long,118,82,36,69.5,2510.9,987.8,2.54
3.25,1.5,65,4,300,short,99,64,35,64.6,-354.2,1994.4,-0.18
3.25,1.5,75,1,300,both,222,147,75,66.2,2459.0,1771.1,1.39
3.25,1.5,75,1,300,long,120,84,36,70.0,2599.3,970.1,2.68
3.25,1.5,75,1,300,short,102,63,39,61.8,-140.3,1794.3,-0.08
3.25,1.5,75,2,300,both,220,147,73,66.8,2775.0,1678.6,1.65
3.25,1.5,75,2,300,long,119,84,35,70.6,2757.3,970.1,2.84
3.25,1.5,75,2,300,short,101,63,38,62.4,17.7,1637.1,0.01
3.25,1.5,75,3,300,both,220,147,73,66.8,2775.0,1678.6,1.65
3.25,1.5,75,3,300,long,119,84,35,70.6,2757.3,970.1,2.84
3.25,1.5,75,3,300,short,101,63,38,62.4,17.7,1637.1,0.01
3.25,1.5,75,4,300,both,217,145,72,66.8,2706.7,1678.6,1.61
3.25,1.5,75,4,300,long,117,82,35,70.1,2681.9,970.1,2.76
3.25,1.5,75,4,300,short,100,63,37,63.0,24.8,1637.1,0.02
3.25,1.5,85,1,300,both,219,144,75,65.8,2440.5,1774.9,1.38
3.25,1.5,85,1,300,long,118,82,36,69.5,2573.5,970.1,2.65
3.25,1.5,85,1,300,short,101,62,39,61.4,-133.0,1784.7,-0.07
3.25,1.5,85,2,300,both,219,144,75,65.8,2440.5,1774.9,1.38
3.25,1.5,85,2,300,long,118,82,36,69.5,2573.5,970.1,2.65
3.25,1.5,85,2,300,short,101,62,39,61.4,-133.0,1784.7,-0.07
3.25,1.5,85,3,300,both,219,144,75,65.8,2440.5,1774.9,1.38
3.25,1.5,85,3,300,long,118,82,36,69.5,2573.5,970.1,2.65
3.25,1.5,85,3,300,short,101,62,39,61.4,-133.0,1784.7,-0.07
3.25,1.5,85,4,300,both,215,141,74,65.6,2307.0,1840.1,1.25
3.25,1.5,85,4,300,long,116,80,36,69.0,2498.1,970.1,2.58
3.25,1.5,85,4,300,short,99,61,38,61.6,-191.1,1849.9,-0.1
3.25,1.5,95,1,300,both,218,141,77,64.7,2206.2,1774.9,1.24
3.25,1.5,95,1,300,long,117,79,38,67.5,2339.2,970.1,2.41
3.25,1.5,95,1,300,short,101,62,39,61.4,-133.0,1784.7,-0.07
3.25,1.5,95,2,300,both,218,141,77,64.7,2206.2,1774.9,1.24
3.25,1.5,95,2,300,long,117,79,38,67.5,2339.2,970.1,2.41
3.25,1.5,95,2,300,short,101,62,39,61.4,-133.0,1784.7,-0.07
3.25,1.5,95,3,300,both,218,141,77,64.7,2206.2,1774.9,1.24
3.25,1.5,95,3,300,long,117,79,38,67.5,2339.2,970.1,2.41
3.25,1.5,95,3,300,short,101,62,39,61.4,-133.0,1784.7,-0.07
3.25,1.5,95,4,300,both,214,138,76,64.5,2072.7,1840.1,1.13
3.25,1.5,95,4,300,long,115,77,38,67.0,2263.8,970.1,2.33
3.25,1.5,95,4,300,short,99,61,38,61.6,-191.1,1849.9,-0.1
3.25,2.0,55,1,300,both,223,161,62,72.2,2523.9,1874.3,1.35
3.25,2.0,55,1,300,long,120,88,32,73.3,2472.5,1142.9,2.16
3.25,2.0,55,1,300,short,103,73,30,70.9,51.4,1706.4,0.03
3.25,2.0,55,2,300,both,222,161,61,72.5,2605.6,1798.6,1.45
3.25,2.0,55,2,300,long,119,88,31,73.9,2548.2,1142.9,2.23
3.25,2.0,55,2,300,short,103,73,30,70.9,57.4,1701.7,0.03
3.25,2.0,55,3,300,both,218,157,61,72.0,2222.7,1893.3,1.17
3.25,2.0,55,3,300,long,118,87,31,73.7,2500.9,1142.9,2.19
3.25,2.0,55,3,300,short,100,70,30,70.0,-278.2,1845.7,-0.15
3.25,2.0,55,4,300,both,215,155,60,72.1,2172.7,1893.3,1.15
3.25,2.0,55,4,300,long,116,85,31,73.3,2443.8,1142.9,2.14
3.25,2.0,55,4,300,short,99,70,29,70.7,-271.1,1845.7,-0.15
3.25,2.0,65,1,300,both,219,156,63,71.2,2680.9,2053.4,1.31
3.25,2.0,65,1,300,long,118,86,32,72.9,2504.9,1142.9,2.19
3.25,2.0,65,1,300,short,101,70,31,69.3,176.0,1853.3,0.09
3.25,2.0,65,2,300,both,217,155,62,71.4,2706.0,1977.7,1.37
3.25,2.0,65,2,300,long,117,86,31,73.5,2580.6,1142.9,2.26
3.25,2.0,65,2,300,short,100,69,31,69.0,125.4,1885.8,0.07
3.25,2.0,65,3,300,both,216,154,62,71.3,2611.3,2072.4,1.26
3.25,2.0,65,3,300,long,117,86,31,73.5,2580.6,1142.9,2.26
3.25,2.0,65,3,300,short,99,68,31,68.7,30.7,1980.5,0.02
3.25,2.0,65,4,300,both,213,152,61,71.4,2561.3,2072.4,1.24
3.25,2.0,65,4,300,long,115,84,31,73.0,2523.5,1142.9,2.21
3.25,2.0,65,4,300,short,98,68,30,69.4,37.8,1980.5,0.02
3.25,2.0,75,1,300,both,218,154,64,70.6,3413.7,1575.3,2.17
3.25,2.0,75,1,300,long,117,86,31,73.5,2726.5,1142.9,2.39
3.25,2.0,75,1,300,short,101,68,33,67.3,687.2,1569.2,0.44
3.25,2.0,75,2,300,both,216,153,63,70.8,3438.8,1515.1,2.27
3.25,2.0,75,2,300,long,116,86,30,74.1,2802.2,1142.9,2.45
3.25,2.0,75,2,300,short,100,67,33,67.0,636.6,1569.2,0.41
3.25,2.0,75,3,300,both,216,153,63,70.8,3438.8,1515.1,2.27
3.25,2.0,75,3,300,long,116,86,30,74.1,2802.2,1142.9,2.45
3.25,2.0,75,3,300,short,100,67,33,67.0,636.6,1569.2,0.41
3.25,2.0,75,4,300,both,213,151,62,70.9,3370.5,1515.1,2.22
3.25,2.0,75,4,300,long,114,84,30,73.7,2726.8,1142.9,2.39
3.25,2.0,75,4,300,short,99,67,32,67.7,643.7,1569.2,0.41
3.25,2.0,85,1,300,both,215,151,64,70.2,3250.4,1711.4,1.9
3.25,2.0,85,1,300,long,115,84,31,73.0,2568.4,1142.9,2.25
3.25,2.0,85,1,300,short,100,67,33,67.0,682.0,1540.3,0.44
3.25,2.0,85,2,300,both,215,151,64,70.2,3250.4,1711.4,1.9
3.25,2.0,85,2,300,long,115,84,31,73.0,2568.4,1142.9,2.25
3.25,2.0,85,2,300,short,100,67,33,67.0,682.0,1540.3,0.44
3.25,2.0,85,3,300,both,215,151,64,70.2,3250.4,1711.4,1.9
3.25,2.0,85,3,300,long,115,84,31,73.0,2568.4,1142.9,2.25
3.25,2.0,85,3,300,short,100,67,33,67.0,682.0,1540.3,0.44
3.25,2.0,85,4,300,both,211,148,63,70.1,3116.9,1776.6,1.75
3.25,2.0,85,4,300,long,113,82,31,72.6,2493.0,1142.9,2.18
3.25,2.0,85,4,300,short,98,66,32,67.3,623.9,1605.5,0.39
3.25,2.0,95,1,300,both,214,148,66,69.2,2916.1,1711.4,1.7
3.25,2.0,95,1,300,long,114,81,33,71.1,2234.1,1142.9,1.95
3.25,2.0,95,1,300,short,100,67,33,67.0,682.0,1540.3,0.44
3.25,2.0,95,2,300,both,214,148,66,69.2,2916.1,1711.4,1.7
3.25,2.0,95,2,300,long,114,81,33,71.1,2234.1,1142.9,1.95
3.25,2.0,95,2,300,short,100,67,33,67.0,682.0,1540.3,0.44
3.25,2.0,95,3,300,both,214,148,66,69.2,2916.1,1711.4,1.7
3.25,2.0,95,3,300,long,114,81,33,71.1,2234.1,1142.9,1.95
3.25,2.0,95,3,300,short,100,67,33,67.0,682.0,1540.3,0.44
3.25,2.0,95,4,300,both,210,145,65,69.0,2782.6,1776.6,1.57
3.25,2.0,95,4,300,long,112,79,33,70.5,2158.7,1142.9,1.89
3.25,2.0,95,4,300,short,98,66,32,67.3,623.9,1605.5,0.39
3.5,0.5,55,1,100,both,143,69,74,48.3,1768.6,732.2,2.42
3.5,0.5,55,1,100,long,79,40,39,50.6,1310.1,693.5,1.89
3.5,0.5,55,1,100,short,64,29,35,45.3,458.5,459.1,1.0
3.5,0.5,55,2,100,both,143,69,74,48.3,1768.6,732.2,2.42
3.5,0.5,55,2,100,long,79,40,39,50.6,1310.1,693.5,1.89
3.5,0.5,55,2,100,short,64,29,35,45.3,458.5,459.1,1.0
3.5,0.5,55,3,100,both,141,67,74,47.5,1612.3,852.3,1.89
3.5,0.5,55,3,100,long,78,39,39,50.0,1258.1,745.5,1.69
3.5,0.5,55,3,100,short,63,28,35,44.4,354.2,459.1,0.77
3.5,0.5,55,4,100,both,140,66,74,47.1,1597.0,852.3,1.87
3.5,0.5,55,4,100,long,77,38,39,49.4,1242.8,745.5,1.67
3.5,0.5,55,4,100,short,63,28,35,44.4,354.2,459.1,0.77
3.5,0.5,65,1,100,both,140,65,75,46.4,2247.7,715.4,3.14
3.5,0.5,65,1,100,long,77,38,39,49.4,1326.6,755.8,1.76
3.5,0.5,65,1,100,short,63,27,36,42.9,921.1,459.1,2.01
3.5,0.5,65,2,100,both,140,65,75,46.4,2247.7,715.4,3.14
3.5,0.5,65,2,100,long,77,38,39,49.4,1326.6,755.8,1.76
3.5,0.5,65,2,100,short,63,27,36,42.9,921.1,459.1,2.01
3.5,0.5,65,3,100,both,140,65,75,46.4,2247.7,715.4,3.14
3.5,0.5,65,3,100,long,77,38,39,49.4,1326.6,755.8,1.76
3.5,0.5,65,3,100,short,63,27,36,42.9,921.1,459.1,2.01
3.5,0.5,65,4,100,both,139,64,75,46.0,2232.4,715.4,3.12
3.5,0.5,65,4,100,long,76,37,39,48.7,1311.3,755.8,1.73
3.5,0.5,65,4,100,short,63,27,36,42.9,921.1,459.1,2.01
3.5,0.5,75,1,100,both,140,65,75,46.4,2484.1,597.8,4.16
3.5,0.5,75,1,100,long,77,38,39,49.4,1417.3,755.8,1.88
3.5,0.5,75,1,100,short,63,27,36,42.9,1066.8,431.0,2.48
3.5,0.5,75,2,100,both,140,65,75,46.4,2484.1,597.8,4.16
3.5,0.5,75,2,100,long,77,38,39,49.4,1417.3,755.8,1.88
3.5,0.5,75,2,100,short,63,27,36,42.9,1066.8,431.0,2.48
3.5,0.5,75,3,100,both,140,65,75,46.4,2484.1,597.8,4.16
3.5,0.5,75,3,100,long,77,38,39,49.4,1417.3,755.8,1.88
3.5,0.5,75,3,100,short,63,27,36,42.9,1066.8,431.0,2.48
3.5,0.5,75,4,100,both,139,64,75,46.0,2468.8,597.8,4.13
3.5,0.5,75,4,100,long,76,37,39,48.7,1402.0,755.8,1.85
3.5,0.5,75,4,100,short,63,27,36,42.9,1066.8,431.0,2.48
3.5,0.5,85,1,100,both,140,64,76,45.7,2534.7,597.8,4.24
3.5,0.5,85,1,100,long,77,37,40,48.1,1467.9,755.8,1.94
3.5,0.5,85,1,100,short,63,27,36,42.9,1066.8,431.0,2.48
3.5,0.5,85,2,100,both,140,64,76,45.7,2534.7,597.8,4.24
3.5,0.5,85,2,100,long,77,37,40,48.1,1467.9,755.8,1.94
3.5,0.5,85,2,100,short,63,27,36,42.9,1066.8,431.0,2.48
3.5,0.5,85,3,100,both,140,64,76,45.7,2534.7,597.8,4.24
3.5,0.5,85,3,100,long,77,37,40,48.1,1467.9,755.8,1.94
3.5,0.5,85,3,100,short,63,27,36,42.9,1066.8,431.0,2.48
3.5,0.5,85,4,100,both,139,63,76,45.3,2519.4,597.8,4.21
3.5,0.5,85,4,100,long,76,36,40,47.4,1452.6,755.8,1.92
3.5,0.5,85,4,100,short,63,27,36,42.9,1066.8,431.0,2.48
3.5,0.5,95,1,100,both,140,64,76,45.7,2574.0,597.8,4.31
3.5,0.5,95,1,100,long,77,37,40,48.1,1507.2,755.8,1.99
3.5,0.5,95,1,100,short,63,27,36,42.9,1066.8,431.0,2.48
3.5,0.5,95,2,100,both,140,64,76,45.7,2574.0,597.8,4.31
3.5,0.5,95,2,100,long,77,37,40,48.1,1507.2,755.8,1.99
3.5,0.5,95,2,100,short,63,27,36,42.9,1066.8,431.0,2.48
3.5,0.5,95,3,100,both,140,64,76,45.7,2574.0,597.8,4.31
3.5,0.5,95,3,100,long,77,37,40,48.1,1507.2,755.8,1.99
3.5,0.5,95,3,100,short,63,27,36,42.9,1066.8,431.0,2.48
3.5,0.5,95,4,100,both,139,63,76,45.3,2558.7,597.8,4.28
3.5,0.5,95,4,100,long,76,36,40,47.4,1491.9,755.8,1.97
3.5,0.5,95,4,100,short,63,27,36,42.9,1066.8,431.0,2.48
3.5,0.75,55,1,100,both,143,82,61,57.3,2194.5,1075.4,2.04
3.5,0.75,55,1,100,long,79,48,31,60.8,1677.2,837.5,2.0
3.5,0.75,55,1,100,short,64,34,30,53.1,517.3,659.1,0.78
3.5,0.75,55,2,100,both,143,82,61,57.3,2194.5,1075.4,2.04
3.5,0.75,55,2,100,long,79,48,31,60.8,1677.2,837.5,2.0
3.5,0.75,55,2,100,short,64,34,30,53.1,517.3,659.1,0.78
3.5,0.75,55,3,100,both,141,80,61,56.7,2038.2,1231.7,1.65
3.5,0.75,55,3,100,long,78,47,31,60.3,1625.2,889.5,1.83
3.5,0.75,55,3,100,short,63,33,30,52.4,413.0,659.1,0.63
3.5,0.75,55,4,100,both,140,79,61,56.4,2022.9,1231.7,1.64
3.5,0.75,55,4,100,long,77,46,31,59.7,1609.9,889.5,1.81
3.5,0.75,55,4,100,short,63,33,30,52.4,413.0,659.1,0.63
3.5,0.75,65,1,100,both,140,79,61,56.4,2754.1,843.1,3.27
3.5,0.75,65,1,100,long,77,47,30,61.0,1799.2,819.3,2.2
3.5,0.75,65,1,100,short,63,32,31,50.8,954.9,659.1,1.45
3.5,0.75,65,2,100,both,140,79,61,56.4,2754.1,843.1,3.27
3.5,0.75,65,2,100,long,77,47,30,61.0,1799.2,819.3,2.2
3.5,0.75,65,2,100,short,63,32,31,50.8,954.9,659.1,1.45
3.5,0.75,65,3,100,both,140,79,61,56.4,2754.1,843.1,3.27
3.5,0.75,65,3,100,long,77,47,30,61.0,1799.2,819.3,2.2
3.5,0.75,65,3,100,short,63,32,31,50.8,954.9,659.1,1.45
3.5,0.75,65,4,100,both,139,78,61,56.1,2738.8,843.1,3.25
3.5,0.75,65,4,100,long,76,46,30,60.5,1783.9,819.3,2.18
3.5,0.75,65,4,100,short,63,32,31,50.8,954.9,659.1,1.45
3.5,0.75,75,1,100,both,140,79,61,56.4,2990.5,805.1,3.71
3.5,0.75,75,1,100,long,77,47,30,61.0,1889.9,819.3,2.31
3.5,0.75,75,1,100,short,63,32,31,50.8,1100.6,631.0,1.74
3.5,0.75,75,2,100,both,140,79,61,56.4,2990.5,805.1,3.71
3.5,0.75,75,2,100,long,77,47,30,61.0,1889.9,819.3,2.31
3.5,0.75,75,2,100,short,63,32,31,50.8,1100.6,631.0,1.74
3.5,0.75,75,3,100,both,140,79,61,56.4,2990.5,805.1,3.71
3.5,0.75,75,3,100,long,77,47,30,61.0,1889.9,819.3,2.31
3.5,0.75,75,3,100,short,63,32,31,50.8,1100.6,631.0,1.74
3.5,0.75,75,4,100,both,139,78,61,56.1,2975.2,805.1,3.7
3.5,0.75,75,4,100,long,76,46,30,60.5,1874.6,819.3,2.29
3.5,0.75,75,4,100,short,63,32,31,50.8,1100.6,631.0,1.74
3.5,0.75,85,1,100,both,140,79,61,56.4,3178.4,805.1,3.95
3.5,0.75,85,1,100,long,77,47,30,61.0,2077.8,819.3,2.54
3.5,0.75,85,1,100,short,63,32,31,50.8,1100.6,631.0,1.74
3.5,0.75,85,2,100,both,140,79,61,56.4,3178.4,805.1,3.95
3.5,0.75,85,2,100,long,77,47,30,61.0,2077.8,819.3,2.54
3.5,0.75,85,2,100,short,63,32,31,50.8,1100.6,631.0,1.74
3.5,0.75,85,3,100,both,140,79,61,56.4,3178.4,805.1,3.95
3.5,0.75,85,3,100,long,77,47,30,61.0,2077.8,819.3,2.54
3.5,0.75,85,3,100,short,63,32,31,50.8,1100.6,631.0,1.74
3.5,0.75,85,4,100,both,139,78,61,56.1,3163.1,805.1,3.93
3.5,0.75,85,4,100,long,76,46,30,60.5,2062.5,819.3,2.52
3.5,0.75,85,4,100,short,63,32,31,50.8,1100.6,631.0,1.74
3.5,0.75,95,1,100,both,140,78,62,55.7,3037.9,805.1,3.77
3.5,0.75,95,1,100,long,77,46,31,59.7,1933.9,819.3,2.36
3.5,0.75,95,1,100,short,63,32,31,50.8,1104.0,631.0,1.75
3.5,0.75,95,2,100,both,140,78,62,55.7,3037.9,805.1,3.77
3.5,0.75,95,2,100,long,77,46,31,59.7,1933.9,819.3,2.36
3.5,0.75,95,2,100,short,63,32,31,50.8,1104.0,631.0,1.75
3.5,0.75,95,3,100,both,140,78,62,55.7,3037.9,805.1,3.77
3.5,0.75,95,3,100,long,77,46,31,59.7,1933.9,819.3,2.36
3.5,0.75,95,3,100,short,63,32,31,50.8,1104.0,631.0,1.75
3.5,0.75,95,4,100,both,139,77,62,55.4,3022.6,805.1,3.75
3.5,0.75,95,4,100,long,76,45,31,59.2,1918.6,819.3,2.34
3.5,0.75,95,4,100,short,63,32,31,50.8,1104.0,631.0,1.75
3.5,1.0,55,1,100,both,143,84,59,58.7,1330.3,1752.9,0.76
3.5,1.0,55,1,100,long,79,49,30,62.0,1170.7,1291.6,0.91
3.5,1.0,55,1,100,short,64,35,29,54.7,159.6,646.1,0.25
3.5,1.0,55,2,100,both,143,84,59,58.7,1330.3,1752.9,0.76
3.5,1.0,55,2,100,long,79,49,30,62.0,1170.7,1291.6,0.91
3.5,1.0,55,2,100,short,64,35,29,54.7,159.6,646.1,0.25
3.5,1.0,55,3,100,both,141,82,59,58.2,1174.0,1909.2,0.61
3.5,1.0,55,3,100,long,78,48,30,61.5,1118.7,1343.6,0.83
3.5,1.0,55,3,100,short,63,34,29,54.0,55.3,646.1,0.09
3.5,1.0,55,4,100,both,140,81,59,57.9,1158.7,1909.2,0.61
3.5,1.0,55,4,100,long,77,47,30,61.0,1103.4,1343.6,0.82
3.5,1.0,55,4,100,short,63,34,29,54.0,55.3,646.1,0.09
3.5,1.0,65,1,100,both,140,81,59,57.9,1889.9,1495.6,1.26
3.5,1.0,65,1,100,long,77,48,29,62.3,1317.7,1169.3,1.13
3.5,1.0,65,1,100,short,63,33,30,52.4,572.2,646.1,0.89
3.5,1.0,65,2,100,both,140,81,59,57.9,1889.9,1495.6,1.26
3.5,1.0,65,2,100,long,77,48,29,62.3,1317.7,1169.3,1.13
3.5,1.0,65,2,100,short,63,33,30,52.4,572.2,646.1,0.89
3.5,1.0,65,3,100,both,140,81,59,57.9,1889.9,1495.6,1.26
3.5,1.0,65,3,100,long,77,48,29,62.3,1317.7,1169.3,1.13
3.5,1.0,65,3,100,short,63,33,30,52.4,572.2,646.1,0.89
3.5,1.0,65,4,100,both,139,80,59,57.6,1874.6,1495.6,1.25
3.5,1.0,65,4,100,long,76,47,29,61.8,1302.4,1169.3,1.11
3.5,1.0,65,4,100,short,63,33,30,52.4,572.2,646.1,0.89
3.5,1.0,75,1,100,both,140,81,59,57.9,2126.3,1346.7,1.58
3.5,1.0,75,1,100,long,77,48,29,62.3,1408.4,1169.3,1.2
3.5,1.0,75,1,100,short,63,33,30,52.4,717.9,638.7,1.12
3.5,1.0,75,2,100,both,140,81,59,57.9,2126.3,1346.7,1.58
3.5,1.0,75,2,100,long,77,48,29,62.3,1408.4,1169.3,1.2
3.5,1.0,75,2,100,short,63,33,30,52.4,717.9,638.7,1.12
3.5,1.0,75,3,100,both,140,81,59,57.9,2126.3,1346.7,1.58
3.5,1.0,75,3,100,long,77,48,29,62.3,1408.4,1169.3,1.2
3.5,1.0,75,3,100,short,63,33,30,52.4,717.9,638.7,1.12
3.5,1.0,75,4,100,both,139,80,59,57.6,2111.0,1346.7,1.57
3.5,1.0,75,4,100,long,76,47,29,61.8,1393.1,1169.3,1.19
3.5,1.0,75,4,100,short,63,33,30,52.4,717.9,638.7,1.12
3.5,1.0,85,1,100,both,140,81,59,57.9,2314.2,1346.7,1.72
3.5,1.0,85,1,100,long,77,48,29,62.3,1596.3,1169.3,1.37
3.5,1.0,85,1,100,short,63,33,30,52.4,717.9,638.7,1.12
3.5,1.0,85,2,100,both,140,81,59,57.9,2314.2,1346.7,1.72
3.5,1.0,85,2,100,long,77,48,29,62.3,1596.3,1169.3,1.37
3.5,1.0,85,2,100,short,63,33,30,52.4,717.9,638.7,1.12
3.5,1.0,85,3,100,both,140,81,59,57.9,2314.2,1346.7,1.72
3.5,1.0,85,3,100,long,77,48,29,62.3,1596.3,1169.3,1.37
3.5,1.0,85,3,100,short,63,33,30,52.4,717.9,638.7,1.12
3.5,1.0,85,4,100,both,139,80,59,57.6,2298.9,1346.7,1.71
3.5,1.0,85,4,100,long,76,47,29,61.8,1581.0,1169.3,1.35
3.5,1.0,85,4,100,short,63,33,30,52.4,717.9,638.7,1.12
3.5,1.0,95,1,100,both,140,80,60,57.1,2148.7,1346.7,1.6
3.5,1.0,95,1,100,long,77,47,30,61.0,1427.4,1169.3,1.22
3.5,1.0,95,1,100,short,63,33,30,52.4,721.3,638.7,1.13
3.5,1.0,95,2,100,both,140,80,60,57.1,2148.7,1346.7,1.6
3.5,1.0,95,2,100,long,77,47,30,61.0,1427.4,1169.3,1.22
3.5,1.0,95,2,100,short,63,33,30,52.4,721.3,638.7,1.13
3.5,1.0,95,3,100,both,140,80,60,57.1,2148.7,1346.7,1.6
3.5,1.0,95,3,100,long,77,47,30,61.0,1427.4,1169.3,1.22
3.5,1.0,95,3,100,short,63,33,30,52.4,721.3,638.7,1.13
3.5,1.0,95,4,100,both,139,79,60,56.8,2133.4,1346.7,1.58
3.5,1.0,95,4,100,long,76,46,30,60.5,1412.1,1169.3,1.21
3.5,1.0,95,4,100,short,63,33,30,52.4,721.3,638.7,1.13
3.5,1.25,55,1,100,both,143,87,56,60.8,678.8,2460.6,0.28
3.5,1.25,55,1,100,long,79,51,28,64.6,881.4,1599.3,0.55
3.5,1.25,55,1,100,short,64,36,28,56.2,-202.6,873.8,-0.23
3.5,1.25,55,2,100,both,143,87,56,60.8,678.8,2460.6,0.28
3.5,1.25,55,2,100,long,79,51,28,64.6,881.4,1599.3,0.55
3.5,1.25,55,2,100,short,64,36,28,56.2,-202.6,873.8,-0.23
3.5,1.25,55,3,100,both,141,85,56,60.3,522.5,2616.9,0.2
3.5,1.25,55,3,100,long,78,50,28,64.1,829.4,1651.3,0.5
3.5,1.25,55,3,100,short,63,35,28,55.6,-306.9,978.1,-0.31
3.5,1.25,55,4,100,both,140,84,56,60.0,507.2,2616.9,0.19
3.5,1.25,55,4,100,long,77,49,28,63.6,814.1,1651.3,0.49
3.5,1.25,55,4,100,short,63,35,28,55.6,-306.9,978.1,-0.31
3.5,1.25,65,1,100,both,140,84,56,60.0,1238.4,2178.3,0.57
3.5,1.25,65,1,100,long,77,50,27,64.9,1053.4,1451.5,0.73
3.5,1.25,65,1,100,short,63,34,29,54.0,185.0,824.1,0.22
3.5,1.25,65,2,100,both,140,84,56,60.0,1238.4,2178.3,0.57
3.5,1.25,65,2,100,long,77,50,27,64.9,1053.4,1451.5,0.73
3.5,1.25,65,2,100,short,63,34,29,54.0,185.0,824.1,0.22
3.5,1.25,65,3,100,both,140,84,56,60.0,1238.4,2178.3,0.57
3.5,1.25,65,3,100,long,77,50,27,64.9,1053.4,1451.5,0.73
3.5,1.25,65,3,100,short,63,34,29,54.0,185.0,824.1,0.22
3.5,1.25,65,4,100,both,139,83,56,59.7,1223.1,2178.3,0.56
3.5,1.25,65,4,100,long,76,49,27,64.5,1038.1,1451.5,0.72
3.5,1.25,65,4,100,short,63,34,29,54.0,185.0,824.1,0.22
3.5,1.25,75,1,100,both,140,83,57,59.3,1310.7,2029.4,0.65
3.5,1.25,75,1,100,long,77,50,27,64.9,1144.1,1448.3,0.79
3.5,1.25,75,1,100,short,63,33,30,52.4,166.6,796.0,0.21
3.5,1.25,75,2,100,both,140,83,57,59.3,1310.7,2029.4,0.65
3.5,1.25,75,2,100,long,77,50,27,64.9,1144.1,1448.3,0.79
3.5,1.25,75,2,100,short,63,33,30,52.4,166.6,796.0,0.21
3.5,1.25,75,3,100,both,140,83,57,59.3,1310.7,2029.4,0.65
3.5,1.25,75,3,100,long,77,50,27,64.9,1144.1,1448.3,0.79
3.5,1.25,75,3,100,short,63,33,30,52.4,166.6,796.0,0.21
3.5,1.25,75,4,100,both,139,82,57,59.0,1295.4,2029.4,0.64
3.5,1.25,75,4,100,long,76,49,27,64.5,1128.8,1448.3,0.78
3.5,1.25,75,4,100,short,63,33,30,52.4,166.6,796.0,0.21
3.5,1.25,85,1,100,both,140,83,57,59.3,1498.6,2029.4,0.74
3.5,1.25,85,1,100,long,77,50,27,64.9,1332.0,1448.3,0.92
3.5,1.25,85,1,100,short,63,33,30,52.4,166.6,796.0,0.21
3.5,1.25,85,2,100,both,140,83,57,59.3,1498.6,2029.4,0.74
3.5,1.25,85,2,100,long,77,50,27,64.9,1332.0,1448.3,0.92
3.5,1.25,85,2,100,short,63,33,30,52.4,166.6,796.0,0.21
3.5,1.25,85,3,100,both,140,83,57,59.3,1498.6,2029.4,0.74
3.5,1.25,85,3,100,long,77,50,27,64.9,1332.0,1448.3,0.92
3.5,1.25,85,3,100,short,63,33,30,52.4,166.6,796.0,0.21
3.5,1.25,85,4,100,both,139,82,57,59.0,1483.3,2029.4,0.73
3.5,1.25,85,4,100,long,76,49,27,64.5,1316.7,1448.3,0.91
3.5,1.25,85,4,100,short,63,33,30,52.4,166.6,796.0,0.21
3.5,1.25,95,1,100,both,140,82,58,58.6,1308.1,2029.4,0.64
3.5,1.25,95,1,100,long,77,49,28,63.6,1138.1,1448.3,0.79
3.5,1.25,95,1,100,short,63,33,30,52.4,170.0,796.0,0.21
3.5,1.25,95,2,100,both,140,82,58,58.6,1308.1,2029.4,0.64
3.5,1.25,95,2,100,long,77,49,28,63.6,1138.1,1448.3,0.79
3.5,1.25,95,2,100,short,63,33,30,52.4,170.0,796.0,0.21
3.5,1.25,95,3,100,both,140,82,58,58.6,1308.1,2029.4,0.64
3.5,1.25,95,3,100,long,77,49,28,63.6,1138.1,1448.3,0.79
3.5,1.25,95,3,100,short,63,33,30,52.4,170.0,796.0,0.21
3.5,1.25,95,4,100,both,139,81,58,58.3,1292.8,2029.4,0.64
3.5,1.25,95,4,100,long,76,48,28,63.2,1122.8,1448.3,0.78
3.5,1.25,95,4,100,short,63,33,30,52.4,170.0,796.0,0.21
3.5,1.5,55,1,100,both,143,90,53,62.9,107.6,3207.8,0.03
3.5,1.5,55,1,100,long,79,54,25,68.4,885.2,1946.5,0.45
3.5,1.5,55,1,100,short,64,36,28,56.2,-777.6,1298.8,-0.6
3.5,1.5,55,2,100,both,143,90,53,62.9,107.6,3207.8,0.03
3.5,1.5,55,2,100,long,79,54,25,68.4,885.2,1946.5,0.45
3.5,1.5,55,2,100,short,64,36,28,56.2,-777.6,1298.8,-0.6
3.5,1.5,55,3,100,both,141,88,53,62.4,-48.7,3364.1,-0.01
3.5,1.5,55,3,100,long,78,53,25,67.9,833.2,1998.5,0.42
3.5,1.5,55,3,100,short,63,35,28,55.6,-881.9,1403.1,-0.63
3.5,1.5,55,4,100,both,140,87,53,62.1,-64.0,3364.1,-0.02
3.5,1.5,55,4,100,long,77,52,25,67.5,817.9,1998.5,0.41
3.5,1.5,55,4,100,short,63,35,28,55.6,-881.9,1403.1,-0.63
3.5,1.5,65,1,100,both,140,86,54,61.4,485.4,2900.5,0.17
3.5,1.5,65,1,100,long,77,52,25,67.5,900.4,1773.7,0.51
3.5,1.5,65,1,100,short,63,34,29,54.0,-415.0,1164.3,-0.36
3.5,1.5,65,2,100,both,140,86,54,61.4,485.4,2900.5,0.17
3.5,1.5,65,2,100,long,77,52,25,67.5,900.4,1773.7,0.51
3.5,1.5,65,2,100,short,63,34,29,54.0,-415.0,1164.3,-0.36
3.5,1.5,65,3,100,both,140,86,54,61.4,485.4,2900.5,0.17
3.5,1.5,65,3,100,long,77,52,25,67.5,900.4,1773.7,0.51
3.5,1.5,65,3,100,short,63,34,29,54.0,-415.0,1164.3,-0.36
3.5,1.5,65,4,100,both,139,85,54,61.2,470.1,2900.5,0.16
3.5,1.5,65,4,100,long,76,51,25,67.1,885.1,1773.7,0.5
3.5,1.5,65,4,100,short,63,34,29,54.0,-415.0,1164.3,-0.36
3.5,1.5,75,1,100,both,140,85,55,60.7,532.7,2751.6,0.19
3.5,1.5,75,1,100,long,77,52,25,67.5,991.1,1770.5,0.56
3.5,1.5,75,1,100,short,63,33,30,52.4,-458.4,1018.6,-0.45
3.5,1.5,75,2,100,both,140,85,55,60.7,532.7,2751.6,0.19
3.5,1.5,75,2,100,long,77,52,25,67.5,991.1,1770.5,0.56
3.5,1.5,75,2,100,short,63,33,30,52.4,-458.4,1018.6,-0.45
3.5,1.5,75,3,100,both,140,85,55,60.7,532.7,2751.6,0.19
3.5,1.5,75,3,100,long,77,52,25,67.5,991.1,1770.5,0.56
3.5,1.5,75,3,100,short,63,33,30,52.4,-458.4,1018.6,-0.45
3.5,1.5,75,4,100,both,139,84,55,60.4,517.4,2751.6,0.19
3.5,1.5,75,4,100,long,76,51,25,67.1,975.8,1770.5,0.55
3.5,1.5,75,4,100,short,63,33,30,52.4,-458.4,1018.6,-0.45
3.5,1.5,85,1,100,both,140,85,55,60.7,720.6,2751.6,0.26
3.5,1.5,85,1,100,long,77,52,25,67.5,1179.0,1770.5,0.67
3.5,1.5,85,1,100,short,63,33,30,52.4,-458.4,1018.6,-0.45
3.5,1.5,85,2,100,both,140,85,55,60.7,720.6,2751.6,0.26
3.5,1.5,85,2,100,long,77,52,25,67.5,1179.0,1770.5,0.67
3.5,1.5,85,2,100,short,63,33,30,52.4,-458.4,1018.6,-0.45
3.5,1.5,85,3,100,both,140,85,55,60.7,720.6,2751.6,0.26
3.5,1.5,85,3,100,long,77,52,25,67.5,1179.0,1770.5,0.67
3.5,1.5,85,3,100,short,63,33,30,52.4,-458.4,1018.6,-0.45
3.5,1.5,85,4,100,both,139,84,55,60.4,705.3,2751.6,0.26
3.5,1.5,85,4,100,long,76,51,25,67.1,1163.7,1770.5,0.66
3.5,1.5,85,4,100,short,63,33,30,52.4,-458.4,1018.6,-0.45
3.5,1.5,95,1,100,both,140,84,56,60.0,505.1,2751.6,0.18
3.5,1.5,95,1,100,long,77,51,26,66.2,960.1,1770.5,0.54
3.5,1.5,95,1,100,short,63,33,30,52.4,-455.0,1018.6,-0.45
3.5,1.5,95,2,100,both,140,84,56,60.0,505.1,2751.6,0.18
3.5,1.5,95,2,100,long,77,51,26,66.2,960.1,1770.5,0.54
3.5,1.5,95,2,100,short,63,33,30,52.4,-455.0,1018.6,-0.45
3.5,1.5,95,3,100,both,140,84,56,60.0,505.1,2751.6,0.18
3.5,1.5,95,3,100,long,77,51,26,66.2,960.1,1770.5,0.54
3.5,1.5,95,3,100,short,63,33,30,52.4,-455.0,1018.6,-0.45
3.5,1.5,95,4,100,both,139,83,56,59.7,489.8,2751.6,0.18
3.5,1.5,95,4,100,long,76,50,26,65.8,944.8,1770.5,0.53
3.5,1.5,95,4,100,short,63,33,30,52.4,-455.0,1018.6,-0.45
3.5,2.0,55,1,100,both,142,95,47,66.9,-64.5,3327.3,-0.02
3.5,2.0,55,1,100,long,78,55,23,70.5,538.6,1943.1,0.28
3.5,2.0,55,1,100,short,64,40,24,62.5,-603.1,1471.7,-0.41
3.5,2.0,55,2,100,both,142,95,47,66.9,-64.5,3327.3,-0.02
3.5,2.0,55,2,100,long,78,55,23,70.5,538.6,1943.1,0.28
3.5,2.0,55,2,100,short,64,40,24,62.5,-603.1,1471.7,-0.41
3.5,2.0,55,3,100,both,140,93,47,66.4,-220.8,3483.6,-0.06
3.5,2.0,55,3,100,long,77,54,23,70.1,486.6,1995.1,0.24
3.5,2.0,55,3,100,short,63,39,24,61.9,-707.4,1576.0,-0.45
3.5,2.0,55,4,100,both,139,92,47,66.2,-236.1,3483.6,-0.07
3.5,2.0,55,4,100,long,76,53,23,69.7,471.3,1995.1,0.24
3.5,2.0,55,4,100,short,63,39,24,61.9,-707.4,1576.0,-0.45
3.5,2.0,65,1,100,both,139,90,49,64.7,204.6,3236.6,0.06
3.5,2.0,65,1,100,long,76,53,23,69.7,553.8,1776.8,0.31
3.5,2.0,65,1,100,short,63,37,26,58.7,-349.2,1603.8,-0.22
3.5,2.0,65,2,100,both,139,90,49,64.7,204.6,3236.6,0.06
3.5,2.0,65,2,100,long,76,53,23,69.7,553.8,1776.8,0.31
3.5,2.0,65,2,100,short,63,37,26,58.7,-349.2,1603.8,-0.22
3.5,2.0,65,3,100,both,139,90,49,64.7,204.6,3236.6,0.06
3.5,2.0,65,3,100,long,76,53,23,69.7,553.8,1776.8,0.31
3.5,2.0,65,3,100,short,63,37,26,58.7,-349.2,1603.8,-0.22
3.5,2.0,65,4,100,both,138,89,49,64.5,189.3,3236.6,0.06
3.5,2.0,65,4,100,long,75,52,23,69.3,538.5,1776.8,0.3
3.5,2.0,65,4,100,short,63,37,26,58.7,-349.2,1603.8,-0.22
3.5,2.0,75,1,100,both,139,89,50,64.0,201.9,3087.7,0.07
3.5,2.0,75,1,100,long,76,53,23,69.7,644.5,1776.8,0.36
3.5,2.0,75,1,100,short,63,36,27,57.1,-442.6,1458.1,-0.3
3.5,2.0,75,2,100,both,139,89,50,64.0,201.9,3087.7,0.07
3.5,2.0,75,2,100,long,76,53,23,69.7,644.5,1776.8,0.36
3.5,2.0,75,2,100,short,63,36,27,57.1,-442.6,1458.1,-0.3
3.5,2.0,75,3,100,both,139,89,50,64.0,201.9,3087.7,0.07
3.5,2.0,75,3,100,long,76,53,23,69.7,644.5,1776.8,0.36
3.5,2.0,75,3,100,short,63,36,27,57.1,-442.6,1458.1,-0.3
3.5,2.0,75,4,100,both,138,88,50,63.8,186.6,3087.7,0.06
3.5,2.0,75,4,100,long,75,52,23,69.3,629.2,1776.8,0.35
3.5,2.0,75,4,100,short,63,36,27,57.1,-442.6,1458.1,-0.3
3.5,2.0,85,1,100,both,139,89,50,64.0,389.8,3087.7,0.13
3.5,2.0,85,1,100,long,76,53,23,69.7,832.4,1776.8,0.47
3.5,2.0,85,1,100,short,63,36,27,57.1,-442.6,1458.1,-0.3
3.5,2.0,85,2,100,both,139,89,50,64.0,389.8,3087.7,0.13
3.5,2.0,85,2,100,long,76,53,23,69.7,832.4,1776.8,0.47
3.5,2.0,85,2,100,short,63,36,27,57.1,-442.6,1458.1,-0.3
3.5,2.0,85,3,100,both,139,89,50,64.0,389.8,3087.7,0.13
3.5,2.0,85,3,100,long,76,53,23,69.7,832.4,1776.8,0.47
3.5,2.0,85,3,100,short,63,36,27,57.1,-442.6,1458.1,-0.3
3.5,2.0,85,4,100,both,138,88,50,63.8,374.5,3087.7,0.12
3.5,2.0,85,4,100,long,75,52,23,69.3,817.1,1776.8,0.46
3.5,2.0,85,4,100,short,63,36,27,57.1,-442.6,1458.1,-0.3
3.5,2.0,95,1,100,both,139,88,51,63.3,124.3,3087.7,0.04
3.5,2.0,95,1,100,long,76,52,24,68.4,563.5,1776.8,0.32
3.5,2.0,95,1,100,short,63,36,27,57.1,-439.2,1458.1,-0.3
3.5,2.0,95,2,100,both,139,88,51,63.3,124.3,3087.7,0.04
3.5,2.0,95,2,100,long,76,52,24,68.4,563.5,1776.8,0.32
3.5,2.0,95,2,100,short,63,36,27,57.1,-439.2,1458.1,-0.3
3.5,2.0,95,3,100,both,139,88,51,63.3,124.3,3087.7,0.04
3.5,2.0,95,3,100,long,76,52,24,68.4,563.5,1776.8,0.32
3.5,2.0,95,3,100,short,63,36,27,57.1,-439.2,1458.1,-0.3
3.5,2.0,95,4,100,both,138,87,51,63.0,109.0,3087.7,0.04
3.5,2.0,95,4,100,long,75,51,24,68.0,548.2,1776.8,0.31
3.5,2.0,95,4,100,short,63,36,27,57.1,-439.2,1458.1,-0.3
3.5,0.5,55,1,150,both,148,71,77,48.0,1507.0,650.7,2.32
3.5,0.5,55,1,150,long,77,41,36,53.2,1321.6,468.1,2.82
3.5,0.5,55,1,150,short,71,30,41,42.3,185.4,512.8,0.36
3.5,0.5,55,2,150,both,148,71,77,48.0,1507.0,650.7,2.32
3.5,0.5,55,2,150,long,77,41,36,53.2,1321.6,468.1,2.82
3.5,0.5,55,2,150,short,71,30,41,42.3,185.4,512.8,0.36
3.5,0.5,55,3,150,both,147,70,77,47.6,1419.9,671.7,2.11
3.5,0.5,55,3,150,long,77,41,36,53.2,1338.8,450.9,2.97
3.5,0.5,55,3,150,short,70,29,41,41.4,81.1,512.8,0.16
3.5,0.5,55,4,150,both,145,68,77,46.9,1335.4,740.9,1.8
3.5,0.5,55,4,150,long,75,39,36,52.0,1254.3,520.1,2.41
3.5,0.5,55,4,150,short,70,29,41,41.4,81.1,512.8,0.16
3.5,0.5,65,1,150,both,145,67,78,46.2,1986.1,708.2,2.8
3.5,0.5,65,1,150,long,75,39,36,52.0,1338.1,530.4,2.52
3.5,0.5,65,1,150,short,70,28,42,40.0,648.0,472.6,1.37
3.5,0.5,65,2,150,both,145,67,78,46.2,1986.1,708.2,2.8
3.5,0.5,65,2,150,long,75,39,36,52.0,1338.1,530.4,2.52
3.5,0.5,65,2,150,short,70,28,42,40.0,648.0,472.6,1.37
3.5,0.5,65,3,150,both,145,67,78,46.2,1986.1,708.2,2.8
3.5,0.5,65,3,150,long,75,39,36,52.0,1338.1,530.4,2.52
3.5,0.5,65,3,150,short,70,28,42,40.0,648.0,472.6,1.37
3.5,0.5,65,4,150,both,144,66,78,45.8,1970.8,708.2,2.78
3.5,0.5,65,4,150,long,74,38,36,51.4,1322.8,530.4,2.49
3.5,0.5,65,4,150,short,70,28,42,40.0,648.0,472.6,1.37
3.5,0.5,75,1,150,both,145,67,78,46.2,2167.7,590.6,3.67
3.5,0.5,75,1,150,long,75,39,36,52.0,1374.0,523.6,2.62
3.5,0.5,75,1,150,short,70,28,42,40.0,793.7,431.0,1.84
3.5,0.5,75,2,150,both,145,67,78,46.2,2167.7,590.6,3.67
3.5,0.5,75,2,150,long,75,39,36,52.0,1374.0,523.6,2.62
3.5,0.5,75,2,150,short,70,28,42,40.0,793.7,431.0,1.84
3.5,0.5,75,3,150,both,145,67,78,46.2,2167.7,590.6,3.67
3.5,0.5,75,3,150,long,75,39,36,52.0,1374.0,523.6,2.62
3.5,0.5,75,3,150,short,70,28,42,40.0,793.7,431.0,1.84
3.5,0.5,75,4,150,both,144,66,78,45.8,2152.4,590.6,3.64
3.5,0.5,75,4,150,long,74,38,36,51.4,1358.7,523.6,2.59
3.5,0.5,75,4,150,short,70,28,42,40.0,793.7,431.0,1.84
3.5,0.5,85,1,150,both,145,66,79,45.5,2215.0,590.6,3.75
3.5,0.5,85,1,150,long,75,38,37,50.7,1421.3,523.6,2.71
3.5,0.5,85,1,150,short,70,28,42,40.0,793.7,431.0,1.84
3.5,0.5,85,2,150,both,145,66,79,45.5,2215.0,590.6,3.75
3.5,0.5,85,2,150,long,75,38,37,50.7,1421.3,523.6,2.71
3.5,0.5,85,2,150,short,70,28,42,40.0,793.7,431.0,1.84
3.5,0.5,85,3,150,both,145,66,79,45.5,2215.0,590.6,3.75
3.5,0.5,85,3,150,long,75,38,37,50.7,1421.3,523.6,2.71
3.5,0.5,85,3,150,short,70,28,42,40.0,793.7,431.0,1.84
3.5,0.5,85,4,150,both,144,65,79,45.1,2199.7,590.6,3.72
3.5,0.5,85,4,150,long,74,37,37,50.0,1406.0,523.6,2.69
3.5,0.5,85,4,150,short,70,28,42,40.0,793.7,431.0,1.84
3.5,0.5,95,1,150,both,145,66,79,45.5,2277.1,590.6,3.86
3.5,0.5,95,1,150,long,75,38,37,50.7,1460.6,523.6,2.79
3.5,0.5,95,1,150,short,70,28,42,40.0,816.5,431.0,1.89
3.5,0.5,95,2,150,both,145,66,79,45.5,2277.1,590.6,3.86
3.5,0.5,95,2,150,long,75,38,37,50.7,1460.6,523.6,2.79
3.5,0.5,95,2,150,short,70,28,42,40.0,816.5,431.0,1.89
3.5,0.5,95,3,150,both,145,66,79,45.5,2277.1,590.6,3.86
3.5,0.5,95,3,150,long,75,38,37,50.7,1460.6,523.6,2.79
3.5,0.5,95,3,150,short,70,28,42,40.0,816.5,431.0,1.89
3.5,0.5,95,4,150,both,144,65,79,45.1,2261.8,590.6,3.83
3.5,0.5,95,4,150,long,74,37,37,50.0,1445.3,523.6,2.76
3.5,0.5,95,4,150,short,70,28,42,40.0,816.5,431.0,1.89
3.5,0.75,55,1,150,both,148,83,65,56.1,1774.1,1124.4,1.58
3.5,0.75,55,1,150,long,77,48,29,62.3,1679.9,670.9,2.5
3.5,0.75,55,1,150,short,71,35,36,49.3,94.2,704.6,0.13
3.5,0.75,55,2,150,both,148,83,65,56.1,1774.1,1124.4,1.58
3.5,0.75,55,2,150,long,77,48,29,62.3,1679.9,670.9,2.5
3.5,0.75,55,2,150,short,71,35,36,49.3,94.2,704.6,0.13
3.5,0.75,55,3,150,both,147,82,65,55.8,1687.0,1211.5,1.39
3.5,0.75,55,3,150,long,77,48,29,62.3,1697.1,653.7,2.6
3.5,0.75,55,3,150,short,70,34,36,48.6,-10.1,704.6,-0.01
3.5,0.75,55,4,150,both,145,80,65,55.2,1602.5,1280.7,1.25
3.5,0.75,55,4,150,long,75,46,29,61.3,1612.6,722.9,2.23
3.5,0.75,55,4,150,short,70,34,36,48.6,-10.1,704.6,-0.01
3.5,0.75,65,1,150,both,145,80,65,55.2,2333.7,846.7,2.76
3.5,0.75,65,1,150,long,75,47,28,62.7,1801.9,652.7,2.76
3.5,0.75,65,1,150,short,70,33,37,47.1,531.8,704.6,0.75
3.5,0.75,65,2,150,both,145,80,65,55.2,2333.7,846.7,2.76
3.5,0.75,65,2,150,long,75,47,28,62.7,1801.9,652.7,2.76
3.5,0.75,65,2,150,short,70,33,37,47.1,531.8,704.6,0.75
3.5,0.75,65,3,150,both,145,80,65,55.2,2333.7,846.7,2.76
3.5,0.75,65,3,150,long,75,47,28,62.7,1801.9,652.7,2.76
3.5,0.75,65,3,150,short,70,33,37,47.1,531.8,704.6,0.75
3.5,0.75,65,4,150,both,144,79,65,54.9,2318.4,846.7,2.74
3.5,0.75,65,4,150,long,74,46,28,62.2,1786.6,652.7,2.74
3.5,0.75,65,4,150,short,70,33,37,47.1,531.8,704.6,0.75
3.5,0.75,75,1,150,both,145,80,65,55.2,2515.3,800.2,3.14
3.5,0.75,75,1,150,long,75,47,28,62.7,1837.8,622.3,2.95
3.5,0.75,75,1,150,short,70,33,37,47.1,677.5,676.5,1.0
3.5,0.75,75,2,150,both,145,80,65,55.2,2515.3,800.2,3.14
3.5,0.75,75,2,150,long,75,47,28,62.7,1837.8,622.3,2.95
3.5,0.75,75,2,150,short,70,33,37,47.1,677.5,676.5,1.0
3.5,0.75,75,3,150,both,145,80,65,55.2,2515.3,800.2,3.14
3.5,0.75,75,3,150,long,75,47,28,62.7,1837.8,622.3,2.95
3.5,0.75,75,3,150,short,70,33,37,47.1,677.5,676.5,1.0
3.5,0.75,75,4,150,both,144,79,65,54.9,2500.0,800.2,3.12
3.5,0.75,75,4,150,long,74,46,28,62.2,1822.5,622.3,2.93
3.5,0.75,75,4,150,short,70,33,37,47.1,677.5,676.5,1.0
3.5,0.75,85,1,150,both,145,79,66,54.5,2537.6,800.2,3.17
3.5,0.75,85,1,150,long,75,46,29,61.3,1860.1,622.3,2.99
3.5,0.75,85,1,150,short,70,33,37,47.1,677.5,676.5,1.0
3.5,0.75,85,2,150,both,145,79,66,54.5,2537.6,800.2,3.17
3.5,0.75,85,2,150,long,75,46,29,61.3,1860.1,622.3,2.99
3.5,0.75,85,2,150,short,70,33,37,47.1,677.5,676.5,1.0
3.5,0.75,85,3,150,both,145,79,66,54.5,2537.6,800.2,3.17
3.5,0.75,85,3,150,long,75,46,29,61.3,1860.1,622.3,2.99
3.5,0.75,85,3,150,short,70,33,37,47.1,677.5,676.5,1.0
3.5,0.75,85,4,150,both,144,78,66,54.2,2522.3,800.2,3.15
3.5,0.75,85,4,150,long,74,45,29,60.8,1844.8,622.3,2.96
3.5,0.75,85,4,150,short,70,33,37,47.1,677.5,676.5,1.0
3.5,0.75,95,1,150,both,145,78,67,53.8,2419.9,800.2,3.02
3.5,0.75,95,1,150,long,75,45,30,60.0,1716.2,622.3,2.76
3.5,0.75,95,1,150,short,70,33,37,47.1,703.7,676.5,1.04
3.5,0.75,95,2,150,both,145,78,67,53.8,2419.9,800.2,3.02
3.5,0.75,95,2,150,long,75,45,30,60.0,1716.2,622.3,2.76
3.5,0.75,95,2,150,short,70,33,37,47.1,703.7,676.5,1.04
3.5,0.75,95,3,150,both,145,78,67,53.8,2419.9,800.2,3.02
3.5,0.75,95,3,150,long,75,45,30,60.0,1716.2,622.3,2.76
3.5,0.75,95,3,150,short,70,33,37,47.1,703.7,676.5,1.04
3.5,0.75,95,4,150,both,144,77,67,53.5,2404.6,800.2,3.0
3.5,0.75,95,4,150,long,74,44,30,59.5,1700.9,622.3,2.73
3.5,0.75,95,4,150,short,70,33,37,47.1,703.7,676.5,1.04
3.5,1.0,55,1,150,both,148,87,61,58.8,1061.1,1592.7,0.67
3.5,1.0,55,1,150,long,77,50,27,64.9,1337.2,974.5,1.37
3.5,1.0,55,1,150,short,71,37,34,52.1,-276.1,772.4,-0.36
3.5,1.0,55,2,150,both,148,87,61,58.8,1061.1,1592.7,0.67
3.5,1.0,55,2,150,long,77,50,27,64.9,1337.2,974.5,1.37
3.5,1.0,55,2,150,short,71,37,34,52.1,-276.1,772.4,-0.36
3.5,1.0,55,3,150,both,147,86,61,58.5,974.0,1679.8,0.58
3.5,1.0,55,3,150,long,77,50,27,64.9,1354.4,957.3,1.41
3.5,1.0,55,3,150,short,70,36,34,51.4,-380.4,876.7,-0.43
3.5,1.0,55,4,150,both,145,84,61,57.9,889.5,1749.0,0.51
3.5,1.0,55,4,150,long,75,48,27,64.0,1269.9,1026.5,1.24
3.5,1.0,55,4,150,short,70,36,34,51.4,-380.4,876.7,-0.43
3.5,1.0,65,1,150,both,145,84,61,57.9,1620.7,1323.0,1.23
3.5,1.0,65,1,150,long,75,49,26,65.3,1484.2,945.9,1.57
3.5,1.0,65,1,150,short,70,35,35,50.0,136.5,742.4,0.18
3.5,1.0,65,2,150,both,145,84,61,57.9,1620.7,1323.0,1.23
3.5,1.0,65,2,150,long,75,49,26,65.3,1484.2,945.9,1.57
3.5,1.0,65,2,150,short,70,35,35,50.0,136.5,742.4,0.18
3.5,1.0,65,3,150,both,145,84,61,57.9,1620.7,1323.0,1.23
3.5,1.0,65,3,150,long,75,49,26,65.3,1484.2,945.9,1.57
3.5,1.0,65,3,150,short,70,35,35,50.0,136.5,742.4,0.18
3.5,1.0,65,4,150,both,144,83,61,57.6,1605.4,1323.0,1.21
3.5,1.0,65,4,150,long,74,48,26,64.9,1468.9,945.9,1.55
3.5,1.0,65,4,150,short,70,35,35,50.0,136.5,742.4,0.18
3.5,1.0,75,1,150,both,145,84,61,57.9,1802.3,1174.1,1.54
3.5,1.0,75,1,150,long,75,49,26,65.3,1520.1,945.9,1.61
3.5,1.0,75,1,150,short,70,35,35,50.0,282.2,704.0,0.4
3.5,1.0,75,2,150,both,145,84,61,57.9,1802.3,1174.1,1.54
3.5,1.0,75,2,150,long,75,49,26,65.3,1520.1,945.9,1.61
3.5,1.0,75,2,150,short,70,35,35,50.0,282.2,704.0,0.4
3.5,1.0,75,3,150,both,145,84,61,57.9,1802.3,1174.1,1.54
3.5,1.0,75,3,150,long,75,49,26,65.3,1520.1,945.9,1.61
3.5,1.0,75,3,150,short,70,35,35,50.0,282.2,704.0,0.4
3.5,1.0,75,4,150,both,144,83,61,57.6,1787.0,1174.1,1.52
3.5,1.0,75,4,150,long,74,48,26,64.9,1504.8,945.9,1.59
3.5,1.0,75,4,150,short,70,35,35,50.0,282.2,704.0,0.4
3.5,1.0,85,1,150,both,145,83,62,57.2,1799.6,1174.1,1.53
3.5,1.0,85,1,150,long,75,48,27,64.0,1517.4,945.9,1.6
3.5,1.0,85,1,150,short,70,35,35,50.0,282.2,704.0,0.4
3.5,1.0,85,2,150,both,145,83,62,57.2,1799.6,1174.1,1.53
3.5,1.0,85,2,150,long,75,48,27,64.0,1517.4,945.9,1.6
3.5,1.0,85,2,150,short,70,35,35,50.0,282.2,704.0,0.4
3.5,1.0,85,3,150,both,145,83,62,57.2,1799.6,1174.1,1.53
3.5,1.0,85,3,150,long,75,48,27,64.0,1517.4,945.9,1.6
3.5,1.0,85,3,150,short,70,35,35,50.0,282.2,704.0,0.4
3.5,1.0,85,4,150,both,144,82,62,56.9,1784.3,1174.1,1.52
3.5,1.0,85,4,150,long,74,47,27,63.5,1502.1,945.9,1.59
3.5,1.0,85,4,150,short,70,35,35,50.0,282.2,704.0,0.4
3.5,1.0,95,1,150,both,145,82,63,56.6,1656.9,1174.1,1.41
3.5,1.0,95,1,150,long,75,47,28,62.7,1348.5,945.9,1.43
3.5,1.0,95,1,150,short,70,35,35,50.0,308.4,704.0,0.44
3.5,1.0,95,2,150,both,145,82,63,56.6,1656.9,1174.1,1.41
3.5,1.0,95,2,150,long,75,47,28,62.7,1348.5,945.9,1.43
3.5,1.0,95,2,150,short,70,35,35,50.0,308.4,704.0,0.44
3.5,1.0,95,3,150,both,145,82,63,56.6,1656.9,1174.1,1.41
3.5,1.0,95,3,150,long,75,47,28,62.7,1348.5,945.9,1.43
3.5,1.0,95,3,150,short,70,35,35,50.0,308.4,704.0,0.44
3.5,1.0,95,4,150,both,144,81,63,56.2,1641.6,1174.1,1.4
3.5,1.0,95,4,150,long,74,46,28,62.2,1333.2,945.9,1.41
3.5,1.0,95,4,150,short,70,35,35,50.0,308.4,704.0,0.44
3.5,1.25,55,1,150,both,148,92,56,62.2,741.4,2251.1,0.33
3.5,1.25,55,1,150,long,77,53,24,68.8,1364.7,1124.2,1.21
3.5,1.25,55,1,150,short,71,39,32,54.9,-623.3,1314.9,-0.47
3.5,1.25,55,2,150,both,148,92,56,62.2,741.4,2251.1,0.33
3.5,1.25,55,2,150,long,77,53,24,68.8,1364.7,1124.2,1.21
3.5,1.25,55,2,150,short,71,39,32,54.9,-623.3,1314.9,-0.47
3.5,1.25,55,3,150,both,147,91,56,61.9,654.3,2338.2,0.28
3.5,1.25,55,3,150,long,77,53,24,68.8,1381.9,1107.0,1.25
3.5,1.25,55,3,150,short,70,38,32,54.3,-727.6,1419.2,-0.51
3.5,1.25,55,4,150,both,145,89,56,61.4,569.8,2407.4,0.24
3.5,1.25,55,4,150,long,75,51,24,68.0,1297.4,1176.2,1.1
3.5,1.25,55,4,150,short,70,38,32,54.3,-727.6,1419.2,-0.51
3.5,1.25,65,1,150,both,145,89,56,61.4,1301.0,1968.8,0.66
3.5,1.25,65,1,150,long,75,52,23,69.3,1536.7,1019.8,1.51
3.5,1.25,65,1,150,short,70,37,33,52.9,-235.7,1137.9,-0.21
3.5,1.25,65,2,150,both,145,89,56,61.4,1301.0,1968.8,0.66
3.5,1.25,65,2,150,long,75,52,23,69.3,1536.7,1019.8,1.51
3.5,1.25,65,2,150,short,70,37,33,52.9,-235.7,1137.9,-0.21
3.5,1.25,65,3,150,both,145,89,56,61.4,1301.0,1968.8,0.66
3.5,1.25,65,3,150,long,75,52,23,69.3,1536.7,1019.8,1.51
3.5,1.25,65,3,150,short,70,37,33,52.9,-235.7,1137.9,-0.21
3.5,1.25,65,4,150,both,144,88,56,61.1,1285.7,1968.8,0.65
3.5,1.25,65,4,150,long,74,51,23,68.9,1521.4,1019.8,1.49
3.5,1.25,65,4,150,short,70,37,33,52.9,-235.7,1137.9,-0.21
3.5,1.25,75,1,150,both,145,88,57,60.7,1318.5,1819.9,0.72
3.5,1.25,75,1,150,long,75,52,23,69.3,1572.6,1019.8,1.54
3.5,1.25,75,1,150,short,70,36,34,51.4,-254.1,992.2,-0.26
3.5,1.25,75,2,150,both,145,88,57,60.7,1318.5,1819.9,0.72
3.5,1.25,75,2,150,long,75,52,23,69.3,1572.6,1019.8,1.54
3.5,1.25,75,2,150,short,70,36,34,51.4,-254.1,992.2,-0.26
3.5,1.25,75,3,150,both,145,88,57,60.7,1318.5,1819.9,0.72
3.5,1.25,75,3,150,long,75,52,23,69.3,1572.6,1019.8,1.54
3.5,1.25,75,3,150,short,70,36,34,51.4,-254.1,992.2,-0.26
3.5,1.25,75,4,150,both,144,87,57,60.4,1303.2,1819.9,0.72
3.5,1.25,75,4,150,long,74,51,23,68.9,1557.3,1019.8,1.53
3.5,1.25,75,4,150,short,70,36,34,51.4,-254.1,992.2,-0.26
3.5,1.25,85,1,150,both,145,87,58,60.0,1290.8,1819.9,0.71
3.5,1.25,85,1,150,long,75,51,24,68.0,1544.9,1019.8,1.51
3.5,1.25,85,1,150,short,70,36,34,51.4,-254.1,992.2,-0.26
3.5,1.25,85,2,150,both,145,87,58,60.0,1290.8,1819.9,0.71
3.5,1.25,85,2,150,long,75,51,24,68.0,1544.9,1019.8,1.51
3.5,1.25,85,2,150,short,70,36,34,51.4,-254.1,992.2,-0.26
3.5,1.25,85,3,150,both,145,87,58,60.0,1290.8,1819.9,0.71
3.5,1.25,85,3,150,long,75,51,24,68.0,1544.9,1019.8,1.51
3.5,1.25,85,3,150,short,70,36,34,51.4,-254.1,992.2,-0.26
3.5,1.25,85,4,150,both,144,86,58,59.7,1275.5,1819.9,0.7
3.5,1.25,85,4,150,long,74,50,24,67.6,1529.6,1019.8,1.5
3.5,1.25,85,4,150,short,70,36,34,51.4,-254.1,992.2,-0.26
3.5,1.25,95,1,150,both,145,86,59,59.3,1123.1,1819.9,0.62
3.5,1.25,95,1,150,long,75,50,25,66.7,1351.0,1019.8,1.32
3.5,1.25,95,1,150,short,70,36,34,51.4,-227.9,992.2,-0.23
3.5,1.25,95,2,150,both,145,86,59,59.3,1123.1,1819.9,0.62
3.5,1.25,95,2,150,long,75,50,25,66.7,1351.0,1019.8,1.32
3.5,1.25,95,2,150,short,70,36,34,51.4,-227.9,992.2,-0.23
3.5,1.25,95,3,150,both,145,86,59,59.3,1123.1,1819.9,0.62
3.5,1.25,95,3,150,long,75,50,25,66.7,1351.0,1019.8,1.32
3.5,1.25,95,3,150,short,70,36,34,51.4,-227.9,992.2,-0.23
3.5,1.25,95,4,150,both,144,85,59,59.0,1107.8,1819.9,0.61
3.5,1.25,95,4,150,long,74,49,25,66.2,1335.7,1019.8,1.31
3.5,1.25,95,4,150,short,70,36,34,51.4,-227.9,992.2,-0.23
3.5,1.5,55,1,150,both,148,94,54,63.5,-11.6,2998.3,-0.0
3.5,1.5,55,1,150,long,77,55,22,71.4,1286.7,1421.4,0.91
3.5,1.5,55,1,150,short,71,39,32,54.9,-1298.3,1935.7,-0.67
3.5,1.5,55,2,150,both,148,94,54,63.5,-11.6,2998.3,-0.0
3.5,1.5,55,2,150,long,77,55,22,71.4,1286.7,1421.4,0.91
3.5,1.5,55,2,150,short,71,39,32,54.9,-1298.3,1935.7,-0.67
3.5,1.5,55,3,150,both,147,93,54,63.3,-98.7,3085.4,-0.03
3.5,1.5,55,3,150,long,77,55,22,71.4,1303.9,1404.2,0.93
3.5,1.5,55,3,150,short,70,38,32,54.3,-1402.6,2040.0,-0.69
3.5,1.5,55,4,150,both,145,91,54,62.8,-183.2,3154.6,-0.06
3.5,1.5,55,4,150,long,75,53,22,70.7,1219.4,1473.4,0.83
3.5,1.5,55,4,150,short,70,38,32,54.3,-1402.6,2040.0,-0.69
3.5,1.5,65,1,150,both,145,91,54,62.8,548.0,2691.0,0.2
3.5,1.5,65,1,150,long,75,54,21,72.0,1483.7,1267.0,1.17
3.5,1.5,65,1,150,short,70,37,33,52.9,-935.7,1671.3,-0.56
3.5,1.5,65,2,150,both,145,91,54,62.8,548.0,2691.0,0.2
3.5,1.5,65,2,150,long,75,54,21,72.0,1483.7,1267.0,1.17
3.5,1.5,65,2,150,short,70,37,33,52.9,-935.7,1671.3,-0.56
3.5,1.5,65,3,150,both,145,91,54,62.8,548.0,2691.0,0.2
3.5,1.5,65,3,150,long,75,54,21,72.0,1483.7,1267.0,1.17
3.5,1.5,65,3,150,short,70,37,33,52.9,-935.7,1671.3,-0.56
3.5,1.5,65,4,150,both,144,90,54,62.5,532.7,2691.0,0.2
3.5,1.5,65,4,150,long,74,53,21,71.6,1468.4,1267.0,1.16
3.5,1.5,65,4,150,short,70,37,33,52.9,-935.7,1671.3,-0.56
3.5,1.5,75,1,150,both,145,90,55,62.1,540.5,2542.1,0.21
3.5,1.5,75,1,150,long,75,54,21,72.0,1519.6,1267.0,1.2
3.5,1.5,75,1,150,short,70,36,34,51.4,-979.1,1525.6,-0.64
3.5,1.5,75,2,150,both,145,90,55,62.1,540.5,2542.1,0.21
3.5,1.5,75,2,150,long,75,54,21,72.0,1519.6,1267.0,1.2
3.5,1.5,75,2,150,short,70,36,34,51.4,-979.1,1525.6,-0.64
3.5,1.5,75,3,150,both,145,90,55,62.1,540.5,2542.1,0.21
3.5,1.5,75,3,150,long,75,54,21,72.0,1519.6,1267.0,1.2
3.5,1.5,75,3,150,short,70,36,34,51.4,-979.1,1525.6,-0.64
3.5,1.5,75,4,150,both,144,89,55,61.8,525.2,2542.1,0.21
3.5,1.5,75,4,150,long,74,53,21,71.6,1504.3,1267.0,1.19
3.5,1.5,75,4,150,short,70,36,34,51.4,-979.1,1525.6,-0.64
3.5,1.5,85,1,150,both,145,89,56,61.4,487.8,2542.1,0.19
3.5,1.5,85,1,150,long,75,53,22,70.7,1466.9,1267.0,1.16
3.5,1.5,85,1,150,short,70,36,34,51.4,-979.1,1525.6,-0.64
3.5,1.5,85,2,150,both,145,89,56,61.4,487.8,2542.1,0.19
3.5,1.5,85,2,150,long,75,53,22,70.7,1466.9,1267.0,1.16
3.5,1.5,85,2,150,short,70,36,34,51.4,-979.1,1525.6,-0.64
3.5,1.5,85,3,150,both,145,89,56,61.4,487.8,2542.1,0.19
3.5,1.5,85,3,150,long,75,53,22,70.7,1466.9,1267.0,1.16
3.5,1.5,85,3,150,short,70,36,34,51.4,-979.1,1525.6,-0.64
3.5,1.5,85,4,150,both,144,88,56,61.1,472.5,2542.1,0.19
3.5,1.5,85,4,150,long,74,52,22,70.3,1451.6,1267.0,1.15
3.5,1.5,85,4,150,short,70,36,34,51.4,-979.1,1525.6,-0.64
3.5,1.5,95,1,150,both,145,88,57,60.7,295.1,2542.1,0.12
3.5,1.5,95,1,150,long,75,52,23,69.3,1248.0,1267.0,0.99
3.5,1.5,95,1,150,short,70,36,34,51.4,-952.9,1525.6,-0.62
3.5,1.5,95,2,150,both,145,88,57,60.7,295.1,2542.1,0.12
3.5,1.5,95,2,150,long,75,52,23,69.3,1248.0,1267.0,0.99
3.5,1.5,95,2,150,short,70,36,34,51.4,-952.9,1525.6,-0.62
3.5,1.5,95,3,150,both,145,88,57,60.7,295.1,2542.1,0.12
3.5,1.5,95,3,150,long,75,52,23,69.3,1248.0,1267.0,0.99
3.5,1.5,95,3,150,short,70,36,34,51.4,-952.9,1525.6,-0.62
3.5,1.5,95,4,150,both,144,87,57,60.4,279.8,2542.1,0.11
3.5,1.5,95,4,150,long,74,51,23,68.9,1232.7,1267.0,0.97
3.5,1.5,95,4,150,short,70,36,34,51.4,-952.9,1525.6,-0.62
3.5,2.0,55,1,150,both,146,100,46,68.5,293.0,2704.2,0.11
3.5,2.0,55,1,150,long,76,56,20,73.7,1090.1,1318.0,0.83
3.5,2.0,55,1,150,short,70,44,26,62.9,-797.1,1681.7,-0.47
3.5,2.0,55,2,150,both,146,100,46,68.5,293.0,2704.2,0.11
3.5,2.0,55,2,150,long,76,56,20,73.7,1090.1,1318.0,0.83
3.5,2.0,55,2,150,short,70,44,26,62.9,-797.1,1681.7,-0.47
3.5,2.0,55,3,150,both,145,99,46,68.3,205.9,2791.3,0.07
3.5,2.0,55,3,150,long,76,56,20,73.7,1107.3,1300.8,0.85
3.5,2.0,55,3,150,short,69,43,26,62.3,-901.4,1786.0,-0.5
3.5,2.0,55,4,150,both,143,97,46,67.8,121.4,2860.5,0.04
3.5,2.0,55,4,150,long,74,54,20,73.0,1022.8,1370.0,0.75
3.5,2.0,55,4,150,short,69,43,26,62.3,-901.4,1786.0,-0.5
3.5,2.0,65,1,150,both,143,96,47,67.1,793.9,2635.8,0.3
3.5,2.0,65,1,150,long,74,55,19,74.3,1337.1,1245.4,1.07
3.5,2.0,65,1,150,short,69,41,28,59.4,-543.2,1813.8,-0.3
3.5,2.0,65,2,150,both,143,96,47,67.1,793.9,2635.8,0.3
3.5,2.0,65,2,150,long,74,55,19,74.3,1337.1,1245.4,1.07
3.5,2.0,65,2,150,short,69,41,28,59.4,-543.2,1813.8,-0.3
3.5,2.0,65,3,150,both,143,96,47,67.1,793.9,2635.8,0.3
3.5,2.0,65,3,150,long,74,55,19,74.3,1337.1,1245.4,1.07
3.5,2.0,65,3,150,short,69,41,28,59.4,-543.2,1813.8,-0.3
3.5,2.0,65,4,150,both,142,95,47,66.9,778.6,2635.8,0.3
3.5,2.0,65,4,150,long,73,54,19,74.0,1321.8,1245.4,1.06
3.5,2.0,65,4,150,short,69,41,28,59.4,-543.2,1813.8,-0.3
3.5,2.0,75,1,150,both,143,95,48,66.4,736.4,2486.9,0.3
3.5,2.0,75,1,150,long,74,55,19,74.3,1373.0,1245.4,1.1
3.5,2.0,75,1,150,short,69,40,29,58.0,-636.6,1668.1,-0.38
3.5,2.0,75,2,150,both,143,95,48,66.4,736.4,2486.9,0.3
3.5,2.0,75,2,150,long,74,55,19,74.3,1373.0,1245.4,1.1
3.5,2.0,75,2,150,short,69,40,29,58.0,-636.6,1668.1,-0.38
3.5,2.0,75,3,150,both,143,95,48,66.4,736.4,2486.9,0.3
3.5,2.0,75,3,150,long,74,55,19,74.3,1373.0,1245.4,1.1
3.5,2.0,75,3,150,short,69,40,29,58.0,-636.6,1668.1,-0.38
3.5,2.0,75,4,150,both,142,94,48,66.2,721.1,2486.9,0.29
3.5,2.0,75,4,150,long,73,54,19,74.0,1357.7,1245.4,1.09
3.5,2.0,75,4,150,short,69,40,29,58.0,-636.6,1668.1,-0.38
3.5,2.0,85,1,150,both,143,94,49,65.7,633.7,2486.9,0.25
3.5,2.0,85,1,150,long,74,54,20,73.0,1270.3,1245.4,1.02
3.5,2.0,85,1,150,short,69,40,29,58.0,-636.6,1668.1,-0.38
3.5,2.0,85,2,150,both,143,94,49,65.7,633.7,2486.9,0.25
3.5,2.0,85,2,150,long,74,54,20,73.0,1270.3,1245.4,1.02
3.5,2.0,85,2,150,short,69,40,29,58.0,-636.6,1668.1,-0.38
3.5,2.0,85,3,150,both,143,94,49,65.7,633.7,2486.9,0.25
3.5,2.0,85,3,150,long,74,54,20,73.0,1270.3,1245.4,1.02
3.5,2.0,85,3,150,short,69,40,29,58.0,-636.6,1668.1,-0.38
3.5,2.0,85,4,150,both,142,93,49,65.5,618.4,2486.9,0.25
3.5,2.0,85,4,150,long,73,53,20,72.6,1255.0,1245.4,1.01
3.5,2.0,85,4,150,short,69,40,29,58.0,-636.6,1668.1,-0.38
3.5,2.0,95,1,150,both,143,93,50,65.0,391.0,2464.6,0.16
3.5,2.0,95,1,150,long,74,53,21,71.6,1001.4,1245.4,0.8
3.5,2.0,95,1,150,short,69,40,29,58.0,-610.4,1668.1,-0.37
3.5,2.0,95,2,150,both,143,93,50,65.0,391.0,2464.6,0.16
3.5,2.0,95,2,150,long,74,53,21,71.6,1001.4,1245.4,0.8
3.5,2.0,95,2,150,short,69,40,29,58.0,-610.4,1668.1,-0.37
3.5,2.0,95,3,150,both,143,93,50,65.0,391.0,2464.6,0.16
3.5,2.0,95,3,150,long,74,53,21,71.6,1001.4,1245.4,0.8
3.5,2.0,95,3,150,short,69,40,29,58.0,-610.4,1668.1,-0.37
3.5,2.0,95,4,150,both,142,92,50,64.8,375.7,2464.6,0.15
3.5,2.0,95,4,150,long,73,52,21,71.2,986.1,1245.4,0.79
3.5,2.0,95,4,150,short,69,40,29,58.0,-610.4,1668.1,-0.37
3.5,0.5,55,1,200,both,158,76,82,48.1,1616.8,628.4,2.57
3.5,0.5,55,1,200,long,84,45,39,53.6,1438.3,370.5,3.88
3.5,0.5,55,1,200,short,74,31,43,41.9,178.5,473.1,0.38
3.5,0.5,55,2,200,both,158,76,82,48.1,1616.8,628.4,2.57
3.5,0.5,55,2,200,long,84,45,39,53.6,1438.3,370.5,3.88
3.5,0.5,55,2,200,short,74,31,43,41.9,178.5,473.1,0.38
3.5,0.5,55,3,200,both,157,75,82,47.8,1529.7,688.5,2.22
3.5,0.5,55,3,200,long,84,45,39,53.6,1455.5,370.5,3.93
3.5,0.5,55,3,200,short,73,30,43,41.1,74.2,553.3,0.13
3.5,0.5,55,4,200,both,155,73,82,47.1,1445.2,757.7,1.91
3.5,0.5,55,4,200,long,82,43,39,52.4,1371.0,380.2,3.61
3.5,0.5,55,4,200,short,73,30,43,41.1,74.2,553.3,0.13
3.5,0.5,65,1,200,both,155,72,83,46.5,2055.1,633.6,3.24
3.5,0.5,65,1,200,long,82,43,39,52.4,1473.1,390.5,3.77
3.5,0.5,65,1,200,short,73,29,44,39.7,582.0,473.1,1.23
3.5,0.5,65,2,200,both,155,72,83,46.5,2055.1,633.6,3.24
3.5,0.5,65,2,200,long,82,43,39,52.4,1473.1,390.5,3.77
3.5,0.5,65,2,200,short,73,29,44,39.7,582.0,473.1,1.23
3.5,0.5,65,3,200,both,155,72,83,46.5,2055.1,633.6,3.24
3.5,0.5,65,3,200,long,82,43,39,52.4,1473.1,390.5,3.77
3.5,0.5,65,3,200,short,73,29,44,39.7,582.0,473.1,1.23
3.5,0.5,65,4,200,both,154,71,83,46.1,2039.8,633.6,3.22
3.5,0.5,65,4,200,long,81,42,39,51.9,1457.8,390.5,3.73
3.5,0.5,65,4,200,short,73,29,44,39.7,582.0,473.1,1.23
3.5,0.5,75,1,200,both,155,72,83,46.5,2236.7,534.3,4.19
3.5,0.5,75,1,200,long,82,43,39,52.4,1509.0,383.7,3.93
3.5,0.5,75,1,200,short,73,29,44,39.7,727.7,355.5,2.05
3.5,0.5,75,2,200,both,155,72,83,46.5,2236.7,534.3,4.19
3.5,0.5,75,2,200,long,82,43,39,52.4,1509.0,383.7,3.93
3.5,0.5,75,2,200,short,73,29,44,39.7,727.7,355.5,2.05
3.5,0.5,75,3,200,both,155,72,83,46.5,2236.7,534.3,4.19
3.5,0.5,75,3,200,long,82,43,39,52.4,1509.0,383.7,3.93
3.5,0.5,75,3,200,short,73,29,44,39.7,727.7,355.5,2.05
3.5,0.5,75,4,200,both,154,71,83,46.1,2221.4,534.3,4.16
3.5,0.5,75,4,200,long,81,42,39,51.9,1493.7,383.7,3.89
3.5,0.5,75,4,200,short,73,29,44,39.7,727.7,355.5,2.05
3.5,0.5,85,1,200,both,155,71,84,45.8,2284.0,534.3,4.27
3.5,0.5,85,1,200,long,82,42,40,51.2,1556.3,383.7,4.06
3.5,0.5,85,1,200,short,73,29,44,39.7,727.7,355.5,2.05
3.5,0.5,85,2,200,both,155,71,84,45.8,2284.0,534.3,4.27
3.5,0.5,85,2,200,long,82,42,40,51.2,1556.3,383.7,4.06
3.5,0.5,85,2,200,short,73,29,44,39.7,727.7,355.5,2.05
3.5,0.5,85,3,200,both,155,71,84,45.8,2284.0,534.3,4.27
3.5,0.5,85,3,200,long,82,42,40,51.2,1556.3,383.7,4.06
3.5,0.5,85,3,200,short,73,29,44,39.7,727.7,355.5,2.05
3.5,0.5,85,4,200,both,154,70,84,45.5,2268.7,534.3,4.25
3.5,0.5,85,4,200,long,81,41,40,50.6,1541.0,383.7,4.02
3.5,0.5,85,4,200,short,73,29,44,39.7,727.7,355.5,2.05
3.5,0.5,95,1,200,both,155,71,84,45.8,2346.1,534.3,4.39
3.5,0.5,95,1,200,long,82,42,40,51.2,1595.6,383.7,4.16
3.5,0.5,95,1,200,short,73,29,44,39.7,750.5,355.5,2.11
3.5,0.5,95,2,200,both,155,71,84,45.8,2346.1,534.3,4.39
3.5,0.5,95,2,200,long,82,42,40,51.2,1595.6,383.7,4.16
3.5,0.5,95,2,200,short,73,29,44,39.7,750.5,355.5,2.11
3.5,0.5,95,3,200,both,155,71,84,45.8,2346.1,534.3,4.39
3.5,0.5,95,3,200,long,82,42,40,51.2,1595.6,383.7,4.16
3.5,0.5,95,3,200,short,73,29,44,39.7,750.5,355.5,2.11
3.5,0.5,95,4,200,both,154,70,84,45.5,2330.8,534.3,4.36
3.5,0.5,95,4,200,long,81,41,40,50.6,1580.3,383.7,4.12
3.5,0.5,95,4,200,short,73,29,44,39.7,750.5,355.5,2.11
3.5,0.75,55,1,200,both,157,87,70,55.4,1631.1,1344.0,1.21
3.5,0.75,55,1,200,long,84,52,32,61.9,1721.6,581.0,2.96
3.5,0.75,55,1,200,short,73,35,38,47.9,-90.5,834.3,-0.11
3.5,0.75,55,2,200,both,157,87,70,55.4,1631.1,1344.0,1.21
3.5,0.75,55,2,200,long,84,52,32,61.9,1721.6,581.0,2.96
3.5,0.75,55,2,200,short,73,35,38,47.9,-90.5,834.3,-0.11
3.5,0.75,55,3,200,both,156,86,70,55.1,1544.0,1431.1,1.08
3.5,0.75,55,3,200,long,84,52,32,61.9,1738.8,563.8,3.08
3.5,0.75,55,3,200,short,72,34,38,47.2,-194.8,938.6,-0.21
3.5,0.75,55,4,200,both,154,84,70,54.5,1459.5,1500.3,0.97
3.5,0.75,55,4,200,long,82,50,32,61.0,1654.3,633.0,2.61
3.5,0.75,55,4,200,short,72,34,38,47.2,-194.8,938.6,-0.21
3.5,0.75,65,1,200,both,154,84,70,54.5,2149.9,1111.7,1.93
3.5,0.75,65,1,200,long,82,51,31,62.2,1861.9,562.8,3.31
3.5,0.75,65,1,200,short,72,33,39,45.8,288.0,699.8,0.41
3.5,0.75,65,2,200,both,154,84,70,54.5,2149.9,1111.7,1.93
3.5,0.75,65,2,200,long,82,51,31,62.2,1861.9,562.8,3.31
3.5,0.75,65,2,200,short,72,33,39,45.8,288.0,699.8,0.41
3.5,0.75,65,3,200,both,154,84,70,54.5,2149.9,1111.7,1.93
3.5,0.75,65,3,200,long,82,51,31,62.2,1861.9,562.8,3.31
3.5,0.75,65,3,200,short,72,33,39,45.8,288.0,699.8,0.41
3.5,0.75,65,4,200,both,153,83,70,54.2,2134.6,1111.7,1.92
3.5,0.75,65,4,200,long,81,50,31,61.7,1846.6,562.8,3.28
3.5,0.75,65,4,200,short,72,33,39,45.8,288.0,699.8,0.41
3.5,0.75,75,1,200,both,154,84,70,54.5,2331.5,932.4,2.5
3.5,0.75,75,1,200,long,82,51,31,62.2,1897.8,532.4,3.56
3.5,0.75,75,1,200,short,72,33,39,45.8,433.7,651.2,0.67
3.5,0.75,75,2,200,both,154,84,70,54.5,2331.5,932.4,2.5
3.5,0.75,75,2,200,long,82,51,31,62.2,1897.8,532.4,3.56
3.5,0.75,75,2,200,short,72,33,39,45.8,433.7,651.2,0.67
3.5,0.75,75,3,200,both,154,84,70,54.5,2331.5,932.4,2.5
3.5,0.75,75,3,200,long,82,51,31,62.2,1897.8,532.4,3.56
3.5,0.75,75,3,200,short,72,33,39,45.8,433.7,651.2,0.67
3.5,0.75,75,4,200,both,153,83,70,54.2,2316.2,932.4,2.48
3.5,0.75,75,4,200,long,81,50,31,61.7,1882.5,532.4,3.54
3.5,0.75,75,4,200,short,72,33,39,45.8,433.7,651.2,0.67
3.5,0.75,85,1,200,both,154,83,71,53.9,2353.8,932.4,2.52
3.5,0.75,85,1,200,long,82,50,32,61.0,1920.1,532.4,3.61
3.5,0.75,85,1,200,short,72,33,39,45.8,433.7,651.2,0.67
3.5,0.75,85,2,200,both,154,83,71,53.9,2353.8,932.4,2.52
3.5,0.75,85,2,200,long,82,50,32,61.0,1920.1,532.4,3.61
3.5,0.75,85,2,200,short,72,33,39,45.8,433.7,651.2,0.67
3.5,0.75,85,3,200,both,154,83,71,53.9,2353.8,932.4,2.52
3.5,0.75,85,3,200,long,82,50,32,61.0,1920.1,532.4,3.61
3.5,0.75,85,3,200,short,72,33,39,45.8,433.7,651.2,0.67
3.5,0.75,85,4,200,both,153,82,71,53.6,2338.5,932.4,2.51
3.5,0.75,85,4,200,long,81,49,32,60.5,1904.8,532.4,3.58
3.5,0.75,85,4,200,short,72,33,39,45.8,433.7,651.2,0.67
3.5,0.75,95,1,200,both,154,82,72,53.2,2236.1,932.4,2.4
3.5,0.75,95,1,200,long,82,49,33,59.8,1776.2,532.4,3.34
3.5,0.75,95,1,200,short,72,33,39,45.8,459.9,651.2,0.71
3.5,0.75,95,2,200,both,154,82,72,53.2,2236.1,932.4,2.4
3.5,0.75,95,2,200,long,82,49,33,59.8,1776.2,532.4,3.34
3.5,0.75,95,2,200,short,72,33,39,45.8,459.9,651.2,0.71
3.5,0.75,95,3,200,both,154,82,72,53.2,2236.1,932.4,2.4
3.5,0.75,95,3,200,long,82,49,33,59.8,1776.2,532.4,3.34
3.5,0.75,95,3,200,short,72,33,39,45.8,459.9,651.2,0.71
3.5,0.75,95,4,200,both,153,81,72,52.9,2220.8,932.4,2.38
3.5,0.75,95,4,200,long,81,48,33,59.3,1760.9,532.4,3.31
3.5,0.75,95,4,200,short,72,33,39,45.8,459.9,651.2,0.71
3.5,1.0,55,1,200,both,157,94,63,59.9,1702.1,1209.4,1.41
3.5,1.0,55,1,200,long,84,56,28,66.7,1991.3,730.9,2.72
3.5,1.0,55,1,200,short,73,38,35,52.1,-289.2,877.8,-0.33
3.5,1.0,55,2,200,both,157,94,63,59.9,1702.1,1209.4,1.41
3.5,1.0,55,2,200,long,84,56,28,66.7,1991.3,730.9,2.72
3.5,1.0,55,2,200,short,73,38,35,52.1,-289.2,877.8,-0.33
3.5,1.0,55,3,200,both,156,93,63,59.6,1615.0,1313.7,1.23
3.5,1.0,55,3,200,long,84,56,28,66.7,2008.5,730.9,2.75
3.5,1.0,55,3,200,short,72,37,35,51.4,-393.5,982.1,-0.4
3.5,1.0,55,4,200,both,154,91,63,59.1,1530.5,1360.9,1.12
3.5,1.0,55,4,200,long,82,54,28,65.9,1924.0,730.9,2.63
3.5,1.0,55,4,200,short,72,37,35,51.4,-393.5,982.1,-0.4
3.5,1.0,65,1,200,both,154,91,63,59.1,2220.9,947.3,2.34
3.5,1.0,65,1,200,long,82,55,27,67.1,2156.6,638.0,3.38
3.5,1.0,65,1,200,short,72,36,36,50.0,64.3,794.5,0.08
3.5,1.0,65,2,200,both,154,91,63,59.1,2220.9,947.3,2.34
3.5,1.0,65,2,200,long,82,55,27,67.1,2156.6,638.0,3.38
3.5,1.0,65,2,200,short,72,36,36,50.0,64.3,794.5,0.08
3.5,1.0,65,3,200,both,154,91,63,59.1,2220.9,947.3,2.34
3.5,1.0,65,3,200,long,82,55,27,67.1,2156.6,638.0,3.38
3.5,1.0,65,3,200,short,72,36,36,50.0,64.3,794.5,0.08
3.5,1.0,65,4,200,both,153,90,63,58.8,2205.6,947.3,2.33
3.5,1.0,65,4,200,long,81,54,27,66.7,2141.3,638.0,3.36
3.5,1.0,65,4,200,short,72,36,36,50.0,64.3,794.5,0.08
3.5,1.0,75,1,200,both,154,91,63,59.1,2402.5,856.5,2.81
3.5,1.0,75,1,200,long,82,55,27,67.1,2192.5,638.0,3.44
3.5,1.0,75,1,200,short,72,36,36,50.0,210.0,678.7,0.31
3.5,1.0,75,2,200,both,154,91,63,59.1,2402.5,856.5,2.81
3.5,1.0,75,2,200,long,82,55,27,67.1,2192.5,638.0,3.44
3.5,1.0,75,2,200,short,72,36,36,50.0,210.0,678.7,0.31
3.5,1.0,75,3,200,both,154,91,63,59.1,2402.5,856.5,2.81
3.5,1.0,75,3,200,long,82,55,27,67.1,2192.5,638.0,3.44
3.5,1.0,75,3,200,short,72,36,36,50.0,210.0,678.7,0.31
3.5,1.0,75,4,200,both,153,90,63,58.8,2387.2,856.5,2.79
3.5,1.0,75,4,200,long,81,54,27,66.7,2177.2,638.0,3.41
3.5,1.0,75,4,200,short,72,36,36,50.0,210.0,678.7,0.31
3.5,1.0,85,1,200,both,154,90,64,58.4,2399.8,856.5,2.8
3.5,1.0,85,1,200,long,82,54,28,65.9,2189.8,638.0,3.43
3.5,1.0,85,1,200,short,72,36,36,50.0,210.0,678.7,0.31
3.5,1.0,85,2,200,both,154,90,64,58.4,2399.8,856.5,2.8
3.5,1.0,85,2,200,long,82,54,28,65.9,2189.8,638.0,3.43
3.5,1.0,85,2,200,short,72,36,36,50.0,210.0,678.7,0.31
3.5,1.0,85,3,200,both,154,90,64,58.4,2399.8,856.5,2.8
3.5,1.0,85,3,200,long,82,54,28,65.9,2189.8,638.0,3.43
3.5,1.0,85,3,200,short,72,36,36,50.0,210.0,678.7,0.31
3.5,1.0,85,4,200,both,153,89,64,58.2,2384.5,856.5,2.78
3.5,1.0,85,4,200,long,81,53,28,65.4,2174.5,638.0,3.41
3.5,1.0,85,4,200,short,72,36,36,50.0,210.0,678.7,0.31
3.5,1.0,95,1,200,both,154,89,65,57.8,2257.1,856.5,2.64
3.5,1.0,95,1,200,long,82,53,29,64.6,2020.9,638.0,3.17
3.5,1.0,95,1,200,short,72,36,36,50.0,236.2,678.7,0.35
3.5,1.0,95,2,200,both,154,89,65,57.8,2257.1,856.5,2.64
3.5,1.0,95,2,200,long,82,53,29,64.6,2020.9,638.0,3.17
3.5,1.0,95,2,200,short,72,36,36,50.0,236.2,678.7,0.35
3.5,1.0,95,3,200,both,154,89,65,57.8,2257.1,856.5,2.64
3.5,1.0,95,3,200,long,82,53,29,64.6,2020.9,638.0,3.17
3.5,1.0,95,3,200,short,72,36,36,50.0,236.2,678.7,0.35
3.5,1.0,95,4,200,both,153,88,65,57.5,2241.8,856.5,2.62
3.5,1.0,95,4,200,long,81,52,29,64.2,2005.6,638.0,3.14
3.5,1.0,95,4,200,short,72,36,36,50.0,236.2,678.7,0.35
3.5,1.25,55,1,200,both,157,99,58,63.1,1332.4,1812.3,0.74
3.5,1.25,55,1,200,long,84,59,25,70.2,1993.8,863.6,2.31
3.5,1.25,55,1,200,short,73,40,33,54.8,-661.4,1427.8,-0.46
3.5,1.25,55,2,200,both,157,99,58,63.1,1332.4,1812.3,0.74
3.5,1.25,55,2,200,long,84,59,25,70.2,1993.8,863.6,2.31
3.5,1.25,55,2,200,short,73,40,33,54.8,-661.4,1427.8,-0.46
3.5,1.25,55,3,200,both,156,98,58,62.8,1245.3,1899.4,0.66
3.5,1.25,55,3,200,long,84,59,25,70.2,2011.0,863.6,2.33
3.5,1.25,55,3,200,short,72,39,33,54.2,-765.7,1532.1,-0.5
3.5,1.25,55,4,200,both,154,96,58,62.3,1160.8,1968.6,0.59
3.5,1.25,55,4,200,long,82,57,25,69.5,1926.5,863.6,2.23
3.5,1.25,55,4,200,short,72,39,33,54.2,-765.7,1532.1,-0.5
3.5,1.25,65,1,200,both,154,96,58,62.3,1851.2,1530.0,1.21
3.5,1.25,65,1,200,long,82,58,24,70.7,2184.1,694.9,3.14
3.5,1.25,65,1,200,short,72,38,34,52.8,-332.9,1293.3,-0.26
3.5,1.25,65,2,200,both,154,96,58,62.3,1851.2,1530.0,1.21
3.5,1.25,65,2,200,long,82,58,24,70.7,2184.1,694.9,3.14
3.5,1.25,65,2,200,short,72,38,34,52.8,-332.9,1293.3,-0.26
3.5,1.25,65,3,200,both,154,96,58,62.3,1851.2,1530.0,1.21
3.5,1.25,65,3,200,long,82,58,24,70.7,2184.1,694.9,3.14
3.5,1.25,65,3,200,short,72,38,34,52.8,-332.9,1293.3,-0.26
3.5,1.25,65,4,200,both,153,95,58,62.1,1835.9,1530.0,1.2
3.5,1.25,65,4,200,long,81,57,24,70.4,2168.8,694.9,3.12
3.5,1.25,65,4,200,short,72,38,34,52.8,-332.9,1293.3,-0.26
3.5,1.25,75,1,200,both,154,95,59,61.7,1868.7,1381.1,1.35
3.5,1.25,75,1,200,long,82,58,24,70.7,2220.0,694.9,3.19
3.5,1.25,75,1,200,short,72,37,35,51.4,-351.3,1147.6,-0.31
3.5,1.25,75,2,200,both,154,95,59,61.7,1868.7,1381.1,1.35
3.5,1.25,75,2,200,long,82,58,24,70.7,2220.0,694.9,3.19
3.5,1.25,75,2,200,short,72,37,35,51.4,-351.3,1147.6,-0.31
3.5,1.25,75,3,200,both,154,95,59,61.7,1868.7,1381.1,1.35
3.5,1.25,75,3,200,long,82,58,24,70.7,2220.0,694.9,3.19
3.5,1.25,75,3,200,short,72,37,35,51.4,-351.3,1147.6,-0.31
3.5,1.25,75,4,200,both,153,94,59,61.4,1853.4,1381.1,1.34
3.5,1.25,75,4,200,long,81,57,24,70.4,2204.7,694.9,3.17
3.5,1.25,75,4,200,short,72,37,35,51.4,-351.3,1147.6,-0.31
3.5,1.25,85,1,200,both,154,94,60,61.0,1841.0,1381.1,1.33
3.5,1.25,85,1,200,long,82,57,25,69.5,2192.3,694.9,3.15
3.5,1.25,85,1,200,short,72,37,35,51.4,-351.3,1147.6,-0.31
3.5,1.25,85,2,200,both,154,94,60,61.0,1841.0,1381.1,1.33
3.5,1.25,85,2,200,long,82,57,25,69.5,2192.3,694.9,3.15
3.5,1.25,85,2,200,short,72,37,35,51.4,-351.3,1147.6,-0.31
3.5,1.25,85,3,200,both,154,94,60,61.0,1841.0,1381.1,1.33
3.5,1.25,85,3,200,long,82,57,25,69.5,2192.3,694.9,3.15
3.5,1.25,85,3,200,short,72,37,35,51.4,-351.3,1147.6,-0.31
3.5,1.25,85,4,200,both,153,93,60,60.8,1825.7,1381.1,1.32
3.5,1.25,85,4,200,long,81,56,25,69.1,2177.0,694.9,3.13
3.5,1.25,85,4,200,short,72,37,35,51.4,-351.3,1147.6,-0.31
3.5,1.25,95,1,200,both,154,93,61,60.4,1673.3,1381.1,1.21
3.5,1.25,95,1,200,long,82,56,26,68.3,1998.4,694.9,2.88
3.5,1.25,95,1,200,short,72,37,35,51.4,-325.1,1147.6,-0.28
3.5,1.25,95,2,200,both,154,93,61,60.4,1673.3,1381.1,1.21
3.5,1.25,95,2,200,long,82,56,26,68.3,1998.4,694.9,2.88
3.5,1.25,95,2,200,short,72,37,35,51.4,-325.1,1147.6,-0.28
3.5,1.25,95,3,200,both,154,93,61,60.4,1673.3,1381.1,1.21
3.5,1.25,95,3,200,long,82,56,26,68.3,1998.4,694.9,2.88
3.5,1.25,95,3,200,short,72,37,35,51.4,-325.1,1147.6,-0.28
3.5,1.25,95,4,200,both,153,92,61,60.1,1658.0,1381.1,1.2
3.5,1.25,95,4,200,long,81,55,26,67.9,1983.1,694.9,2.85
3.5,1.25,95,4,200,short,72,37,35,51.4,-325.1,1147.6,-0.28
3.5,1.5,55,1,200,both,156,100,56,64.1,489.7,2560.3,0.19
3.5,1.5,55,1,200,long,83,59,24,71.1,1668.4,1081.6,1.54
3.5,1.5,55,1,200,short,73,41,32,56.2,-1178.7,1977.8,-0.6
3.5,1.5,55,2,200,both,156,100,56,64.1,489.7,2560.3,0.19
3.5,1.5,55,2,200,long,83,59,24,71.1,1668.4,1081.6,1.54
3.5,1.5,55,2,200,short,73,41,32,56.2,-1178.7,1977.8,-0.6
3.5,1.5,55,3,200,both,155,99,56,63.9,402.6,2647.4,0.15
3.5,1.5,55,3,200,long,83,59,24,71.1,1685.6,1081.6,1.56
3.5,1.5,55,3,200,short,72,40,32,55.6,-1283.0,2082.1,-0.62
3.5,1.5,55,4,200,both,153,97,56,63.4,318.1,2716.6,0.12
3.5,1.5,55,4,200,long,81,57,24,70.4,1601.1,1088.6,1.47
3.5,1.5,55,4,200,short,72,40,32,55.6,-1283.0,2082.1,-0.62
3.5,1.5,65,1,200,both,153,97,56,63.4,1008.5,2253.0,0.45
3.5,1.5,65,1,200,long,81,58,23,71.6,1883.7,882.2,2.14
3.5,1.5,65,1,200,short,72,39,33,54.2,-875.2,1843.3,-0.47
3.5,1.5,65,2,200,both,153,97,56,63.4,1008.5,2253.0,0.45
3.5,1.5,65,2,200,long,81,58,23,71.6,1883.7,882.2,2.14
3.5,1.5,65,2,200,short,72,39,33,54.2,-875.2,1843.3,-0.47
3.5,1.5,65,3,200,both,153,97,56,63.4,1008.5,2253.0,0.45
3.5,1.5,65,3,200,long,81,58,23,71.6,1883.7,882.2,2.14
3.5,1.5,65,3,200,short,72,39,33,54.2,-875.2,1843.3,-0.47
3.5,1.5,65,4,200,both,152,96,56,63.2,993.2,2253.0,0.44
3.5,1.5,65,4,200,long,80,57,23,71.2,1868.4,882.2,2.12
3.5,1.5,65,4,200,short,72,39,33,54.2,-875.2,1843.3,-0.47
3.5,1.5,75,1,200,both,153,96,57,62.7,1001.0,2104.1,0.48
3.5,1.5,75,1,200,long,81,58,23,71.6,1919.6,882.2,2.18
3.5,1.5,75,1,200,short,72,38,34,52.8,-918.6,1697.6,-0.54
3.5,1.5,75,2,200,both,153,96,57,62.7,1001.0,2104.1,0.48
3.5,1.5,75,2,200,long,81,58,23,71.6,1919.6,882.2,2.18
3.5,1.5,75,2,200,short,72,38,34,52.8,-918.6,1697.6,-0.54
3.5,1.5,75,3,200,both,153,96,57,62.7,1001.0,2104.1,0.48
3.5,1.5,75,3,200,long,81,58,23,71.6,1919.6,882.2,2.18
3.5,1.5,75,3,200,short,72,38,34,52.8,-918.6,1697.6,-0.54
3.5,1.5,75,4,200,both,152,95,57,62.5,985.7,2104.1,0.47
3.5,1.5,75,4,200,long,80,57,23,71.2,1904.3,882.2,2.16
3.5,1.5,75,4,200,short,72,38,34,52.8,-918.6,1697.6,-0.54
3.5,1.5,85,1,200,both,153,95,58,62.1,948.3,2104.1,0.45
3.5,1.5,85,1,200,long,81,57,24,70.4,1866.9,882.2,2.12
3.5,1.5,85,1,200,short,72,38,34,52.8,-918.6,1697.6,-0.54
3.5,1.5,85,2,200,both,153,95,58,62.1,948.3,2104.1,0.45
3.5,1.5,85,2,200,long,81,57,24,70.4,1866.9,882.2,2.12
3.5,1.5,85,2,200,short,72,38,34,52.8,-918.6,1697.6,-0.54
3.5,1.5,85,3,200,both,153,95,58,62.1,948.3,2104.1,0.45
3.5,1.5,85,3,200,long,81,57,24,70.4,1866.9,882.2,2.12
3.5,1.5,85,3,200,short,72,38,34,52.8,-918.6,1697.6,-0.54
3.5,1.5,85,4,200,both,152,94,58,61.8,933.0,2104.1,0.44
3.5,1.5,85,4,200,long,80,56,24,70.0,1851.6,882.2,2.1
3.5,1.5,85,4,200,short,72,38,34,52.8,-918.6,1697.6,-0.54
3.5,1.5,95,1,200,both,153,94,59,61.4,755.6,2104.1,0.36
3.5,1.5,95,1,200,long,81,56,25,69.1,1648.0,882.2,1.87
3.5,1.5,95,1,200,short,72,38,34,52.8,-892.4,1697.6,-0.53
3.5,1.5,95,2,200,both,153,94,59,61.4,755.6,2104.1,0.36
3.5,1.5,95,2,200,long,81,56,25,69.1,1648.0,882.2,1.87
3.5,1.5,95,2,200,short,72,38,34,52.8,-892.4,1697.6,-0.53
3.5,1.5,95,3,200,both,153,94,59,61.4,755.6,2104.1,0.36
3.5,1.5,95,3,200,long,81,56,25,69.1,1648.0,882.2,1.87
3.5,1.5,95,3,200,short,72,38,34,52.8,-892.4,1697.6,-0.53
3.5,1.5,95,4,200,both,152,93,59,61.2,740.3,2104.1,0.35
3.5,1.5,95,4,200,long,80,55,25,68.8,1632.7,882.2,1.85
3.5,1.5,95,4,200,short,72,38,34,52.8,-892.4,1697.6,-0.53
3.5,2.0,55,1,200,both,152,106,46,69.7,1110.3,2356.9,0.47
3.5,2.0,55,1,200,long,80,60,20,75.0,1787.8,1125.4,1.59
3.5,2.0,55,1,200,short,72,46,26,63.9,-677.5,1735.0,-0.39
3.5,2.0,55,2,200,both,152,106,46,69.7,1110.3,2356.9,0.47
3.5,2.0,55,2,200,long,80,60,20,75.0,1787.8,1125.4,1.59
3.5,2.0,55,2,200,short,72,46,26,63.9,-677.5,1735.0,-0.39
3.5,2.0,55,3,200,both,151,105,46,69.5,1023.2,2449.3,0.42
3.5,2.0,55,3,200,long,80,60,20,75.0,1805.0,1120.4,1.61
3.5,2.0,55,3,200,short,71,45,26,63.4,-781.8,1839.3,-0.43
3.5,2.0,55,4,200,both,149,103,46,69.1,938.7,2513.2,0.37
3.5,2.0,55,4,200,long,78,58,20,74.4,1720.5,1177.4,1.46
3.5,2.0,55,4,200,short,71,45,26,63.4,-781.8,1839.3,-0.43
3.5,2.0,65,1,200,both,149,102,47,68.5,1570.4,2273.4,0.69
3.5,2.0,65,1,200,long,78,59,19,75.6,2053.1,1052.8,1.95
3.5,2.0,65,1,200,short,71,43,28,60.6,-482.7,1867.1,-0.26
3.5,2.0,65,2,200,both,149,102,47,68.5,1570.4,2273.4,0.69
3.5,2.0,65,2,200,long,78,59,19,75.6,2053.1,1052.8,1.95
3.5,2.0,65,2,200,short,71,43,28,60.6,-482.7,1867.1,-0.26
3.5,2.0,65,3,200,both,149,102,47,68.5,1570.4,2273.4,0.69
3.5,2.0,65,3,200,long,78,59,19,75.6,2053.1,1052.8,1.95
3.5,2.0,65,3,200,short,71,43,28,60.6,-482.7,1867.1,-0.26
3.5,2.0,65,4,200,both,148,101,47,68.2,1555.1,2273.4,0.68
3.5,2.0,65,4,200,long,77,58,19,75.3,2037.8,1052.8,1.94
3.5,2.0,65,4,200,short,71,43,28,60.6,-482.7,1867.1,-0.26
3.5,2.0,75,1,200,both,149,101,48,67.8,1512.9,2165.9,0.7
3.5,2.0,75,1,200,long,78,59,19,75.6,2089.0,1052.8,1.98
3.5,2.0,75,1,200,short,71,42,29,59.2,-576.1,1721.4,-0.33
3.5,2.0,75,2,200,both,149,101,48,67.8,1512.9,2165.9,0.7
3.5,2.0,75,2,200,long,78,59,19,75.6,2089.0,1052.8,1.98
3.5,2.0,75,2,200,short,71,42,29,59.2,-576.1,1721.4,-0.33
3.5,2.0,75,3,200,both,149,101,48,67.8,1512.9,2165.9,0.7
3.5,2.0,75,3,200,long,78,59,19,75.6,2089.0,1052.8,1.98
3.5,2.0,75,3,200,short,71,42,29,59.2,-576.1,1721.4,-0.33
3.5,2.0,75,4,200,both,148,100,48,67.6,1497.6,2165.9,0.69
3.5,2.0,75,4,200,long,77,58,19,75.3,2073.7,1052.8,1.97
3.5,2.0,75,4,200,short,71,42,29,59.2,-576.1,1721.4,-0.33
3.5,2.0,85,1,200,both,149,100,49,67.1,1410.2,2165.9,0.65
3.5,2.0,85,1,200,long,78,58,20,74.4,1986.3,1052.8,1.89
3.5,2.0,85,1,200,short,71,42,29,59.2,-576.1,1721.4,-0.33
3.5,2.0,85,2,200,both,149,100,49,67.1,1410.2,2165.9,0.65
3.5,2.0,85,2,200,long,78,58,20,74.4,1986.3,1052.8,1.89
3.5,2.0,85,2,200,short,71,42,29,59.2,-576.1,1721.4,-0.33
3.5,2.0,85,3,200,both,149,100,49,67.1,1410.2,2165.9,0.65
3.5,2.0,85,3,200,long,78,58,20,74.4,1986.3,1052.8,1.89
3.5,2.0,85,3,200,short,71,42,29,59.2,-576.1,1721.4,-0.33
3.5,2.0,85,4,200,both,148,99,49,66.9,1394.9,2165.9,0.64
3.5,2.0,85,4,200,long,77,57,20,74.0,1971.0,1052.8,1.87
3.5,2.0,85,4,200,short,71,42,29,59.2,-576.1,1721.4,-0.33
3.5,2.0,95,1,200,both,149,99,50,66.4,1167.5,2158.7,0.54
3.5,2.0,95,1,200,long,78,57,21,73.1,1717.4,1052.8,1.63
3.5,2.0,95,1,200,short,71,42,29,59.2,-549.9,1721.4,-0.32
3.5,2.0,95,2,200,both,149,99,50,66.4,1167.5,2158.7,0.54
3.5,2.0,95,2,200,long,78,57,21,73.1,1717.4,1052.8,1.63
3.5,2.0,95,2,200,short,71,42,29,59.2,-549.9,1721.4,-0.32
3.5,2.0,95,3,200,both,149,99,50,66.4,1167.5,2158.7,0.54
3.5,2.0,95,3,200,long,78,57,21,73.1,1717.4,1052.8,1.63
3.5,2.0,95,3,200,short,71,42,29,59.2,-549.9,1721.4,-0.32
3.5,2.0,95,4,200,both,148,98,50,66.2,1152.2,2158.7,0.53
3.5,2.0,95,4,200,long,77,56,21,72.7,1702.1,1052.8,1.62
3.5,2.0,95,4,200,short,71,42,29,59.2,-549.9,1721.4,-0.32
3.5,0.5,55,1,250,both,165,80,85,48.5,1607.6,609.2,2.64
3.5,0.5,55,1,250,long,86,45,41,52.3,1329.2,406.0,3.27
3.5,0.5,55,1,250,short,79,35,44,44.3,278.4,470.0,0.59
3.5,0.5,55,2,250,both,165,80,85,48.5,1607.6,609.2,2.64
3.5,0.5,55,2,250,long,86,45,41,52.3,1329.2,406.0,3.27
3.5,0.5,55,2,250,short,79,35,44,44.3,278.4,470.0,0.59
3.5,0.5,55,3,250,both,164,79,85,48.2,1520.5,696.3,2.18
3.5,0.5,55,3,250,long,86,45,41,52.3,1346.4,406.0,3.32
3.5,0.5,55,3,250,short,78,34,44,43.6,174.1,574.3,0.3
3.5,0.5,55,4,250,both,162,77,85,47.5,1436.0,765.5,1.88
3.5,0.5,55,4,250,long,84,43,41,51.2,1261.9,408.9,3.09
3.5,0.5,55,4,250,short,78,34,44,43.6,174.1,574.3,0.3
3.5,0.5,65,1,250,both,162,76,86,46.9,1956.5,603.1,3.24
3.5,0.5,65,1,250,long,84,43,41,51.2,1233.8,501.7,2.46
3.5,0.5,65,1,250,short,78,33,45,42.3,722.7,395.3,1.83
3.5,0.5,65,2,250,both,162,76,86,46.9,1956.5,603.1,3.24
3.5,0.5,65,2,250,long,84,43,41,51.2,1233.8,501.7,2.46
3.5,0.5,65,2,250,short,78,33,45,42.3,722.7,395.3,1.83
3.5,0.5,65,3,250,both,162,76,86,46.9,1956.5,603.1,3.24
3.5,0.5,65,3,250,long,84,43,41,51.2,1233.8,501.7,2.46
3.5,0.5,65,3,250,short,78,33,45,42.3,722.7,395.3,1.83
3.5,0.5,65,4,250,both,161,75,86,46.6,1941.2,603.1,3.22
3.5,0.5,65,4,250,long,83,42,41,50.6,1218.5,501.7,2.43
3.5,0.5,65,4,250,short,78,33,45,42.3,722.7,395.3,1.83
3.5,0.5,75,1,250,both,162,76,86,46.9,2256.4,489.4,4.61
3.5,0.5,75,1,250,long,84,43,41,51.2,1279.2,501.7,2.55
3.5,0.5,75,1,250,short,78,33,45,42.3,977.2,335.9,2.91
3.5,0.5,75,2,250,both,162,76,86,46.9,2256.4,489.4,4.61
3.5,0.5,75,2,250,long,84,43,41,51.2,1279.2,501.7,2.55
3.5,0.5,75,2,250,short,78,33,45,42.3,977.2,335.9,2.91
3.5,0.5,75,3,250,both,162,76,86,46.9,2256.4,489.4,4.61
3.5,0.5,75,3,250,long,84,43,41,51.2,1279.2,501.7,2.55
3.5,0.5,75,3,250,short,78,33,45,42.3,977.2,335.9,2.91
3.5,0.5,75,4,250,both,161,75,86,46.6,2241.1,489.4,4.58
3.5,0.5,75,4,250,long,83,42,41,50.6,1263.9,501.7,2.52
3.5,0.5,75,4,250,short,78,33,45,42.3,977.2,335.9,2.91
3.5,0.5,85,1,250,both,162,75,87,46.3,2303.7,489.4,4.71
3.5,0.5,85,1,250,long,84,42,42,50.0,1326.5,501.7,2.64
3.5,0.5,85,1,250,short,78,33,45,42.3,977.2,335.9,2.91
3.5,0.5,85,2,250,both,162,75,87,46.3,2303.7,489.4,4.71
3.5,0.5,85,2,250,long,84,42,42,50.0,1326.5,501.7,2.64
3.5,0.5,85,2,250,short,78,33,45,42.3,977.2,335.9,2.91
3.5,0.5,85,3,250,both,162,75,87,46.3,2303.7,489.4,4.71
3.5,0.5,85,3,250,long,84,42,42,50.0,1326.5,501.7,2.64
3.5,0.5,85,3,250,short,78,33,45,42.3,977.2,335.9,2.91
3.5,0.5,85,4,250,both,161,74,87,46.0,2288.4,489.4,4.68
3.5,0.5,85,4,250,long,83,41,42,49.4,1311.2,501.7,2.61
3.5,0.5,85,4,250,short,78,33,45,42.3,977.2,335.9,2.91
3.5,0.5,95,1,250,both,162,75,87,46.3,2365.8,489.4,4.83
3.5,0.5,95,1,250,long,84,42,42,50.0,1365.8,501.7,2.72
3.5,0.5,95,1,250,short,78,33,45,42.3,1000.0,335.9,2.98
3.5,0.5,95,2,250,both,162,75,87,46.3,2365.8,489.4,4.83
3.5,0.5,95,2,250,long,84,42,42,50.0,1365.8,501.7,2.72
3.5,0.5,95,2,250,short,78,33,45,42.3,1000.0,335.9,2.98
3.5,0.5,95,3,250,both,162,75,87,46.3,2365.8,489.4,4.83
3.5,0.5,95,3,250,long,84,42,42,50.0,1365.8,501.7,2.72
3.5,0.5,95,3,250,short,78,33,45,42.3,1000.0,335.9,2.98
3.5,0.5,95,4,250,both,161,74,87,46.0,2350.5,489.4,4.8
3.5,0.5,95,4,250,long,83,41,42,49.4,1350.5,501.7,2.69
3.5,0.5,95,4,250,short,78,33,45,42.3,1000.0,335.9,2.98
3.5,0.75,55,1,250,both,163,90,73,55.2,1300.6,1376.8,0.94
3.5,0.75,55,1,250,long,85,51,34,60.0,1398.5,584.7,2.39
3.5,0.75,55,1,250,short,78,39,39,50.0,-97.9,834.8,-0.12
3.5,0.75,55,2,250,both,163,90,73,55.2,1300.6,1376.8,0.94
3.5,0.75,55,2,250,long,85,51,34,60.0,1398.5,584.7,2.39
3.5,0.75,55,2,250,short,78,39,39,50.0,-97.9,834.8,-0.12
3.5,0.75,55,3,250,both,162,89,73,54.9,1213.5,1463.9,0.83
3.5,0.75,55,3,250,long,85,51,34,60.0,1415.7,581.0,2.44
3.5,0.75,55,3,250,short,77,38,39,49.4,-202.2,939.1,-0.22
3.5,0.75,55,4,250,both,160,87,73,54.4,1129.0,1533.1,0.74
3.5,0.75,55,4,250,long,83,49,34,59.0,1331.2,636.7,2.09
3.5,0.75,55,4,250,short,77,38,39,49.4,-202.2,939.1,-0.22
3.5,0.75,65,1,250,both,160,87,73,54.4,1730.0,1186.2,1.46
3.5,0.75,65,1,250,long,83,50,33,60.2,1408.6,649.0,2.17
3.5,0.75,65,1,250,short,77,37,40,48.1,321.4,716.8,0.45
3.5,0.75,65,2,250,both,160,87,73,54.4,1730.0,1186.2,1.46
3.5,0.75,65,2,250,long,83,50,33,60.2,1408.6,649.0,2.17
3.5,0.75,65,2,250,short,77,37,40,48.1,321.4,716.8,0.45
3.5,0.75,65,3,250,both,160,87,73,54.4,1730.0,1186.2,1.46
3.5,0.75,65,3,250,long,83,50,33,60.2,1408.6,649.0,2.17
3.5,0.75,65,3,250,short,77,37,40,48.1,321.4,716.8,0.45
3.5,0.75,65,4,250,both,159,86,73,54.1,1714.7,1186.2,1.45
3.5,0.75,65,4,250,long,82,49,33,59.8,1393.3,649.0,2.15
3.5,0.75,65,4,250,short,77,37,40,48.1,321.4,716.8,0.45
3.5,0.75,75,1,250,both,160,87,73,54.4,2029.9,1006.9,2.02
3.5,0.75,75,1,250,long,83,50,33,60.2,1454.0,649.0,2.24
3.5,0.75,75,1,250,short,77,37,40,48.1,575.9,688.7,0.84
3.5,0.75,75,2,250,both,160,87,73,54.4,2029.9,1006.9,2.02
3.5,0.75,75,2,250,long,83,50,33,60.2,1454.0,649.0,2.24
3.5,0.75,75,2,250,short,77,37,40,48.1,575.9,688.7,0.84
3.5,0.75,75,3,250,both,160,87,73,54.4,2029.9,1006.9,2.02
3.5,0.75,75,3,250,long,83,50,33,60.2,1454.0,649.0,2.24
3.5,0.75,75,3,250,short,77,37,40,48.1,575.9,688.7,0.84
3.5,0.75,75,4,250,both,159,86,73,54.1,2014.6,1006.9,2.0
3.5,0.75,75,4,250,long,82,49,33,59.8,1438.7,649.0,2.22
3.5,0.75,75,4,250,short,77,37,40,48.1,575.9,688.7,0.84
3.5,0.75,85,1,250,both,160,86,74,53.8,2052.2,1006.9,2.04
3.5,0.75,85,1,250,long,83,49,34,59.0,1476.3,649.0,2.27
3.5,0.75,85,1,250,short,77,37,40,48.1,575.9,688.7,0.84
3.5,0.75,85,2,250,both,160,86,74,53.8,2052.2,1006.9,2.04
3.5,0.75,85,2,250,long,83,49,34,59.0,1476.3,649.0,2.27
3.5,0.75,85,2,250,short,77,37,40,48.1,575.9,688.7,0.84
3.5,0.75,85,3,250,both,160,86,74,53.8,2052.2,1006.9,2.04
3.5,0.75,85,3,250,long,83,49,34,59.0,1476.3,649.0,2.27
3.5,0.75,85,3,250,short,77,37,40,48.1,575.9,688.7,0.84
3.5,0.75,85,4,250,both,159,85,74,53.5,2036.9,1006.9,2.02
3.5,0.75,85,4,250,long,82,48,34,58.5,1461.0,649.0,2.25
3.5,0.75,85,4,250,short,77,37,40,48.1,575.9,688.7,0.84
3.5,0.75,95,1,250,both,160,85,75,53.1,1931.1,1006.9,1.92
3.5,0.75,95,1,250,long,83,48,35,57.8,1332.4,649.0,2.05
3.5,0.75,95,1,250,short,77,37,40,48.1,598.7,688.7,0.87
3.5,0.75,95,2,250,both,160,85,75,53.1,1931.1,1006.9,1.92
3.5,0.75,95,2,250,long,83,48,35,57.8,1332.4,649.0,2.05
3.5,0.75,95,2,250,short,77,37,40,48.1,598.7,688.7,0.87
3.5,0.75,95,3,250,both,160,85,75,53.1,1931.1,1006.9,1.92
3.5,0.75,95,3,250,long,83,48,35,57.8,1332.4,649.0,2.05
3.5,0.75,95,3,250,short,77,37,40,48.1,598.7,688.7,0.87
3.5,0.75,95,4,250,both,159,84,75,52.8,1915.8,1006.9,1.9
3.5,0.75,95,4,250,long,82,47,35,57.3,1317.1,649.0,2.03
3.5,0.75,95,4,250,short,77,37,40,48.1,598.7,688.7,0.87
3.5,1.0,55,1,250,both,163,101,62,62.0,2213.5,930.4,2.38
3.5,1.0,55,1,250,long,85,57,28,67.1,1926.7,766.4,2.51
3.5,1.0,55,1,250,short,78,44,34,56.4,286.8,757.5,0.38
3.5,1.0,55,2,250,both,163,101,62,62.0,2213.5,930.4,2.38
3.5,1.0,55,2,250,long,85,57,28,67.1,1926.7,766.4,2.51
3.5,1.0,55,2,250,short,78,44,34,56.4,286.8,757.5,0.38
3.5,1.0,55,3,250,both,162,100,62,61.7,2126.4,1034.7,2.06
3.5,1.0,55,3,250,long,85,57,28,67.1,1943.9,766.4,2.54
3.5,1.0,55,3,250,short,77,43,34,55.8,182.5,757.5,0.24
3.5,1.0,55,4,250,both,160,98,62,61.3,2041.9,1044.9,1.95
3.5,1.0,55,4,250,long,83,55,28,66.3,1859.4,766.4,2.43
3.5,1.0,55,4,250,short,77,43,34,55.8,182.5,757.5,0.24
3.5,1.0,65,1,250,both,160,98,62,61.3,2642.9,799.3,3.31
3.5,1.0,65,1,250,long,83,56,27,67.5,1961.8,756.0,2.59
3.5,1.0,65,1,250,short,77,42,35,54.5,681.1,716.7,0.95
3.5,1.0,65,2,250,both,160,98,62,61.3,2642.9,799.3,3.31
3.5,1.0,65,2,250,long,83,56,27,67.5,1961.8,756.0,2.59
3.5,1.0,65,2,250,short,77,42,35,54.5,681.1,716.7,0.95
3.5,1.0,65,3,250,both,160,98,62,61.3,2642.9,799.3,3.31
3.5,1.0,65,3,250,long,83,56,27,67.5,1961.8,756.0,2.59
3.5,1.0,65,3,250,short,77,42,35,54.5,681.1,716.7,0.95
3.5,1.0,65,4,250,both,159,97,62,61.0,2627.6,799.3,3.29
3.5,1.0,65,4,250,long,82,55,27,67.1,1946.5,756.0,2.57
3.5,1.0,65,4,250,short,77,42,35,54.5,681.1,716.7,0.95
3.5,1.0,75,1,250,both,160,98,62,61.3,2942.8,788.7,3.73
3.5,1.0,75,1,250,long,83,56,27,67.5,2007.2,756.0,2.66
3.5,1.0,75,1,250,short,77,42,35,54.5,935.6,599.1,1.56
3.5,1.0,75,2,250,both,160,98,62,61.3,2942.8,788.7,3.73
3.5,1.0,75,2,250,long,83,56,27,67.5,2007.2,756.0,2.66
3.5,1.0,75,2,250,short,77,42,35,54.5,935.6,599.1,1.56
3.5,1.0,75,3,250,both,160,98,62,61.3,2942.8,788.7,3.73
3.5,1.0,75,3,250,long,83,56,27,67.5,2007.2,756.0,2.66
3.5,1.0,75,3,250,short,77,42,35,54.5,935.6,599.1,1.56
3.5,1.0,75,4,250,both,159,97,62,61.0,2927.5,788.7,3.71
3.5,1.0,75,4,250,long,82,55,27,67.1,1991.9,756.0,2.63
3.5,1.0,75,4,250,short,77,42,35,54.5,935.6,599.1,1.56
3.5,1.0,85,1,250,both,159,96,63,60.4,2944.5,775.0,3.8
3.5,1.0,85,1,250,long,83,54,29,65.1,1866.8,756.0,2.47
3.5,1.0,85,1,250,short,76,42,34,55.3,1077.7,599.1,1.8
3.5,1.0,85,2,250,both,159,96,63,60.4,2944.5,775.0,3.8
3.5,1.0,85,2,250,long,83,54,29,65.1,1866.8,756.0,2.47
3.5,1.0,85,2,250,short,76,42,34,55.3,1077.7,599.1,1.8
3.5,1.0,85,3,250,both,159,96,63,60.4,2944.5,775.0,3.8
3.5,1.0,85,3,250,long,83,54,29,65.1,1866.8,756.0,2.47
3.5,1.0,85,3,250,short,76,42,34,55.3,1077.7,599.1,1.8
3.5,1.0,85,4,250,both,158,95,63,60.1,2929.2,775.0,3.78
3.5,1.0,85,4,250,long,82,53,29,64.6,1851.5,756.0,2.45
3.5,1.0,85,4,250,short,76,42,34,55.3,1077.7,599.1,1.8
3.5,1.0,95,1,250,both,159,95,64,59.7,2798.4,775.0,3.61
3.5,1.0,95,1,250,long,83,53,30,63.9,1697.9,756.0,2.25
3.5,1.0,95,1,250,short,76,42,34,55.3,1100.5,599.1,1.84
3.5,1.0,95,2,250,both,159,95,64,59.7,2798.4,775.0,3.61
3.5,1.0,95,2,250,long,83,53,30,63.9,1697.9,756.0,2.25
3.5,1.0,95,2,250,short,76,42,34,55.3,1100.5,599.1,1.84
3.5,1.0,95,3,250,both,159,95,64,59.7,2798.4,775.0,3.61
3.5,1.0,95,3,250,long,83,53,30,63.9,1697.9,756.0,2.25
3.5,1.0,95,3,250,short,76,42,34,55.3,1100.5,599.1,1.84
3.5,1.0,95,4,250,both,158,94,64,59.5,2783.1,775.0,3.59
3.5,1.0,95,4,250,long,82,52,30,63.4,1682.6,756.0,2.23
3.5,1.0,95,4,250,short,76,42,34,55.3,1100.5,599.1,1.84
3.5,1.25,55,1,250,both,162,104,58,64.2,1298.6,1978.1,0.66
3.5,1.25,55,1,250,long,85,59,26,69.4,1761.9,1066.4,1.65
3.5,1.25,55,1,250,short,77,45,32,58.4,-463.3,1338.0,-0.35
3.5,1.25,55,2,250,both,162,104,58,64.2,1298.6,1978.1,0.66
3.5,1.25,55,2,250,long,85,59,26,69.4,1761.9,1066.4,1.65
3.5,1.25,55,2,250,short,77,45,32,58.4,-463.3,1338.0,-0.35
3.5,1.25,55,3,250,both,161,103,58,64.0,1211.5,2065.2,0.59
3.5,1.25,55,3,250,long,85,59,26,69.4,1779.1,1066.4,1.67
3.5,1.25,55,3,250,short,76,44,32,57.9,-567.6,1442.3,-0.39
3.5,1.25,55,4,250,both,159,101,58,63.5,1127.0,2134.4,0.53
3.5,1.25,55,4,250,long,83,57,26,68.7,1694.6,1066.4,1.59
3.5,1.25,55,4,250,short,76,44,32,57.9,-567.6,1442.3,-0.39
3.5,1.25,65,1,250,both,159,101,58,63.5,1728.0,1737.5,0.99
3.5,1.25,65,1,250,long,83,58,25,69.9,1822.0,980.2,1.86
3.5,1.25,65,1,250,short,76,43,33,56.6,-94.0,1162.7,-0.08
3.5,1.25,65,2,250,both,159,101,58,63.5,1728.0,1737.5,0.99
3.5,1.25,65,2,250,long,83,58,25,69.9,1822.0,980.2,1.86
3.5,1.25,65,2,250,short,76,43,33,56.6,-94.0,1162.7,-0.08
3.5,1.25,65,3,250,both,159,101,58,63.5,1728.0,1737.5,0.99
3.5,1.25,65,3,250,long,83,58,25,69.9,1822.0,980.2,1.86
3.5,1.25,65,3,250,short,76,43,33,56.6,-94.0,1162.7,-0.08
3.5,1.25,65,4,250,both,158,100,58,63.3,1712.7,1737.5,0.99
3.5,1.25,65,4,250,long,82,57,25,69.5,1806.7,980.2,1.84
3.5,1.25,65,4,250,short,76,43,33,56.6,-94.0,1162.7,-0.08
3.5,1.25,75,1,250,both,159,100,59,62.9,1863.8,1599.5,1.17
3.5,1.25,75,1,250,long,83,58,25,69.9,1867.4,980.2,1.91
3.5,1.25,75,1,250,short,76,42,34,55.3,-3.6,934.5,-0.0
3.5,1.25,75,2,250,both,159,100,59,62.9,1863.8,1599.5,1.17
3.5,1.25,75,2,250,long,83,58,25,69.9,1867.4,980.2,1.91
3.5,1.25,75,2,250,short,76,42,34,55.3,-3.6,934.5,-0.0
3.5,1.25,75,3,250,both,159,100,59,62.9,1863.8,1599.5,1.17
3.5,1.25,75,3,250,long,83,58,25,69.9,1867.4,980.2,1.91
3.5,1.25,75,3,250,short,76,42,34,55.3,-3.6,934.5,-0.0
3.5,1.25,75,4,250,both,158,99,59,62.7,1848.5,1599.5,1.16
3.5,1.25,75,4,250,long,82,57,25,69.5,1852.1,980.2,1.89
3.5,1.25,75,4,250,short,76,42,34,55.3,-3.6,934.5,-0.0
3.5,1.25,85,1,250,both,159,98,61,61.6,1673.4,1599.5,1.05
3.5,1.25,85,1,250,long,83,56,27,67.5,1677.0,980.2,1.71
3.5,1.25,85,1,250,short,76,42,34,55.3,-3.6,934.5,-0.0
3.5,1.25,85,2,250,both,159,98,61,61.6,1673.4,1599.5,1.05
3.5,1.25,85,2,250,long,83,56,27,67.5,1677.0,980.2,1.71
3.5,1.25,85,2,250,short,76,42,34,55.3,-3.6,934.5,-0.0
3.5,1.25,85,3,250,both,159,98,61,61.6,1673.4,1599.5,1.05
3.5,1.25,85,3,250,long,83,56,27,67.5,1677.0,980.2,1.71
3.5,1.25,85,3,250,short,76,42,34,55.3,-3.6,934.5,-0.0
3.5,1.25,85,4,250,both,158,97,61,61.4,1658.1,1599.5,1.04
3.5,1.25,85,4,250,long,82,55,27,67.1,1661.7,980.2,1.7
3.5,1.25,85,4,250,short,76,42,34,55.3,-3.6,934.5,-0.0
3.5,1.25,95,1,250,both,159,97,62,61.0,1502.3,1599.5,0.94
3.5,1.25,95,1,250,long,83,55,28,66.3,1483.1,980.2,1.51
3.5,1.25,95,1,250,short,76,42,34,55.3,19.2,934.5,0.02
3.5,1.25,95,2,250,both,159,97,62,61.0,1502.3,1599.5,0.94
3.5,1.25,95,2,250,long,83,55,28,66.3,1483.1,980.2,1.51
3.5,1.25,95,2,250,short,76,42,34,55.3,19.2,934.5,0.02
3.5,1.25,95,3,250,both,159,97,62,61.0,1502.3,1599.5,0.94
3.5,1.25,95,3,250,long,83,55,28,66.3,1483.1,980.2,1.51
3.5,1.25,95,3,250,short,76,42,34,55.3,19.2,934.5,0.02
3.5,1.25,95,4,250,both,158,96,62,60.8,1487.0,1599.5,0.93
3.5,1.25,95,4,250,long,82,54,28,65.9,1467.8,980.2,1.5
3.5,1.25,95,4,250,short,76,42,34,55.3,19.2,934.5,0.02
3.5,1.5,55,1,250,both,161,106,55,65.8,592.1,2589.9,0.23
3.5,1.5,55,1,250,long,84,59,25,70.2,1411.5,1309.4,1.08
3.5,1.5,55,1,250,short,77,47,30,61.0,-819.4,1726.8,-0.47
3.5,1.5,55,2,250,both,161,106,55,65.8,592.1,2589.9,0.23
3.5,1.5,55,2,250,long,84,59,25,70.2,1411.5,1309.4,1.08
3.5,1.5,55,2,250,short,77,47,30,61.0,-819.4,1726.8,-0.47
3.5,1.5,55,3,250,both,160,105,55,65.6,505.0,2677.0,0.19
3.5,1.5,55,3,250,long,84,59,25,70.2,1428.7,1309.4,1.09
3.5,1.5,55,3,250,short,76,46,30,60.5,-923.7,1831.1,-0.5
3.5,1.5,55,4,250,both,158,103,55,65.2,420.5,2746.2,0.15
3.5,1.5,55,4,250,long,82,57,25,69.5,1344.2,1316.4,1.02
3.5,1.5,55,4,250,short,76,46,30,60.5,-923.7,1831.1,-0.5
3.5,1.5,65,1,250,both,158,103,55,65.2,1021.5,2324.3,0.44
3.5,1.5,65,1,250,long,82,58,24,70.7,1496.6,1192.5,1.26
3.5,1.5,65,1,250,short,76,45,31,59.2,-475.1,1551.5,-0.31
3.5,1.5,65,2,250,both,158,103,55,65.2,1021.5,2324.3,0.44
3.5,1.5,65,2,250,long,82,58,24,70.7,1496.6,1192.5,1.26
3.5,1.5,65,2,250,short,76,45,31,59.2,-475.1,1551.5,-0.31
3.5,1.5,65,3,250,both,158,103,55,65.2,1021.5,2324.3,0.44
3.5,1.5,65,3,250,long,82,58,24,70.7,1496.6,1192.5,1.26
3.5,1.5,65,3,250,short,76,45,31,59.2,-475.1,1551.5,-0.31
3.5,1.5,65,4,250,both,157,102,55,65.0,1006.2,2324.3,0.43
3.5,1.5,65,4,250,long,81,57,24,70.4,1481.3,1192.5,1.24
3.5,1.5,65,4,250,short,76,45,31,59.2,-475.1,1551.5,-0.31
3.5,1.5,75,1,250,both,158,102,56,64.6,1132.3,2175.4,0.52
3.5,1.5,75,1,250,long,82,58,24,70.7,1542.0,1192.5,1.29
3.5,1.5,75,1,250,short,76,44,32,57.9,-409.7,1298.3,-0.32
3.5,1.5,75,2,250,both,158,102,56,64.6,1132.3,2175.4,0.52
3.5,1.5,75,2,250,long,82,58,24,70.7,1542.0,1192.5,1.29
3.5,1.5,75,2,250,short,76,44,32,57.9,-409.7,1298.3,-0.32
3.5,1.5,75,3,250,both,158,102,56,64.6,1132.3,2175.4,0.52
3.5,1.5,75,3,250,long,82,58,24,70.7,1542.0,1192.5,1.29
3.5,1.5,75,3,250,short,76,44,32,57.9,-409.7,1298.3,-0.32
3.5,1.5,75,4,250,both,157,101,56,64.3,1117.0,2175.4,0.51
3.5,1.5,75,4,250,long,81,57,24,70.4,1526.7,1192.5,1.28
3.5,1.5,75,4,250,short,76,44,32,57.9,-409.7,1298.3,-0.32
3.5,1.5,85,1,250,both,158,100,58,63.3,891.9,2175.4,0.41
3.5,1.5,85,1,250,long,82,56,26,68.3,1301.6,1192.5,1.09
3.5,1.5,85,1,250,short,76,44,32,57.9,-409.7,1298.3,-0.32
3.5,1.5,85,2,250,both,158,100,58,63.3,891.9,2175.4,0.41
3.5,1.5,85,2,250,long,82,56,26,68.3,1301.6,1192.5,1.09
3.5,1.5,85,2,250,short,76,44,32,57.9,-409.7,1298.3,-0.32
3.5,1.5,85,3,250,both,158,100,58,63.3,891.9,2175.4,0.41
3.5,1.5,85,3,250,long,82,56,26,68.3,1301.6,1192.5,1.09
3.5,1.5,85,3,250,short,76,44,32,57.9,-409.7,1298.3,-0.32
3.5,1.5,85,4,250,both,157,99,58,63.1,876.6,2175.4,0.4
3.5,1.5,85,4,250,long,81,55,26,67.9,1286.3,1192.5,1.08
3.5,1.5,85,4,250,short,76,44,32,57.9,-409.7,1298.3,-0.32
3.5,1.5,95,1,250,both,158,99,59,62.7,695.8,2175.4,0.32
3.5,1.5,95,1,250,long,82,55,27,67.1,1082.7,1192.5,0.91
3.5,1.5,95,1,250,short,76,44,32,57.9,-386.9,1298.3,-0.3
3.5,1.5,95,2,250,both,158,99,59,62.7,695.8,2175.4,0.32
3.5,1.5,95,2,250,long,82,55,27,67.1,1082.7,1192.5,0.91
3.5,1.5,95,2,250,short,76,44,32,57.9,-386.9,1298.3,-0.3
3.5,1.5,95,3,250,both,158,99,59,62.7,695.8,2175.4,0.32
3.5,1.5,95,3,250,long,82,55,27,67.1,1082.7,1192.5,0.91
3.5,1.5,95,3,250,short,76,44,32,57.9,-386.9,1298.3,-0.3
3.5,1.5,95,4,250,both,157,98,59,62.4,680.5,2175.4,0.31
3.5,1.5,95,4,250,long,81,54,27,66.7,1067.4,1192.5,0.9
3.5,1.5,95,4,250,short,76,44,32,57.9,-386.9,1298.3,-0.3
3.5,2.0,55,1,250,both,157,112,45,71.3,1212.7,2411.6,0.5
3.5,2.0,55,1,250,long,81,60,21,74.1,1480.9,1403.2,1.06
3.5,2.0,55,1,250,short,76,52,24,68.4,-268.2,1457.1,-0.18
3.5,2.0,55,2,250,both,157,112,45,71.3,1212.7,2411.6,0.5
3.5,2.0,55,2,250,long,81,60,21,74.1,1480.9,1403.2,1.06
3.5,2.0,55,2,250,short,76,52,24,68.4,-268.2,1457.1,-0.18
3.5,2.0,55,3,250,both,156,111,45,71.2,1125.6,2515.9,0.45
3.5,2.0,55,3,250,long,81,60,21,74.1,1498.1,1398.2,1.07
3.5,2.0,55,3,250,short,75,51,24,68.0,-372.5,1561.4,-0.24
3.5,2.0,55,4,250,both,154,109,45,70.8,1041.1,2542.8,0.41
3.5,2.0,55,4,250,long,79,58,21,73.4,1413.6,1455.2,0.97
3.5,2.0,55,4,250,short,75,51,24,68.0,-372.5,1561.4,-0.24
3.5,2.0,65,1,250,both,154,108,46,70.1,1583.4,2339.1,0.68
3.5,2.0,65,1,250,long,79,59,20,74.7,1616.0,1413.1,1.14
3.5,2.0,65,1,250,short,75,49,26,65.3,-32.6,1525.3,-0.02
3.5,2.0,65,2,250,both,154,108,46,70.1,1583.4,2339.1,0.68
3.5,2.0,65,2,250,long,79,59,20,74.7,1616.0,1413.1,1.14
3.5,2.0,65,2,250,short,75,49,26,65.3,-32.6,1525.3,-0.02
3.5,2.0,65,3,250,both,154,108,46,70.1,1583.4,2339.1,0.68
3.5,2.0,65,3,250,long,79,59,20,74.7,1616.0,1413.1,1.14
3.5,2.0,65,3,250,short,75,49,26,65.3,-32.6,1525.3,-0.02
3.5,2.0,65,4,250,both,153,107,46,69.9,1568.1,2339.1,0.67
3.5,2.0,65,4,250,long,78,58,20,74.4,1600.7,1413.1,1.13
3.5,2.0,65,4,250,short,75,49,26,65.3,-32.6,1525.3,-0.02
3.5,2.0,75,1,250,both,154,107,47,69.5,1644.2,2307.8,0.71
3.5,2.0,75,1,250,long,79,59,20,74.7,1661.4,1413.1,1.18
3.5,2.0,75,1,250,short,75,48,27,64.0,-17.2,1332.2,-0.01
3.5,2.0,75,2,250,both,154,107,47,69.5,1644.2,2307.8,0.71
3.5,2.0,75,2,250,long,79,59,20,74.7,1661.4,1413.1,1.18
3.5,2.0,75,2,250,short,75,48,27,64.0,-17.2,1332.2,-0.01
3.5,2.0,75,3,250,both,154,107,47,69.5,1644.2,2307.8,0.71
3.5,2.0,75,3,250,long,79,59,20,74.7,1661.4,1413.1,1.18
3.5,2.0,75,3,250,short,75,48,27,64.0,-17.2,1332.2,-0.01
3.5,2.0,75,4,250,both,153,106,47,69.3,1628.9,2307.8,0.71
3.5,2.0,75,4,250,long,78,58,20,74.4,1646.1,1413.1,1.16
3.5,2.0,75,4,250,short,75,48,27,64.0,-17.2,1332.2,-0.01
3.5,2.0,85,1,250,both,154,105,49,68.2,1303.8,2307.8,0.56
3.5,2.0,85,1,250,long,79,57,22,72.2,1321.0,1413.1,0.93
3.5,2.0,85,1,250,short,75,48,27,64.0,-17.2,1332.2,-0.01
3.5,2.0,85,2,250,both,154,105,49,68.2,1303.8,2307.8,0.56
3.5,2.0,85,2,250,long,79,57,22,72.2,1321.0,1413.1,0.93
3.5,2.0,85,2,250,short,75,48,27,64.0,-17.2,1332.2,-0.01
3.5,2.0,85,3,250,both,154,105,49,68.2,1303.8,2307.8,0.56
3.5,2.0,85,3,250,long,79,57,22,72.2,1321.0,1413.1,0.93
3.5,2.0,85,3,250,short,75,48,27,64.0,-17.2,1332.2,-0.01
3.5,2.0,85,4,250,both,153,104,49,68.0,1288.5,2307.8,0.56
3.5,2.0,85,4,250,long,78,56,22,71.8,1305.7,1413.1,0.92
3.5,2.0,85,4,250,short,75,48,27,64.0,-17.2,1332.2,-0.01
3.5,2.0,95,1,250,both,154,104,50,67.5,1057.7,2307.8,0.46
3.5,2.0,95,1,250,long,79,56,23,70.9,1052.1,1413.1,0.74
3.5,2.0,95,1,250,short,75,48,27,64.0,5.6,1332.2,0.0
3.5,2.0,95,2,250,both,154,104,50,67.5,1057.7,2307.8,0.46
3.5,2.0,95,2,250,long,79,56,23,70.9,1052.1,1413.1,0.74
3.5,2.0,95,2,250,short,75,48,27,64.0,5.6,1332.2,0.0
3.5,2.0,95,3,250,both,154,104,50,67.5,1057.7,2307.8,0.46
3.5,2.0,95,3,250,long,79,56,23,70.9,1052.1,1413.1,0.74
3.5,2.0,95,3,250,short,75,48,27,64.0,5.6,1332.2,0.0
3.5,2.0,95,4,250,both,153,103,50,67.3,1042.4,2307.8,0.45
3.5,2.0,95,4,250,long,78,55,23,70.5,1036.8,1413.1,0.73
3.5,2.0,95,4,250,short,75,48,27,64.0,5.6,1332.2,0.0
3.5,0.5,55,1,300,both,174,83,91,47.7,1373.1,829.4,1.66
3.5,0.5,55,1,300,long,91,46,45,50.5,1153.5,408.1,2.83
3.5,0.5,55,1,300,short,83,37,46,44.6,219.6,630.4,0.35
3.5,0.5,55,2,300,both,174,83,91,47.7,1373.1,829.4,1.66
3.5,0.5,55,2,300,long,91,46,45,50.5,1153.5,408.1,2.83
3.5,0.5,55,2,300,short,83,37,46,44.6,219.6,630.4,0.35
3.5,0.5,55,3,300,both,173,82,91,47.4,1286.0,900.0,1.43
3.5,0.5,55,3,300,long,91,46,45,50.5,1170.7,399.2,2.93
3.5,0.5,55,3,300,short,82,36,46,43.9,115.3,726.8,0.16
3.5,0.5,55,4,300,both,171,80,91,46.8,1201.5,969.2,1.24
3.5,0.5,55,4,300,long,89,44,45,49.4,1086.2,460.1,2.36
3.5,0.5,55,4,300,short,82,36,46,43.9,115.3,726.8,0.16
3.5,0.5,65,1,300,both,171,79,92,46.2,2173.3,854.3,2.54
3.5,0.5,65,1,300,long,89,44,45,49.4,1075.8,535.2,2.01
3.5,0.5,65,1,300,short,82,35,47,42.7,1097.5,510.5,2.15
3.5,0.5,65,2,300,both,171,79,92,46.2,2173.3,854.3,2.54
3.5,0.5,65,2,300,long,89,44,45,49.4,1075.8,535.2,2.01
3.5,0.5,65,2,300,short,82,35,47,42.7,1097.5,510.5,2.15
3.5,0.5,65,3,300,both,171,79,92,46.2,2173.3,854.3,2.54
3.5,0.5,65,3,300,long,89,44,45,49.4,1075.8,535.2,2.01
3.5,0.5,65,3,300,short,82,35,47,42.7,1097.5,510.5,2.15
3.5,0.5,65,4,300,both,170,78,92,45.9,2158.0,854.3,2.53
3.5,0.5,65,4,300,long,88,43,45,48.9,1060.5,535.2,1.98
3.5,0.5,65,4,300,short,82,35,47,42.7,1097.5,510.5,2.15
3.5,0.5,75,1,300,both,171,79,92,46.2,2474.0,720.1,3.44
3.5,0.5,75,1,300,long,89,44,45,49.4,1121.2,535.2,2.09
3.5,0.5,75,1,300,short,82,35,47,42.7,1352.8,392.9,3.44
3.5,0.5,75,2,300,both,171,79,92,46.2,2474.0,720.1,3.44
3.5,0.5,75,2,300,long,89,44,45,49.4,1121.2,535.2,2.09
3.5,0.5,75,2,300,short,82,35,47,42.7,1352.8,392.9,3.44
3.5,0.5,75,3,300,both,171,79,92,46.2,2474.0,720.1,3.44
3.5,0.5,75,3,300,long,89,44,45,49.4,1121.2,535.2,2.09
3.5,0.5,75,3,300,short,82,35,47,42.7,1352.8,392.9,3.44
3.5,0.5,75,4,300,both,169,77,92,45.6,2387.9,724.9,3.29
3.5,0.5,75,4,300,long,88,43,45,48.9,1105.9,535.2,2.07
3.5,0.5,75,4,300,short,81,34,47,42.0,1282.0,392.9,3.26
3.5,0.5,85,1,300,both,171,78,93,45.6,2521.3,720.1,3.5
3.5,0.5,85,1,300,long,89,43,46,48.3,1168.5,535.2,2.18
3.5,0.5,85,1,300,short,82,35,47,42.7,1352.8,392.9,3.44
3.5,0.5,85,2,300,both,171,78,93,45.6,2521.3,720.1,3.5
3.5,0.5,85,2,300,long,89,43,46,48.3,1168.5,535.2,2.18
3.5,0.5,85,2,300,short,82,35,47,42.7,1352.8,392.9,3.44
3.5,0.5,85,3,300,both,171,78,93,45.6,2521.3,720.1,3.5
3.5,0.5,85,3,300,long,89,43,46,48.3,1168.5,535.2,2.18
3.5,0.5,85,3,300,short,82,35,47,42.7,1352.8,392.9,3.44
3.5,0.5,85,4,300,both,169,76,93,45.0,2435.2,724.9,3.36
3.5,0.5,85,4,300,long,88,42,46,47.7,1153.2,535.2,2.15
3.5,0.5,85,4,300,short,81,34,47,42.0,1282.0,392.9,3.26
3.5,0.5,95,1,300,both,170,77,93,45.3,2510.9,726.6,3.46
3.5,0.5,95,1,300,long,89,43,46,48.3,1207.8,535.2,2.26
3.5,0.5,95,1,300,short,81,34,47,42.0,1303.1,392.9,3.32
3.5,0.5,95,2,300,both,170,77,93,45.3,2510.9,726.6,3.46
3.5,0.5,95,2,300,long,89,43,46,48.3,1207.8,535.2,2.26
3.5,0.5,95,2,300,short,81,34,47,42.0,1303.1,392.9,3.32
3.5,0.5,95,3,300,both,170,77,93,45.3,2510.9,726.6,3.46
3.5,0.5,95,3,300,long,89,43,46,48.3,1207.8,535.2,2.26
3.5,0.5,95,3,300,short,81,34,47,42.0,1303.1,392.9,3.32
3.5,0.5,95,4,300,both,169,76,93,45.0,2495.6,726.6,3.43
3.5,0.5,95,4,300,long,88,42,46,47.7,1192.5,535.2,2.23
3.5,0.5,95,4,300,short,81,34,47,42.0,1303.1,392.9,3.32
3.5,0.75,55,1,300,both,171,93,78,54.4,999.1,1572.5,0.64
3.5,0.75,55,1,300,long,89,52,37,58.4,1205.8,577.9,2.09
3.5,0.75,55,1,300,short,82,41,41,50.0,-206.7,1037.3,-0.2
3.5,0.75,55,2,300,both,171,93,78,54.4,999.1,1572.5,0.64
3.5,0.75,55,2,300,long,89,52,37,58.4,1205.8,577.9,2.09
3.5,0.75,55,2,300,short,82,41,41,50.0,-206.7,1037.3,-0.2
3.5,0.75,55,3,300,both,170,92,78,54.1,912.0,1659.6,0.55
3.5,0.75,55,3,300,long,89,52,37,58.4,1223.0,574.2,2.13
3.5,0.75,55,3,300,short,81,40,41,49.4,-311.0,1141.6,-0.27
3.5,0.75,55,4,300,both,168,90,78,53.6,827.5,1728.8,0.48
3.5,0.75,55,4,300,long,87,50,37,57.5,1138.5,629.9,1.81
3.5,0.75,55,4,300,short,81,40,41,49.4,-311.0,1141.6,-0.27
3.5,0.75,65,1,300,both,168,90,78,53.6,1879.8,1364.2,1.38
3.5,0.75,65,1,300,long,87,51,36,58.6,1233.6,624.5,1.98
3.5,0.75,65,1,300,short,81,39,42,48.1,646.2,862.0,0.75
3.5,0.75,65,2,300,both,168,90,78,53.6,1879.8,1364.2,1.38
3.5,0.75,65,2,300,long,87,51,36,58.6,1233.6,624.5,1.98
3.5,0.75,65,2,300,short,81,39,42,48.1,646.2,862.0,0.75
3.5,0.75,65,3,300,both,168,90,78,53.6,1879.8,1364.2,1.38
3.5,0.75,65,3,300,long,87,51,36,58.6,1233.6,624.5,1.98
3.5,0.75,65,3,300,short,81,39,42,48.1,646.2,862.0,0.75
3.5,0.75,65,4,300,both,167,89,78,53.3,1864.5,1364.2,1.37
3.5,0.75,65,4,300,long,86,50,36,58.1,1218.3,624.5,1.95
3.5,0.75,65,4,300,short,81,39,42,48.1,646.2,862.0,0.75
3.5,0.75,75,1,300,both,168,90,78,53.6,2180.5,1184.1,1.84
3.5,0.75,75,1,300,long,87,51,36,58.6,1279.0,624.5,2.05
3.5,0.75,75,1,300,short,81,39,42,48.1,901.5,715.5,1.26
3.5,0.75,75,2,300,both,168,90,78,53.6,2180.5,1184.1,1.84
3.5,0.75,75,2,300,long,87,51,36,58.6,1279.0,624.5,2.05
3.5,0.75,75,2,300,short,81,39,42,48.1,901.5,715.5,1.26
3.5,0.75,75,3,300,both,168,90,78,53.6,2180.5,1184.1,1.84
3.5,0.75,75,3,300,long,87,51,36,58.6,1279.0,624.5,2.05
3.5,0.75,75,3,300,short,81,39,42,48.1,901.5,715.5,1.26
3.5,0.75,75,4,300,both,166,88,78,53.0,2094.4,1254.9,1.67
3.5,0.75,75,4,300,long,86,50,36,58.1,1263.7,624.5,2.02
3.5,0.75,75,4,300,short,80,38,42,47.5,830.7,786.3,1.06
3.5,0.75,85,1,300,both,168,89,79,53.0,2202.8,1184.1,1.86
3.5,0.75,85,1,300,long,87,50,37,57.5,1301.3,624.5,2.08
3.5,0.75,85,1,300,short,81,39,42,48.1,901.5,715.5,1.26
3.5,0.75,85,2,300,both,168,89,79,53.0,2202.8,1184.1,1.86
3.5,0.75,85,2,300,long,87,50,37,57.5,1301.3,624.5,2.08
3.5,0.75,85,2,300,short,81,39,42,48.1,901.5,715.5,1.26
3.5,0.75,85,3,300,both,168,89,79,53.0,2202.8,1184.1,1.86
3.5,0.75,85,3,300,long,87,50,37,57.5,1301.3,624.5,2.08
3.5,0.75,85,3,300,short,81,39,42,48.1,901.5,715.5,1.26
3.5,0.75,85,4,300,both,166,87,79,52.4,2116.7,1254.9,1.69
3.5,0.75,85,4,300,long,86,49,37,57.0,1286.0,624.5,2.06
3.5,0.75,85,4,300,short,80,38,42,47.5,830.7,786.3,1.06
3.5,0.75,95,1,300,both,167,87,80,52.1,2009.2,1256.6,1.6
3.5,0.75,95,1,300,long,87,49,38,56.3,1157.4,624.5,1.85
3.5,0.75,95,1,300,short,80,38,42,47.5,851.8,788.0,1.08
3.5,0.75,95,2,300,both,167,87,80,52.1,2009.2,1256.6,1.6
3.5,0.75,95,2,300,long,87,49,38,56.3,1157.4,624.5,1.85
3.5,0.75,95,2,300,short,80,38,42,47.5,851.8,788.0,1.08
3.5,0.75,95,3,300,both,167,87,80,52.1,2009.2,1256.6,1.6
3.5,0.75,95,3,300,long,87,49,38,56.3,1157.4,624.5,1.85
3.5,0.75,95,3,300,short,80,38,42,47.5,851.8,788.0,1.08
3.5,0.75,95,4,300,both,166,86,80,51.8,1993.9,1256.6,1.59
3.5,0.75,95,4,300,long,86,48,38,55.8,1142.1,624.5,1.83
3.5,0.75,95,4,300,short,80,38,42,47.5,851.8,788.0,1.08
3.5,1.0,55,1,300,both,171,104,67,60.8,1877.2,1134.3,1.65
3.5,1.0,55,1,300,long,89,58,31,65.2,1749.2,759.6,2.3
3.5,1.0,55,1,300,short,82,46,36,56.1,128.0,985.8,0.13
3.5,1.0,55,2,300,both,171,104,67,60.8,1877.2,1134.3,1.65
3.5,1.0,55,2,300,long,89,58,31,65.2,1749.2,759.6,2.3
3.5,1.0,55,2,300,short,82,46,36,56.1,128.0,985.8,0.13
3.5,1.0,55,3,300,both,170,103,67,60.6,1790.1,1221.4,1.47
3.5,1.0,55,3,300,long,89,58,31,65.2,1766.4,759.6,2.33
3.5,1.0,55,3,300,short,81,45,36,55.6,23.7,1003.6,0.02
3.5,1.0,55,4,300,both,168,101,67,60.1,1705.6,1290.6,1.32
3.5,1.0,55,4,300,long,87,56,31,64.4,1681.9,759.6,2.21
3.5,1.0,55,4,300,short,81,45,36,55.6,23.7,1003.6,0.02
3.5,1.0,65,1,300,both,168,101,67,60.1,2757.9,1053.6,2.62
3.5,1.0,65,1,300,long,87,57,30,65.5,1802.0,731.5,2.46
3.5,1.0,65,1,300,short,81,44,37,54.3,955.9,865.9,1.1
3.5,1.0,65,2,300,both,168,101,67,60.1,2757.9,1053.6,2.62
3.5,1.0,65,2,300,long,87,57,30,65.5,1802.0,731.5,2.46
3.5,1.0,65,2,300,short,81,44,37,54.3,955.9,865.9,1.1
3.5,1.0,65,3,300,both,168,101,67,60.1,2757.9,1053.6,2.62
3.5,1.0,65,3,300,long,87,57,30,65.5,1802.0,731.5,2.46
3.5,1.0,65,3,300,short,81,44,37,54.3,955.9,865.9,1.1
3.5,1.0,65,4,300,both,167,100,67,59.9,2742.6,1053.6,2.6
3.5,1.0,65,4,300,long,86,56,30,65.1,1786.7,731.5,2.44
3.5,1.0,65,4,300,short,81,44,37,54.3,955.9,865.9,1.1
3.5,1.0,75,1,300,both,168,101,67,60.1,3058.6,991.0,3.09
3.5,1.0,75,1,300,long,87,57,30,65.5,1847.4,731.5,2.53
3.5,1.0,75,1,300,short,81,44,37,54.3,1211.2,748.3,1.62
3.5,1.0,75,2,300,both,168,101,67,60.1,3058.6,991.0,3.09
3.5,1.0,75,2,300,long,87,57,30,65.5,1847.4,731.5,2.53
3.5,1.0,75,2,300,short,81,44,37,54.3,1211.2,748.3,1.62
3.5,1.0,75,3,300,both,168,101,67,60.1,3058.6,991.0,3.09
3.5,1.0,75,3,300,long,87,57,30,65.5,1847.4,731.5,2.53
3.5,1.0,75,3,300,short,81,44,37,54.3,1211.2,748.3,1.62
3.5,1.0,75,4,300,both,166,99,67,59.6,2972.5,1005.8,2.96
3.5,1.0,75,4,300,long,86,56,30,65.1,1832.1,731.5,2.5
3.5,1.0,75,4,300,short,80,43,37,53.8,1140.4,748.3,1.52
3.5,1.0,85,1,300,both,167,99,68,59.3,3060.3,991.0,3.09
3.5,1.0,85,1,300,long,87,55,32,63.2,1707.0,731.5,2.33
3.5,1.0,85,1,300,short,80,44,36,55.0,1353.3,748.3,1.81
3.5,1.0,85,2,300,both,167,99,68,59.3,3060.3,991.0,3.09
3.5,1.0,85,2,300,long,87,55,32,63.2,1707.0,731.5,2.33
3.5,1.0,85,2,300,short,80,44,36,55.0,1353.3,748.3,1.81
3.5,1.0,85,3,300,both,167,99,68,59.3,3060.3,991.0,3.09
3.5,1.0,85,3,300,long,87,55,32,63.2,1707.0,731.5,2.33
3.5,1.0,85,3,300,short,80,44,36,55.0,1353.3,748.3,1.81
3.5,1.0,85,4,300,both,165,97,68,58.8,2974.2,991.0,3.0
3.5,1.0,85,4,300,long,86,54,32,62.8,1691.7,731.5,2.31
3.5,1.0,85,4,300,short,79,43,36,54.4,1282.5,748.3,1.71
3.5,1.0,95,1,300,both,166,97,69,58.4,2841.7,991.0,2.87
3.5,1.0,95,1,300,long,87,54,33,62.1,1538.1,731.5,2.1
3.5,1.0,95,1,300,short,79,43,36,54.4,1303.6,748.3,1.74
3.5,1.0,95,2,300,both,166,97,69,58.4,2841.7,991.0,2.87
3.5,1.0,95,2,300,long,87,54,33,62.1,1538.1,731.5,2.1
3.5,1.0,95,2,300,short,79,43,36,54.4,1303.6,748.3,1.74
3.5,1.0,95,3,300,both,166,97,69,58.4,2841.7,991.0,2.87
3.5,1.0,95,3,300,long,87,54,33,62.1,1538.1,731.5,2.1
3.5,1.0,95,3,300,short,79,43,36,54.4,1303.6,748.3,1.74
3.5,1.0,95,4,300,both,165,96,69,58.2,2826.4,991.0,2.85
3.5,1.0,95,4,300,long,86,53,33,61.6,1522.8,731.5,2.08
3.5,1.0,95,4,300,short,79,43,36,54.4,1303.6,748.3,1.74
3.5,1.25,55,1,300,both,170,107,63,62.9,862.3,2273.8,0.38
3.5,1.25,55,1,300,long,89,60,29,67.4,1534.4,1059.6,1.45
3.5,1.25,55,1,300,short,81,47,34,58.0,-672.1,1640.5,-0.41
3.5,1.25,55,2,300,both,170,107,63,62.9,862.3,2273.8,0.38
3.5,1.25,55,2,300,long,89,60,29,67.4,1534.4,1059.6,1.45
3.5,1.25,55,2,300,short,81,47,34,58.0,-672.1,1640.5,-0.41
3.5,1.25,55,3,300,both,169,106,63,62.7,775.2,2360.9,0.33
3.5,1.25,55,3,300,long,89,60,29,67.4,1551.6,1059.6,1.46
3.5,1.25,55,3,300,short,80,46,34,57.5,-776.4,1744.8,-0.44
3.5,1.25,55,4,300,both,167,104,63,62.3,690.7,2430.1,0.28
3.5,1.25,55,4,300,long,87,58,29,66.7,1467.1,1059.6,1.38
3.5,1.25,55,4,300,short,80,46,34,57.5,-776.4,1744.8,-0.44
3.5,1.25,65,1,300,both,167,104,63,62.3,1743.0,2015.5,0.86
3.5,1.25,65,1,300,long,87,59,28,67.8,1612.2,955.7,1.69
3.5,1.25,65,1,300,short,80,45,35,56.2,130.8,1465.2,0.09
3.5,1.25,65,2,300,both,167,104,63,62.3,1743.0,2015.5,0.86
3.5,1.25,65,2,300,long,87,59,28,67.8,1612.2,955.7,1.69
3.5,1.25,65,2,300,short,80,45,35,56.2,130.8,1465.2,0.09
3.5,1.25,65,3,300,both,167,104,63,62.3,1743.0,2015.5,0.86
3.5,1.25,65,3,300,long,87,59,28,67.8,1612.2,955.7,1.69
3.5,1.25,65,3,300,short,80,45,35,56.2,130.8,1465.2,0.09
3.5,1.25,65,4,300,both,166,103,63,62.0,1727.7,2015.5,0.86
3.5,1.25,65,4,300,long,86,58,28,67.4,1596.9,955.7,1.67
3.5,1.25,65,4,300,short,80,45,35,56.2,130.8,1465.2,0.09
3.5,1.25,75,1,300,both,167,103,64,61.7,1879.6,1865.8,1.01
3.5,1.25,75,1,300,long,87,59,28,67.8,1657.6,955.7,1.73
3.5,1.25,75,1,300,short,80,44,36,55.0,222.0,1236.2,0.18
3.5,1.25,75,2,300,both,167,103,64,61.7,1879.6,1865.8,1.01
3.5,1.25,75,2,300,long,87,59,28,67.8,1657.6,955.7,1.73
3.5,1.25,75,2,300,short,80,44,36,55.0,222.0,1236.2,0.18
3.5,1.25,75,3,300,both,167,103,64,61.7,1879.6,1865.8,1.01
3.5,1.25,75,3,300,long,87,59,28,67.8,1657.6,955.7,1.73
3.5,1.25,75,3,300,short,80,44,36,55.0,222.0,1236.2,0.18
3.5,1.25,75,4,300,both,165,101,64,61.2,1793.5,1936.6,0.93
3.5,1.25,75,4,300,long,86,58,28,67.4,1642.3,955.7,1.72
3.5,1.25,75,4,300,short,79,43,36,54.4,151.2,1307.0,0.12
3.5,1.25,85,1,300,both,167,101,66,60.5,1689.2,1865.8,0.91
3.5,1.25,85,1,300,long,87,57,30,65.5,1467.2,955.7,1.54
3.5,1.25,85,1,300,short,80,44,36,55.0,222.0,1236.2,0.18
3.5,1.25,85,2,300,both,167,101,66,60.5,1689.2,1865.8,0.91
3.5,1.25,85,2,300,long,87,57,30,65.5,1467.2,955.7,1.54
3.5,1.25,85,2,300,short,80,44,36,55.0,222.0,1236.2,0.18
3.5,1.25,85,3,300,both,167,101,66,60.5,1689.2,1865.8,0.91
3.5,1.25,85,3,300,long,87,57,30,65.5,1467.2,955.7,1.54
3.5,1.25,85,3,300,short,80,44,36,55.0,222.0,1236.2,0.18
3.5,1.25,85,4,300,both,165,99,66,60.0,1603.1,1936.6,0.83
3.5,1.25,85,4,300,long,86,56,30,65.1,1451.9,955.7,1.52
3.5,1.25,85,4,300,short,79,43,36,54.4,151.2,1307.0,0.12
3.5,1.25,95,1,300,both,166,99,67,59.6,1445.6,1938.3,0.75
3.5,1.25,95,1,300,long,87,56,31,64.4,1273.3,955.7,1.33
3.5,1.25,95,1,300,short,79,43,36,54.4,172.3,1308.7,0.13
3.5,1.25,95,2,300,both,166,99,67,59.6,1445.6,1938.3,0.75
3.5,1.25,95,2,300,long,87,56,31,64.4,1273.3,955.7,1.33
3.5,1.25,95,2,300,short,79,43,36,54.4,172.3,1308.7,0.13
3.5,1.25,95,3,300,both,166,99,67,59.6,1445.6,1938.3,0.75
3.5,1.25,95,3,300,long,87,56,31,64.4,1273.3,955.7,1.33
3.5,1.25,95,3,300,short,79,43,36,54.4,172.3,1308.7,0.13
3.5,1.25,95,4,300,both,165,98,67,59.4,1430.3,1938.3,0.74
3.5,1.25,95,4,300,long,86,55,31,64.0,1258.0,955.7,1.32
3.5,1.25,95,4,300,short,79,43,36,54.4,172.3,1308.7,0.13
3.5,1.5,55,1,300,both,169,109,60,64.5,55.8,2935.6,0.02
3.5,1.5,55,1,300,long,88,60,28,68.2,1134.0,1302.6,0.87
3.5,1.5,55,1,300,short,81,49,32,60.5,-1078.2,2079.3,-0.52
3.5,1.5,55,2,300,both,169,109,60,64.5,55.8,2935.6,0.02
3.5,1.5,55,2,300,long,88,60,28,68.2,1134.0,1302.6,0.87
3.5,1.5,55,2,300,short,81,49,32,60.5,-1078.2,2079.3,-0.52
3.5,1.5,55,3,300,both,168,108,60,64.3,-31.3,3022.7,-0.01
3.5,1.5,55,3,300,long,88,60,28,68.2,1151.2,1302.6,0.88
3.5,1.5,55,3,300,short,80,48,32,60.0,-1182.5,2183.6,-0.54
3.5,1.5,55,4,300,both,166,106,60,63.9,-115.8,3091.9,-0.04
3.5,1.5,55,4,300,long,86,58,28,67.4,1066.7,1309.6,0.81
3.5,1.5,55,4,300,short,80,48,32,60.0,-1182.5,2183.6,-0.54
3.5,1.5,65,1,300,both,166,106,60,63.9,936.5,2652.3,0.35
3.5,1.5,65,1,300,long,86,59,27,68.6,1236.8,1168.0,1.06
3.5,1.5,65,1,300,short,80,47,33,58.8,-300.3,1904.0,-0.16
3.5,1.5,65,2,300,both,166,106,60,63.9,936.5,2652.3,0.35
3.5,1.5,65,2,300,long,86,59,27,68.6,1236.8,1168.0,1.06
3.5,1.5,65,2,300,short,80,47,33,58.8,-300.3,1904.0,-0.16
3.5,1.5,65,3,300,both,166,106,60,63.9,936.5,2652.3,0.35
3.5,1.5,65,3,300,long,86,59,27,68.6,1236.8,1168.0,1.06
3.5,1.5,65,3,300,short,80,47,33,58.8,-300.3,1904.0,-0.16
3.5,1.5,65,4,300,both,165,105,60,63.6,921.2,2652.3,0.35
3.5,1.5,65,4,300,long,85,58,27,68.2,1221.5,1168.0,1.05
3.5,1.5,65,4,300,short,80,47,33,58.8,-300.3,1904.0,-0.16
3.5,1.5,75,1,300,both,166,105,61,63.3,1048.1,2502.6,0.42
3.5,1.5,75,1,300,long,86,59,27,68.6,1282.2,1168.0,1.1
3.5,1.5,75,1,300,short,80,46,34,57.5,-234.1,1650.0,-0.14
3.5,1.5,75,2,300,both,166,105,61,63.3,1048.1,2502.6,0.42
3.5,1.5,75,2,300,long,86,59,27,68.6,1282.2,1168.0,1.1
3.5,1.5,75,2,300,short,80,46,34,57.5,-234.1,1650.0,-0.14
3.5,1.5,75,3,300,both,166,105,61,63.3,1048.1,2502.6,0.42
3.5,1.5,75,3,300,long,86,59,27,68.6,1282.2,1168.0,1.1
3.5,1.5,75,3,300,short,80,46,34,57.5,-234.1,1650.0,-0.14
3.5,1.5,75,4,300,both,164,103,61,62.8,962.0,2573.4,0.37
3.5,1.5,75,4,300,long,85,58,27,68.2,1266.9,1168.0,1.08
3.5,1.5,75,4,300,short,79,45,34,57.0,-304.9,1720.8,-0.18
3.5,1.5,85,1,300,both,166,103,63,62.0,807.7,2502.6,0.32
3.5,1.5,85,1,300,long,86,57,29,66.3,1041.8,1168.0,0.89
3.5,1.5,85,1,300,short,80,46,34,57.5,-234.1,1650.0,-0.14
3.5,1.5,85,2,300,both,166,103,63,62.0,807.7,2502.6,0.32
3.5,1.5,85,2,300,long,86,57,29,66.3,1041.8,1168.0,0.89
3.5,1.5,85,2,300,short,80,46,34,57.5,-234.1,1650.0,-0.14
3.5,1.5,85,3,300,both,166,103,63,62.0,807.7,2502.6,0.32
3.5,1.5,85,3,300,long,86,57,29,66.3,1041.8,1168.0,0.89
3.5,1.5,85,3,300,short,80,46,34,57.5,-234.1,1650.0,-0.14
3.5,1.5,85,4,300,both,164,101,63,61.6,721.6,2573.4,0.28
3.5,1.5,85,4,300,long,85,56,29,65.9,1026.5,1168.0,0.88
3.5,1.5,85,4,300,short,79,45,34,57.0,-304.9,1720.8,-0.18
3.5,1.5,95,1,300,both,165,101,64,61.2,539.1,2575.1,0.21
3.5,1.5,95,1,300,long,86,56,30,65.1,822.9,1168.0,0.7
3.5,1.5,95,1,300,short,79,45,34,57.0,-283.8,1722.5,-0.16
3.5,1.5,95,2,300,both,165,101,64,61.2,539.1,2575.1,0.21
3.5,1.5,95,2,300,long,86,56,30,65.1,822.9,1168.0,0.7
3.5,1.5,95,2,300,short,79,45,34,57.0,-283.8,1722.5,-0.16
3.5,1.5,95,3,300,both,165,101,64,61.2,539.1,2575.1,0.21
3.5,1.5,95,3,300,long,86,56,30,65.1,822.9,1168.0,0.7
3.5,1.5,95,3,300,short,79,45,34,57.0,-283.8,1722.5,-0.16
3.5,1.5,95,4,300,both,164,100,64,61.0,523.8,2575.1,0.2
3.5,1.5,95,4,300,long,85,55,30,64.7,807.6,1168.0,0.69
3.5,1.5,95,4,300,short,79,45,34,57.0,-283.8,1722.5,-0.16
3.5,2.0,55,1,300,both,164,115,49,70.1,897.8,2864.1,0.31
3.5,2.0,55,1,300,long,84,61,23,72.6,1524.8,1403.2,1.09
3.5,2.0,55,1,300,short,80,54,26,67.5,-627.0,1886.5,-0.33
3.5,2.0,55,2,300,both,164,115,49,70.1,897.8,2864.1,0.31
3.5,2.0,55,2,300,long,84,61,23,72.6,1524.8,1403.2,1.09
3.5,2.0,55,2,300,short,80,54,26,67.5,-627.0,1886.5,-0.33
3.5,2.0,55,3,300,both,163,114,49,69.9,810.7,2968.4,0.27
3.5,2.0,55,3,300,long,84,61,23,72.6,1542.0,1398.2,1.1
3.5,2.0,55,3,300,short,79,53,26,67.1,-731.3,1990.8,-0.37
3.5,2.0,55,4,300,both,161,112,49,69.6,726.2,2995.3,0.24
3.5,2.0,55,4,300,long,82,59,23,72.0,1457.5,1455.2,1.0
3.5,2.0,55,4,300,short,79,53,26,67.1,-731.3,1990.8,-0.37
3.5,2.0,65,1,300,both,161,111,50,68.9,1702.1,2791.6,0.61
3.5,2.0,65,1,300,long,82,60,22,73.2,1659.9,1413.1,1.17
3.5,2.0,65,1,300,short,79,51,28,64.6,42.2,1977.8,0.02
3.5,2.0,65,2,300,both,161,111,50,68.9,1702.1,2791.6,0.61
3.5,2.0,65,2,300,long,82,60,22,73.2,1659.9,1413.1,1.17
3.5,2.0,65,2,300,short,79,51,28,64.6,42.2,1977.8,0.02
3.5,2.0,65,3,300,both,161,111,50,68.9,1702.1,2791.6,0.61
3.5,2.0,65,3,300,long,82,60,22,73.2,1659.9,1413.1,1.17
3.5,2.0,65,3,300,short,79,51,28,64.6,42.2,1977.8,0.02
3.5,2.0,65,4,300,both,160,110,50,68.8,1686.8,2791.6,0.6
3.5,2.0,65,4,300,long,81,59,22,72.8,1644.6,1413.1,1.16
3.5,2.0,65,4,300,short,79,51,28,64.6,42.2,1977.8,0.02
3.5,2.0,75,1,300,both,161,110,51,68.3,1763.7,2759.5,0.64
3.5,2.0,75,1,300,long,82,60,22,73.2,1705.3,1413.1,1.21
3.5,2.0,75,1,300,short,79,50,29,63.3,58.4,1722.5,0.03
3.5,2.0,75,2,300,both,161,110,51,68.3,1763.7,2759.5,0.64
3.5,2.0,75,2,300,long,82,60,22,73.2,1705.3,1413.1,1.21
3.5,2.0,75,2,300,short,79,50,29,63.3,58.4,1722.5,0.03
3.5,2.0,75,3,300,both,161,110,51,68.3,1763.7,2759.5,0.64
3.5,2.0,75,3,300,long,82,60,22,73.2,1705.3,1413.1,1.21
3.5,2.0,75,3,300,short,79,50,29,63.3,58.4,1722.5,0.03
3.5,2.0,75,4,300,both,159,108,51,67.9,1677.6,2830.3,0.59
3.5,2.0,75,4,300,long,81,59,22,72.8,1690.0,1413.1,1.2
3.5,2.0,75,4,300,short,78,49,29,62.8,-12.4,1793.3,-0.01
3.5,2.0,85,1,300,both,161,108,53,67.1,1423.3,2759.5,0.52
3.5,2.0,85,1,300,long,82,58,24,70.7,1364.9,1413.1,0.97
3.5,2.0,85,1,300,short,79,50,29,63.3,58.4,1722.5,0.03
3.5,2.0,85,2,300,both,161,108,53,67.1,1423.3,2759.5,0.52
3.5,2.0,85,2,300,long,82,58,24,70.7,1364.9,1413.1,0.97
3.5,2.0,85,2,300,short,79,50,29,63.3,58.4,1722.5,0.03
3.5,2.0,85,3,300,both,161,108,53,67.1,1423.3,2759.5,0.52
3.5,2.0,85,3,300,long,82,58,24,70.7,1364.9,1413.1,0.97
3.5,2.0,85,3,300,short,79,50,29,63.3,58.4,1722.5,0.03
3.5,2.0,85,4,300,both,159,106,53,66.7,1337.2,2830.3,0.47
3.5,2.0,85,4,300,long,81,57,24,70.4,1349.6,1413.1,0.96
3.5,2.0,85,4,300,short,78,49,29,62.8,-12.4,1793.3,-0.01
3.5,2.0,95,1,300,both,160,106,54,66.2,1104.7,2832.0,0.39
3.5,2.0,95,1,300,long,82,57,25,69.5,1096.0,1413.1,0.78
3.5,2.0,95,1,300,short,78,49,29,62.8,8.7,1795.0,0.0
3.5,2.0,95,2,300,both,160,106,54,66.2,1104.7,2832.0,0.39
3.5,2.0,95,2,300,long,82,57,25,69.5,1096.0,1413.1,0.78
3.5,2.0,95,2,300,short,78,49,29,62.8,8.7,1795.0,0.0
3.5,2.0,95,3,300,both,160,106,54,66.2,1104.7,2832.0,0.39
3.5,2.0,95,3,300,long,82,57,25,69.5,1096.0,1413.1,0.78
3.5,2.0,95,3,300,short,78,49,29,62.8,8.7,1795.0,0.0
3.5,2.0,95,4,300,both,159,105,54,66.0,1089.4,2832.0,0.38
3.5,2.0,95,4,300,long,81,56,25,69.1,1080.7,1413.1,0.76
3.5,2.0,95,4,300,short,78,49,29,62.8,8.7,1795.0,0.0
3.75,0.5,55,1,100,both,101,52,49,51.5,2170.4,548.5,3.96
3.75,0.5,55,1,100,long,59,33,26,55.9,1600.1,497.1,3.22
3.75,0.5,55,1,100,short,42,19,23,45.2,570.3,398.5,1.43
3.75,0.5,55,2,100,both,101,52,49,51.5,2170.4,548.5,3.96
3.75,0.5,55,2,100,long,59,33,26,55.9,1600.1,497.1,3.22
3.75,0.5,55,2,100,short,42,19,23,45.2,570.3,398.5,1.43
3.75,0.5,55,3,100,both,98,50,48,51.0,2057.8,719.1,2.86
3.75,0.5,55,3,100,long,58,32,26,55.2,1543.4,553.8,2.79
3.75,0.5,55,3,100,short,40,18,22,45.0,514.4,398.5,1.29
3.75,0.5,55,4,100,both,98,50,48,51.0,2057.8,719.1,2.86
3.75,0.5,55,4,100,long,58,32,26,55.2,1543.4,553.8,2.79
3.75,0.5,55,4,100,short,40,18,22,45.0,514.4,398.5,1.29
3.75,0.5,65,1,100,both,99,49,50,49.5,2114.2,470.3,4.5
3.75,0.5,65,1,100,long,57,31,26,54.4,1601.1,515.9,3.1
3.75,0.5,65,1,100,short,42,18,24,42.9,513.1,398.5,1.29
3.75,0.5,65,2,100,both,99,49,50,49.5,2114.2,470.3,4.5
3.75,0.5,65,2,100,long,57,31,26,54.4,1601.1,515.9,3.1
3.75,0.5,65,2,100,short,42,18,24,42.9,513.1,398.5,1.29
3.75,0.5,65,3,100,both,98,49,49,50.0,2172.2,470.3,4.62
3.75,0.5,65,3,100,long,57,31,26,54.4,1601.1,515.9,3.1
3.75,0.5,65,3,100,short,41,18,23,43.9,571.1,398.5,1.43
3.75,0.5,65,4,100,both,98,49,49,50.0,2172.2,470.3,4.62
3.75,0.5,65,4,100,long,57,31,26,54.4,1601.1,515.9,3.1
3.75,0.5,65,4,100,short,41,18,23,43.9,571.1,398.5,1.43
3.75,0.5,75,1,100,both,99,48,51,48.5,2106.4,470.3,4.48
3.75,0.5,75,1,100,long,57,30,27,52.6,1565.2,515.9,3.03
3.75,0.5,75,1,100,short,42,18,24,42.9,541.2,370.4,1.46
3.75,0.5,75,2,100,both,99,48,51,48.5,2106.4,470.3,4.48
3.75,0.5,75,2,100,long,57,30,27,52.6,1565.2,515.9,3.03
3.75,0.5,75,2,100,short,42,18,24,42.9,541.2,370.4,1.46
3.75,0.5,75,3,100,both,98,48,50,49.0,2164.4,470.3,4.6
3.75,0.5,75,3,100,long,57,30,27,52.6,1565.2,515.9,3.03
3.75,0.5,75,3,100,short,41,18,23,43.9,599.2,370.4,1.62
3.75,0.5,75,4,100,both,98,48,50,49.0,2164.4,470.3,4.6
3.75,0.5,75,4,100,long,57,30,27,52.6,1565.2,515.9,3.03
3.75,0.5,75,4,100,short,41,18,23,43.9,599.2,370.4,1.62
3.75,0.5,85,1,100,both,99,48,51,48.5,2275.2,470.3,4.84
3.75,0.5,85,1,100,long,57,30,27,52.6,1734.0,515.9,3.36
3.75,0.5,85,1,100,short,42,18,24,42.9,541.2,370.4,1.46
3.75,0.5,85,2,100,both,99,48,51,48.5,2275.2,470.3,4.84
3.75,0.5,85,2,100,long,57,30,27,52.6,1734.0,515.9,3.36
3.75,0.5,85,2,100,short,42,18,24,42.9,541.2,370.4,1.46
3.75,0.5,85,3,100,both,98,48,50,49.0,2333.2,470.3,4.96
3.75,0.5,85,3,100,long,57,30,27,52.6,1734.0,515.9,3.36
3.75,0.5,85,3,100,short,41,18,23,43.9,599.2,370.4,1.62
3.75,0.5,85,4,100,both,98,48,50,49.0,2333.2,470.3,4.96
3.75,0.5,85,4,100,long,57,30,27,52.6,1734.0,515.9,3.36
3.75,0.5,85,4,100,short,41,18,23,43.9,599.2,370.4,1.62
3.75,0.5,95,1,100,both,99,46,53,46.5,2206.5,470.3,4.69
3.75,0.5,95,1,100,long,57,28,29,49.1,1665.3,515.9,3.23
3.75,0.5,95,1,100,short,42,18,24,42.9,541.2,370.4,1.46
3.75,0.5,95,2,100,both,99,46,53,46.5,2206.5,470.3,4.69
3.75,0.5,95,2,100,long,57,28,29,49.1,1665.3,515.9,3.23
3.75,0.5,95,2,100,short,42,18,24,42.9,541.2,370.4,1.46
3.75,0.5,95,3,100,both,98,46,52,46.9,2264.5,470.3,4.82
3.75,0.5,95,3,100,long,57,28,29,49.1,1665.3,515.9,3.23
3.75,0.5,95,3,100,short,41,18,23,43.9,599.2,370.4,1.62
3.75,0.5,95,4,100,both,98,46,52,46.9,2264.5,470.3,4.82
3.75,0.5,95,4,100,long,57,28,29,49.1,1665.3,515.9,3.23
3.75,0.5,95,4,100,short,41,18,23,43.9,599.2,370.4,1.62
3.75,0.75,55,1,100,both,101,58,43,57.4,1970.9,901.7,2.19
3.75,0.75,55,1,100,long,59,37,22,62.7,1632.6,648.0,2.52
3.75,0.75,55,1,100,short,42,21,21,50.0,338.3,576.1,0.59
3.75,0.75,55,2,100,both,101,58,43,57.4,1970.9,901.7,2.19
3.75,0.75,55,2,100,long,59,37,22,62.7,1632.6,648.0,2.52
3.75,0.75,55,2,100,short,42,21,21,50.0,338.3,576.1,0.59
3.75,0.75,55,3,100,both,98,56,42,57.1,1883.3,1015.6,1.85
3.75,0.75,55,3,100,long,58,36,22,62.1,1575.9,704.7,2.24
3.75,0.75,55,3,100,short,40,20,20,50.0,307.4,573.5,0.54
3.75,0.75,55,4,100,both,98,56,42,57.1,1883.3,1015.6,1.85
3.75,0.75,55,4,100,long,58,36,22,62.1,1575.9,704.7,2.24
3.75,0.75,55,4,100,short,40,20,20,50.0,307.4,573.5,0.54
3.75,0.75,65,1,100,both,99,56,43,56.6,1998.4,653.3,3.06
3.75,0.75,65,1,100,long,57,36,21,63.2,1742.3,504.3,3.45
3.75,0.75,65,1,100,short,42,20,22,47.6,256.1,576.1,0.44
3.75,0.75,65,2,100,both,99,56,43,56.6,1998.4,653.3,3.06
3.75,0.75,65,2,100,long,57,36,21,63.2,1742.3,504.3,3.45
3.75,0.75,65,2,100,short,42,20,22,47.6,256.1,576.1,0.44
3.75,0.75,65,3,100,both,98,56,42,57.1,2081.4,653.3,3.19
3.75,0.75,65,3,100,long,57,36,21,63.2,1742.3,504.3,3.45
3.75,0.75,65,3,100,short,41,20,21,48.8,339.1,573.5,0.59
3.75,0.75,65,4,100,both,98,56,42,57.1,2081.4,653.3,3.19
3.75,0.75,65,4,100,long,57,36,21,63.2,1742.3,504.3,3.45
3.75,0.75,65,4,100,short,41,20,21,48.8,339.1,573.5,0.59
3.75,0.75,75,1,100,both,99,56,43,56.6,2070.8,621.9,3.33
3.75,0.75,75,1,100,long,57,36,21,63.2,1786.6,504.3,3.54
3.75,0.75,75,1,100,short,42,20,22,47.6,284.2,548.0,0.52
3.75,0.75,75,2,100,both,99,56,43,56.6,2070.8,621.9,3.33
3.75,0.75,75,2,100,long,57,36,21,63.2,1786.6,504.3,3.54
3.75,0.75,75,2,100,short,42,20,22,47.6,284.2,548.0,0.52
3.75,0.75,75,3,100,both,98,56,42,57.1,2153.8,621.9,3.46
3.75,0.75,75,3,100,long,57,36,21,63.2,1786.6,504.3,3.54
3.75,0.75,75,3,100,short,41,20,21,48.8,367.2,545.4,0.67
3.75,0.75,75,4,100,both,98,56,42,57.1,2153.8,621.9,3.46
3.75,0.75,75,4,100,long,57,36,21,63.2,1786.6,504.3,3.54
3.75,0.75,75,4,100,short,41,20,21,48.8,367.2,545.4,0.67
3.75,0.75,85,1,100,both,99,56,43,56.6,2239.6,621.9,3.6
3.75,0.75,85,1,100,long,57,36,21,63.2,1955.4,504.3,3.88
3.75,0.75,85,1,100,short,42,20,22,47.6,284.2,548.0,0.52
3.75,0.75,85,2,100,both,99,56,43,56.6,2239.6,621.9,3.6
3.75,0.75,85,2,100,long,57,36,21,63.2,1955.4,504.3,3.88
3.75,0.75,85,2,100,short,42,20,22,47.6,284.2,548.0,0.52
3.75,0.75,85,3,100,both,98,56,42,57.1,2322.6,621.9,3.73
3.75,0.75,85,3,100,long,57,36,21,63.2,1955.4,504.3,3.88
3.75,0.75,85,3,100,short,41,20,21,48.8,367.2,545.4,0.67
3.75,0.75,85,4,100,both,98,56,42,57.1,2322.6,621.9,3.73
3.75,0.75,85,4,100,long,57,36,21,63.2,1955.4,504.3,3.88
3.75,0.75,85,4,100,short,41,20,21,48.8,367.2,545.4,0.67
3.75,0.75,95,1,100,both,99,54,45,54.5,2146.8,621.9,3.45
3.75,0.75,95,1,100,long,57,34,23,59.6,1862.6,484.2,3.85
3.75,0.75,95,1,100,short,42,20,22,47.6,284.2,548.0,0.52
3.75,0.75,95,2,100,both,99,54,45,54.5,2146.8,621.9,3.45
3.75,0.75,95,2,100,long,57,34,23,59.6,1862.6,484.2,3.85
3.75,0.75,95,2,100,short,42,20,22,47.6,284.2,548.0,0.52
3.75,0.75,95,3,100,both,98,54,44,55.1,2229.8,621.9,3.59
3.75,0.75,95,3,100,long,57,34,23,59.6,1862.6,484.2,3.85
3.75,0.75,95,3,100,short,41,20,21,48.8,367.2,545.4,0.67
3.75,0.75,95,4,100,both,98,54,44,55.1,2229.8,621.9,3.59
3.75,0.75,95,4,100,long,57,34,23,59.6,1862.6,484.2,3.85
3.75,0.75,95,4,100,short,41,20,21,48.8,367.2,545.4,0.67
3.75,1.0,55,1,100,both,101,59,42,58.4,1329.8,1494.6,0.89
3.75,1.0,55,1,100,long,59,38,21,64.4,1370.5,1011.4,1.36
3.75,1.0,55,1,100,short,42,21,21,50.0,-40.7,776.1,-0.05
3.75,1.0,55,2,100,both,101,59,42,58.4,1329.8,1494.6,0.89
3.75,1.0,55,2,100,long,59,38,21,64.4,1370.5,1011.4,1.36
3.75,1.0,55,2,100,short,42,21,21,50.0,-40.7,776.1,-0.05
3.75,1.0,55,3,100,both,98,57,41,58.2,1267.2,1665.2,0.76
3.75,1.0,55,3,100,long,58,37,21,63.8,1313.8,1068.1,1.23
3.75,1.0,55,3,100,short,40,20,20,50.0,-46.6,748.5,-0.06
3.75,1.0,55,4,100,both,98,57,41,58.2,1267.2,1665.2,0.76
3.75,1.0,55,4,100,long,58,37,21,63.8,1313.8,1068.1,1.23
3.75,1.0,55,4,100,short,40,20,20,50.0,-46.6,748.5,-0.06
3.75,1.0,65,1,100,both,99,57,42,57.6,1357.3,1248.4,1.09
3.75,1.0,65,1,100,long,57,37,20,64.9,1505.2,829.4,1.81
3.75,1.0,65,1,100,short,42,20,22,47.6,-147.9,776.1,-0.19
3.75,1.0,65,2,100,both,99,57,42,57.6,1357.3,1248.4,1.09
3.75,1.0,65,2,100,long,57,37,20,64.9,1505.2,829.4,1.81
3.75,1.0,65,2,100,short,42,20,22,47.6,-147.9,776.1,-0.19
3.75,1.0,65,3,100,both,98,57,41,58.2,1465.3,1248.4,1.17
3.75,1.0,65,3,100,long,57,37,20,64.9,1505.2,829.4,1.81
3.75,1.0,65,3,100,short,41,20,21,48.8,-39.9,748.5,-0.05
3.75,1.0,65,4,100,both,98,57,41,58.2,1465.3,1248.4,1.17
3.75,1.0,65,4,100,long,57,37,20,64.9,1505.2,829.4,1.81
3.75,1.0,65,4,100,short,41,20,21,48.8,-39.9,748.5,-0.05
3.75,1.0,75,1,100,both,99,57,42,57.6,1429.7,1217.0,1.17
3.75,1.0,75,1,100,long,57,37,20,64.9,1549.5,826.1,1.88
3.75,1.0,75,1,100,short,42,20,22,47.6,-119.8,748.0,-0.16
3.75,1.0,75,2,100,both,99,57,42,57.6,1429.7,1217.0,1.17
3.75,1.0,75,2,100,long,57,37,20,64.9,1549.5,826.1,1.88
3.75,1.0,75,2,100,short,42,20,22,47.6,-119.8,748.0,-0.16
3.75,1.0,75,3,100,both,98,57,41,58.2,1537.7,1217.0,1.26
3.75,1.0,75,3,100,long,57,37,20,64.9,1549.5,826.1,1.88
3.75,1.0,75,3,100,short,41,20,21,48.8,-11.8,720.4,-0.02
3.75,1.0,75,4,100,both,98,57,41,58.2,1537.7,1217.0,1.26
3.75,1.0,75,4,100,long,57,37,20,64.9,1549.5,826.1,1.88
3.75,1.0,75,4,100,short,41,20,21,48.8,-11.8,720.4,-0.02
3.75,1.0,85,1,100,both,99,57,42,57.6,1598.5,1217.0,1.31
3.75,1.0,85,1,100,long,57,37,20,64.9,1718.3,826.1,2.08
3.75,1.0,85,1,100,short,42,20,22,47.6,-119.8,748.0,-0.16
3.75,1.0,85,2,100,both,99,57,42,57.6,1598.5,1217.0,1.31
3.75,1.0,85,2,100,long,57,37,20,64.9,1718.3,826.1,2.08
3.75,1.0,85,2,100,short,42,20,22,47.6,-119.8,748.0,-0.16
3.75,1.0,85,3,100,both,98,57,41,58.2,1706.5,1217.0,1.4
3.75,1.0,85,3,100,long,57,37,20,64.9,1718.3,826.1,2.08
3.75,1.0,85,3,100,short,41,20,21,48.8,-11.8,720.4,-0.02
3.75,1.0,85,4,100,both,98,57,41,58.2,1706.5,1217.0,1.4
3.75,1.0,85,4,100,long,57,37,20,64.9,1718.3,826.1,2.08
3.75,1.0,85,4,100,short,41,20,21,48.8,-11.8,720.4,-0.02
3.75,1.0,95,1,100,both,99,55,44,55.6,1455.7,1004.6,1.45
3.75,1.0,95,1,100,long,57,35,22,61.4,1575.5,747.6,2.11
3.75,1.0,95,1,100,short,42,20,22,47.6,-119.8,748.0,-0.16
3.75,1.0,95,2,100,both,99,55,44,55.6,1455.7,1004.6,1.45
3.75,1.0,95,2,100,long,57,35,22,61.4,1575.5,747.6,2.11
3.75,1.0,95,2,100,short,42,20,22,47.6,-119.8,748.0,-0.16
3.75,1.0,95,3,100,both,98,55,43,56.1,1563.7,1004.6,1.56
3.75,1.0,95,3,100,long,57,35,22,61.4,1575.5,747.6,2.11
3.75,1.0,95,3,100,short,41,20,21,48.8,-11.8,720.4,-0.02
3.75,1.0,95,4,100,both,98,55,43,56.1,1563.7,1004.6,1.56
3.75,1.0,95,4,100,long,57,35,22,61.4,1575.5,747.6,2.11
3.75,1.0,95,4,100,short,41,20,21,48.8,-11.8,720.4,-0.02
3.75,1.25,55,1,100,both,101,61,40,60.4,839.0,1915.4,0.44
3.75,1.25,55,1,100,long,59,40,19,67.8,1329.7,1132.2,1.17
3.75,1.25,55,1,100,short,42,21,21,50.0,-490.7,976.1,-0.5
3.75,1.25,55,2,100,both,101,61,40,60.4,839.0,1915.4,0.44
3.75,1.25,55,2,100,long,59,40,19,67.8,1329.7,1132.2,1.17
3.75,1.25,55,2,100,short,42,21,21,50.0,-490.7,976.1,-0.5
3.75,1.25,55,3,100,both,98,59,39,60.2,801.4,2086.0,0.38
3.75,1.25,55,3,100,long,58,39,19,67.2,1273.0,1188.9,1.07
3.75,1.25,55,3,100,short,40,20,20,50.0,-471.6,946.4,-0.5
3.75,1.25,55,4,100,both,98,59,39,60.2,801.4,2086.0,0.38
3.75,1.25,55,4,100,long,58,39,19,67.2,1273.0,1188.9,1.07
3.75,1.25,55,4,100,short,40,20,20,50.0,-471.6,946.4,-0.5
3.75,1.25,65,1,100,both,99,59,40,59.6,866.5,1644.2,0.53
3.75,1.25,65,1,100,long,57,39,18,68.4,1489.4,925.2,1.61
3.75,1.25,65,1,100,short,42,20,22,47.6,-622.9,976.1,-0.64
3.75,1.25,65,2,100,both,99,59,40,59.6,866.5,1644.2,0.53
3.75,1.25,65,2,100,long,57,39,18,68.4,1489.4,925.2,1.61
3.75,1.25,65,2,100,short,42,20,22,47.6,-622.9,976.1,-0.64
3.75,1.25,65,3,100,both,98,59,39,60.2,999.5,1644.2,0.61
3.75,1.25,65,3,100,long,57,39,18,68.4,1489.4,925.2,1.61
3.75,1.25,65,3,100,short,41,20,21,48.8,-489.9,923.5,-0.53
3.75,1.25,65,4,100,both,98,59,39,60.2,999.5,1644.2,0.61
3.75,1.25,65,4,100,long,57,39,18,68.4,1489.4,925.2,1.61
3.75,1.25,65,4,100,short,41,20,21,48.8,-489.9,923.5,-0.53
3.75,1.25,75,1,100,both,99,59,40,59.6,938.9,1612.8,0.58
3.75,1.25,75,1,100,long,57,39,18,68.4,1533.7,921.9,1.66
3.75,1.25,75,1,100,short,42,20,22,47.6,-594.8,948.0,-0.63
3.75,1.25,75,2,100,both,99,59,40,59.6,938.9,1612.8,0.58
3.75,1.25,75,2,100,long,57,39,18,68.4,1533.7,921.9,1.66
3.75,1.25,75,2,100,short,42,20,22,47.6,-594.8,948.0,-0.63
3.75,1.25,75,3,100,both,98,59,39,60.2,1071.9,1612.8,0.66
3.75,1.25,75,3,100,long,57,39,18,68.4,1533.7,921.9,1.66
3.75,1.25,75,3,100,short,41,20,21,48.8,-461.8,895.4,-0.52
3.75,1.25,75,4,100,both,98,59,39,60.2,1071.9,1612.8,0.66
3.75,1.25,75,4,100,long,57,39,18,68.4,1533.7,921.9,1.66
3.75,1.25,75,4,100,short,41,20,21,48.8,-461.8,895.4,-0.52
3.75,1.25,85,1,100,both,99,59,40,59.6,1107.7,1612.8,0.69
3.75,1.25,85,1,100,long,57,39,18,68.4,1702.5,921.9,1.85
3.75,1.25,85,1,100,short,42,20,22,47.6,-594.8,948.0,-0.63
3.75,1.25,85,2,100,both,99,59,40,59.6,1107.7,1612.8,0.69
3.75,1.25,85,2,100,long,57,39,18,68.4,1702.5,921.9,1.85
3.75,1.25,85,2,100,short,42,20,22,47.6,-594.8,948.0,-0.63
3.75,1.25,85,3,100,both,98,59,39,60.2,1240.7,1612.8,0.77
3.75,1.25,85,3,100,long,57,39,18,68.4,1702.5,921.9,1.85
3.75,1.25,85,3,100,short,41,20,21,48.8,-461.8,895.4,-0.52
3.75,1.25,85,4,100,both,98,59,39,60.2,1240.7,1612.8,0.77
3.75,1.25,85,4,100,long,57,39,18,68.4,1702.5,921.9,1.85
3.75,1.25,85,4,100,short,41,20,21,48.8,-461.8,895.4,-0.52
3.75,1.25,95,1,100,both,99,58,41,58.6,1048.3,1400.4,0.75
3.75,1.25,95,1,100,long,57,38,19,66.7,1643.1,852.3,1.93
3.75,1.25,95,1,100,short,42,20,22,47.6,-594.8,948.0,-0.63
3.75,1.25,95,2,100,both,99,58,41,58.6,1048.3,1400.4,0.75
3.75,1.25,95,2,100,long,57,38,19,66.7,1643.1,852.3,1.93
3.75,1.25,95,2,100,short,42,20,22,47.6,-594.8,948.0,-0.63
3.75,1.25,95,3,100,both,98,58,40,59.2,1181.3,1400.4,0.84
3.75,1.25,95,3,100,long,57,38,19,66.7,1643.1,852.3,1.93
3.75,1.25,95,3,100,short,41,20,21,48.8,-461.8,895.4,-0.52
3.75,1.25,95,4,100,both,98,58,40,59.2,1181.3,1400.4,0.84
3.75,1.25,95,4,100,long,57,38,19,66.7,1643.1,852.3,1.93
3.75,1.25,95,4,100,short,41,20,21,48.8,-461.8,895.4,-0.52
3.75,1.5,55,1,100,both,101,61,40,60.4,-61.0,2540.4,-0.02
3.75,1.5,55,1,100,long,59,40,19,67.8,879.7,1457.2,0.6
3.75,1.5,55,1,100,short,42,21,21,50.0,-940.7,1196.3,-0.79
3.75,1.5,55,2,100,both,101,61,40,60.4,-61.0,2540.4,-0.02
3.75,1.5,55,2,100,long,59,40,19,67.8,879.7,1457.2,0.6
3.75,1.5,55,2,100,short,42,21,21,50.0,-940.7,1196.3,-0.79
3.75,1.5,55,3,100,both,98,59,39,60.2,-73.6,2711.0,-0.03
3.75,1.5,55,3,100,long,58,39,19,67.2,823.0,1513.9,0.54
3.75,1.5,55,3,100,short,40,20,20,50.0,-896.6,1232.6,-0.73
3.75,1.5,55,4,100,both,98,59,39,60.2,-73.6,2711.0,-0.03
3.75,1.5,55,4,100,long,58,39,19,67.2,823.0,1513.9,0.54
3.75,1.5,55,4,100,short,40,20,20,50.0,-896.6,1232.6,-0.73
3.75,1.5,65,1,100,both,99,59,40,59.6,-33.5,2244.2,-0.01
3.75,1.5,65,1,100,long,57,39,18,68.4,1064.4,1225.2,0.87
3.75,1.5,65,1,100,short,42,20,22,47.6,-1097.9,1271.6,-0.86
3.75,1.5,65,2,100,both,99,59,40,59.6,-33.5,2244.2,-0.01
3.75,1.5,65,2,100,long,57,39,18,68.4,1064.4,1225.2,0.87
3.75,1.5,65,2,100,short,42,20,22,47.6,-1097.9,1271.6,-0.86
3.75,1.5,65,3,100,both,98,59,39,60.2,124.5,2244.2,0.06
3.75,1.5,65,3,100,long,57,39,18,68.4,1064.4,1225.2,0.87
3.75,1.5,65,3,100,short,41,20,21,48.8,-939.9,1113.6,-0.84
3.75,1.5,65,4,100,both,98,59,39,60.2,124.5,2244.2,0.06
3.75,1.5,65,4,100,long,57,39,18,68.4,1064.4,1225.2,0.87
3.75,1.5,65,4,100,short,41,20,21,48.8,-939.9,1113.6,-0.84
3.75,1.5,75,1,100,both,99,59,40,59.6,38.9,2212.8,0.02
3.75,1.5,75,1,100,long,57,39,18,68.4,1108.7,1221.9,0.91
3.75,1.5,75,1,100,short,42,20,22,47.6,-1069.8,1243.5,-0.86
3.75,1.5,75,2,100,both,99,59,40,59.6,38.9,2212.8,0.02
3.75,1.5,75,2,100,long,57,39,18,68.4,1108.7,1221.9,0.91
3.75,1.5,75,2,100,short,42,20,22,47.6,-1069.8,1243.5,-0.86
3.75,1.5,75,3,100,both,98,59,39,60.2,196.9,2212.8,0.09
3.75,1.5,75,3,100,long,57,39,18,68.4,1108.7,1221.9,0.91
3.75,1.5,75,3,100,short,41,20,21,48.8,-911.8,1085.5,-0.84
3.75,1.5,75,4,100,both,98,59,39,60.2,196.9,2212.8,0.09
3.75,1.5,75,4,100,long,57,39,18,68.4,1108.7,1221.9,0.91
3.75,1.5,75,4,100,short,41,20,21,48.8,-911.8,1085.5,-0.84
3.75,1.5,85,1,100,both,99,59,40,59.6,207.7,2212.8,0.09
3.75,1.5,85,1,100,long,57,39,18,68.4,1277.5,1221.9,1.05
3.75,1.5,85,1,100,short,42,20,22,47.6,-1069.8,1243.5,-0.86
3.75,1.5,85,2,100,both,99,59,40,59.6,207.7,2212.8,0.09
3.75,1.5,85,2,100,long,57,39,18,68.4,1277.5,1221.9,1.05
3.75,1.5,85,2,100,short,42,20,22,47.6,-1069.8,1243.5,-0.86
3.75,1.5,85,3,100,both,98,59,39,60.2,365.7,2212.8,0.17
3.75,1.5,85,3,100,long,57,39,18,68.4,1277.5,1221.9,1.05
3.75,1.5,85,3,100,short,41,20,21,48.8,-911.8,1085.5,-0.84
3.75,1.5,85,4,100,both,98,59,39,60.2,365.7,2212.8,0.17
3.75,1.5,85,4,100,long,57,39,18,68.4,1277.5,1221.9,1.05
3.75,1.5,85,4,100,short,41,20,21,48.8,-911.8,1085.5,-0.84
3.75,1.5,95,1,100,both,99,58,41,58.6,123.3,2000.4,0.06
3.75,1.5,95,1,100,long,57,38,19,66.7,1193.1,1102.3,1.08
3.75,1.5,95,1,100,short,42,20,22,47.6,-1069.8,1243.5,-0.86
3.75,1.5,95,2,100,both,99,58,41,58.6,123.3,2000.4,0.06
3.75,1.5,95,2,100,long,57,38,19,66.7,1193.1,1102.3,1.08
3.75,1.5,95,2,100,short,42,20,22,47.6,-1069.8,1243.5,-0.86
3.75,1.5,95,3,100,both,98,58,40,59.2,281.3,2000.4,0.14
3.75,1.5,95,3,100,long,57,38,19,66.7,1193.1,1102.3,1.08
3.75,1.5,95,3,100,short,41,20,21,48.8,-911.8,1085.5,-0.84
3.75,1.5,95,4,100,both,98,58,40,59.2,281.3,2000.4,0.14
3.75,1.5,95,4,100,long,57,38,19,66.7,1193.1,1102.3,1.08
3.75,1.5,95,4,100,short,41,20,21,48.8,-911.8,1085.5,-0.84
3.75,2.0,55,1,100,both,101,63,38,62.4,-713.8,3194.1,-0.22
3.75,2.0,55,1,100,long,59,40,19,67.8,420.3,1666.6,0.25
3.75,2.0,55,1,100,short,42,23,19,54.8,-1134.1,1655.1,-0.69
3.75,2.0,55,2,100,both,101,63,38,62.4,-713.8,3194.1,-0.22
3.75,2.0,55,2,100,long,59,40,19,67.8,420.3,1666.6,0.25
3.75,2.0,55,2,100,short,42,23,19,54.8,-1134.1,1655.1,-0.69
3.75,2.0,55,3,100,both,98,61,37,62.2,-676.4,3364.7,-0.2
3.75,2.0,55,3,100,long,58,39,19,67.2,363.6,1723.3,0.21
3.75,2.0,55,3,100,short,40,22,18,55.0,-1040.0,1641.4,-0.63
3.75,2.0,55,4,100,both,98,61,37,62.2,-676.4,3364.7,-0.2
3.75,2.0,55,4,100,long,58,39,19,67.2,363.6,1723.3,0.21
3.75,2.0,55,4,100,short,40,22,18,55.0,-1040.0,1641.4,-0.63
3.75,2.0,65,1,100,both,99,62,37,62.6,-574.5,3011.9,-0.19
3.75,2.0,65,1,100,long,57,39,18,68.4,491.0,1590.5,0.31
3.75,2.0,65,1,100,short,42,23,19,54.8,-1065.5,1590.9,-0.67
3.75,2.0,65,2,100,both,99,62,37,62.6,-574.5,3011.9,-0.19
3.75,2.0,65,2,100,long,57,39,18,68.4,491.0,1590.5,0.31
3.75,2.0,65,2,100,short,42,23,19,54.8,-1065.5,1590.9,-0.67
3.75,2.0,65,3,100,both,98,62,36,63.3,-366.5,3011.9,-0.12
3.75,2.0,65,3,100,long,57,39,18,68.4,491.0,1590.5,0.31
3.75,2.0,65,3,100,short,41,23,18,56.1,-857.5,1463.3,-0.59
3.75,2.0,65,4,100,both,98,62,36,63.3,-366.5,3011.9,-0.12
3.75,2.0,65,4,100,long,57,39,18,68.4,491.0,1590.5,0.31
3.75,2.0,65,4,100,short,41,23,18,56.1,-857.5,1463.3,-0.59
3.75,2.0,75,1,100,both,99,62,37,62.6,-502.1,2980.5,-0.17
3.75,2.0,75,1,100,long,57,39,18,68.4,535.3,1590.5,0.34
3.75,2.0,75,1,100,short,42,23,19,54.8,-1037.4,1562.8,-0.66
3.75,2.0,75,2,100,both,99,62,37,62.6,-502.1,2980.5,-0.17
3.75,2.0,75,2,100,long,57,39,18,68.4,535.3,1590.5,0.34
3.75,2.0,75,2,100,short,42,23,19,54.8,-1037.4,1562.8,-0.66
3.75,2.0,75,3,100,both,98,62,36,63.3,-294.1,2980.5,-0.1
3.75,2.0,75,3,100,long,57,39,18,68.4,535.3,1590.5,0.34
3.75,2.0,75,3,100,short,41,23,18,56.1,-829.4,1435.2,-0.58
3.75,2.0,75,4,100,both,98,62,36,63.3,-294.1,2980.5,-0.1
3.75,2.0,75,4,100,long,57,39,18,68.4,535.3,1590.5,0.34
3.75,2.0,75,4,100,short,41,23,18,56.1,-829.4,1435.2,-0.58
3.75,2.0,85,1,100,both,99,62,37,62.6,-333.3,2980.5,-0.11
3.75,2.0,85,1,100,long,57,39,18,68.4,704.1,1590.5,0.44
3.75,2.0,85,1,100,short,42,23,19,54.8,-1037.4,1562.8,-0.66
3.75,2.0,85,2,100,both,99,62,37,62.6,-333.3,2980.5,-0.11
3.75,2.0,85,2,100,long,57,39,18,68.4,704.1,1590.5,0.44
3.75,2.0,85,2,100,short,42,23,19,54.8,-1037.4,1562.8,-0.66
3.75,2.0,85,3,100,both,98,62,36,63.3,-125.3,2980.5,-0.04
3.75,2.0,85,3,100,long,57,39,18,68.4,704.1,1590.5,0.44
3.75,2.0,85,3,100,short,41,23,18,56.1,-829.4,1435.2,-0.58
3.75,2.0,85,4,100,both,98,62,36,63.3,-125.3,2980.5,-0.04
3.75,2.0,85,4,100,long,57,39,18,68.4,704.1,1590.5,0.44
3.75,2.0,85,4,100,short,41,23,18,56.1,-829.4,1435.2,-0.58
3.75,2.0,95,1,100,both,99,61,38,61.6,-467.7,2768.1,-0.17
3.75,2.0,95,1,100,long,57,38,19,66.7,569.7,1479.3,0.39
3.75,2.0,95,1,100,short,42,23,19,54.8,-1037.4,1562.8,-0.66
3.75,2.0,95,2,100,both,99,61,38,61.6,-467.7,2768.1,-0.17
3.75,2.0,95,2,100,long,57,38,19,66.7,569.7,1479.3,0.39
3.75,2.0,95,2,100,short,42,23,19,54.8,-1037.4,1562.8,-0.66
3.75,2.0,95,3,100,both,98,61,37,62.2,-259.7,2768.1,-0.09
3.75,2.0,95,3,100,long,57,38,19,66.7,569.7,1479.3,0.39
3.75,2.0,95,3,100,short,41,23,18,56.1,-829.4,1435.2,-0.58
3.75,2.0,95,4,100,both,98,61,37,62.2,-259.7,2768.1,-0.09
3.75,2.0,95,4,100,long,57,38,19,66.7,569.7,1479.3,0.39
3.75,2.0,95,4,100,short,41,23,18,56.1,-829.4,1435.2,-0.58
3.75,0.5,55,1,150,both,110,55,55,50.0,1648.0,543.7,3.03
3.75,0.5,55,1,150,long,61,35,26,57.4,1347.9,354.5,3.8
3.75,0.5,55,1,150,short,49,20,29,40.8,300.1,434.1,0.69
3.75,0.5,55,2,150,both,110,55,55,50.0,1648.0,543.7,3.03
3.75,0.5,55,2,150,long,61,35,26,57.4,1347.9,354.5,3.8
3.75,0.5,55,2,150,short,49,20,29,40.8,300.1,434.1,0.69
3.75,0.5,55,3,150,both,107,53,54,49.5,1535.4,714.3,2.15
3.75,0.5,55,3,150,long,60,34,26,56.7,1291.2,411.2,3.14
3.75,0.5,55,3,150,short,47,19,28,40.4,244.2,398.5,0.61
3.75,0.5,55,4,150,both,107,53,54,49.5,1535.4,714.3,2.15
3.75,0.5,55,4,150,long,60,34,26,56.7,1291.2,411.2,3.14
3.75,0.5,55,4,150,short,47,19,28,40.4,244.2,398.5,0.61
3.75,0.5,65,1,150,both,108,52,56,48.1,1591.8,550.8,2.89
3.75,0.5,65,1,150,long,59,33,26,55.9,1348.9,364.2,3.7
3.75,0.5,65,1,150,short,49,19,30,38.8,242.9,434.1,0.56
3.75,0.5,65,2,150,both,108,52,56,48.1,1591.8,550.8,2.89
3.75,0.5,65,2,150,long,59,33,26,55.9,1348.9,364.2,3.7
3.75,0.5,65,2,150,short,49,19,30,38.8,242.9,434.1,0.56
3.75,0.5,65,3,150,both,107,52,55,48.6,1649.8,550.8,3.0
3.75,0.5,65,3,150,long,59,33,26,55.9,1348.9,364.2,3.7
3.75,0.5,65,3,150,short,48,19,29,39.6,300.9,398.5,0.76
3.75,0.5,65,4,150,both,107,52,55,48.6,1649.8,550.8,3.0
3.75,0.5,65,4,150,long,59,33,26,55.9,1348.9,364.2,3.7
3.75,0.5,65,4,150,short,48,19,29,39.6,300.9,398.5,0.76
3.75,0.5,75,1,150,both,108,51,57,47.2,1586.1,550.8,2.88
3.75,0.5,75,1,150,long,59,32,27,54.2,1315.1,364.2,3.61
3.75,0.5,75,1,150,short,49,19,30,38.8,271.0,406.0,0.67
3.75,0.5,75,2,150,both,108,51,57,47.2,1586.1,550.8,2.88
3.75,0.5,75,2,150,long,59,32,27,54.2,1315.1,364.2,3.61
3.75,0.5,75,2,150,short,49,19,30,38.8,271.0,406.0,0.67
3.75,0.5,75,3,150,both,107,51,56,47.7,1644.1,550.8,2.98
3.75,0.5,75,3,150,long,59,32,27,54.2,1315.1,364.2,3.61
3.75,0.5,75,3,150,short,48,19,29,39.6,329.0,370.4,0.89
3.75,0.5,75,4,150,both,107,51,56,47.7,1644.1,550.8,2.98
3.75,0.5,75,4,150,long,59,32,27,54.2,1315.1,364.2,3.61
3.75,0.5,75,4,150,short,48,19,29,39.6,329.0,370.4,0.89
3.75,0.5,85,1,150,both,108,50,58,46.3,1677.4,550.8,3.05
3.75,0.5,85,1,150,long,59,31,28,52.5,1406.4,364.2,3.86
3.75,0.5,85,1,150,short,49,19,30,38.8,271.0,406.0,0.67
3.75,0.5,85,2,150,both,108,50,58,46.3,1677.4,550.8,3.05
3.75,0.5,85,2,150,long,59,31,28,52.5,1406.4,364.2,3.86
3.75,0.5,85,2,150,short,49,19,30,38.8,271.0,406.0,0.67
3.75,0.5,85,3,150,both,107,50,57,46.7,1735.4,550.8,3.15
3.75,0.5,85,3,150,long,59,31,28,52.5,1406.4,364.2,3.86
3.75,0.5,85,3,150,short,48,19,29,39.6,329.0,370.4,0.89
3.75,0.5,85,4,150,both,107,50,57,46.7,1735.4,550.8,3.15
3.75,0.5,85,4,150,long,59,31,28,52.5,1406.4,364.2,3.86
3.75,0.5,85,4,150,short,48,19,29,39.6,329.0,370.4,0.89
3.75,0.5,95,1,150,both,108,48,60,44.4,1631.4,550.8,2.96
3.75,0.5,95,1,150,long,59,29,30,49.2,1337.7,341.9,3.91
3.75,0.5,95,1,150,short,49,19,30,38.8,293.7,406.0,0.72
3.75,0.5,95,2,150,both,108,48,60,44.4,1631.4,550.8,2.96
3.75,0.5,95,2,150,long,59,29,30,49.2,1337.7,341.9,3.91
3.75,0.5,95,2,150,short,49,19,30,38.8,293.7,406.0,0.72
3.75,0.5,95,3,150,both,107,48,59,44.9,1689.4,550.8,3.07
3.75,0.5,95,3,150,long,59,29,30,49.2,1337.7,341.9,3.91
3.75,0.5,95,3,150,short,48,19,29,39.6,351.7,370.4,0.95
3.75,0.5,95,4,150,both,107,48,59,44.9,1689.4,550.8,3.07
3.75,0.5,95,4,150,long,59,29,30,49.2,1337.7,341.9,3.91
3.75,0.5,95,4,150,short,48,19,29,39.6,351.7,370.4,0.95
3.75,0.75,55,1,150,both,110,60,50,54.5,1212.2,1020.7,1.19
3.75,0.75,55,1,150,long,61,38,23,62.3,1294.1,581.6,2.23
3.75,0.75,55,1,150,short,49,22,27,44.9,-81.9,659.1,-0.12
3.75,0.75,55,2,150,both,110,60,50,54.5,1212.2,1020.7,1.19
3.75,0.75,55,2,150,long,61,38,23,62.3,1294.1,581.6,2.23
3.75,0.75,55,2,150,short,49,22,27,44.9,-81.9,659.1,-0.12
3.75,0.75,55,3,150,both,107,58,49,54.2,1124.6,1191.3,0.94
3.75,0.75,55,3,150,long,60,37,23,61.7,1237.4,638.3,1.94
3.75,0.75,55,3,150,short,47,21,26,44.7,-112.8,583.0,-0.19
3.75,0.75,55,4,150,both,107,58,49,54.2,1124.6,1191.3,0.94
3.75,0.75,55,4,150,long,60,37,23,61.7,1237.4,638.3,1.94
3.75,0.75,55,4,150,short,47,21,26,44.7,-112.8,583.0,-0.19
3.75,0.75,65,1,150,both,108,58,50,53.7,1239.7,799.5,1.55
3.75,0.75,65,1,150,long,59,37,22,62.7,1403.8,507.6,2.77
3.75,0.75,65,1,150,short,49,21,28,42.9,-164.1,691.6,-0.24
3.75,0.75,65,2,150,both,108,58,50,53.7,1239.7,799.5,1.55
3.75,0.75,65,2,150,long,59,37,22,62.7,1403.8,507.6,2.77
3.75,0.75,65,2,150,short,49,21,28,42.9,-164.1,691.6,-0.24
3.75,0.75,65,3,150,both,107,58,49,54.2,1322.7,799.5,1.65
3.75,0.75,65,3,150,long,59,37,22,62.7,1403.8,507.6,2.77
3.75,0.75,65,3,150,short,48,21,27,43.8,-81.1,608.6,-0.13
3.75,0.75,65,4,150,both,107,58,49,54.2,1322.7,799.5,1.65
3.75,0.75,65,4,150,long,59,37,22,62.7,1403.8,507.6,2.77
3.75,0.75,65,4,150,short,48,21,27,43.8,-81.1,608.6,-0.13
3.75,0.75,75,1,150,both,108,58,50,53.7,1314.2,768.1,1.71
3.75,0.75,75,1,150,long,59,37,22,62.7,1450.2,507.6,2.86
3.75,0.75,75,1,150,short,49,21,28,42.9,-136.0,663.5,-0.2
3.75,0.75,75,2,150,both,108,58,50,53.7,1314.2,768.1,1.71
3.75,0.75,75,2,150,long,59,37,22,62.7,1450.2,507.6,2.86
3.75,0.75,75,2,150,short,49,21,28,42.9,-136.0,663.5,-0.2
3.75,0.75,75,3,150,both,107,58,49,54.2,1397.2,768.1,1.82
3.75,0.75,75,3,150,long,59,37,22,62.7,1450.2,507.6,2.86
3.75,0.75,75,3,150,short,48,21,27,43.8,-53.0,580.5,-0.09
3.75,0.75,75,4,150,both,107,58,49,54.2,1397.2,768.1,1.82
3.75,0.75,75,4,150,long,59,37,22,62.7,1450.2,507.6,2.86
3.75,0.75,75,4,150,short,48,21,27,43.8,-53.0,580.5,-0.09
3.75,0.75,85,1,150,both,108,57,51,52.8,1380.5,768.1,1.8
3.75,0.75,85,1,150,long,59,36,23,61.0,1516.5,507.6,2.99
3.75,0.75,85,1,150,short,49,21,28,42.9,-136.0,663.5,-0.2
3.75,0.75,85,2,150,both,108,57,51,52.8,1380.5,768.1,1.8
3.75,0.75,85,2,150,long,59,36,23,61.0,1516.5,507.6,2.99
3.75,0.75,85,2,150,short,49,21,28,42.9,-136.0,663.5,-0.2
3.75,0.75,85,3,150,both,107,57,50,53.3,1463.5,768.1,1.91
3.75,0.75,85,3,150,long,59,36,23,61.0,1516.5,507.6,2.99
3.75,0.75,85,3,150,short,48,21,27,43.8,-53.0,580.5,-0.09
3.75,0.75,85,4,150,both,107,57,50,53.3,1463.5,768.1,1.91
3.75,0.75,85,4,150,long,59,36,23,61.0,1516.5,507.6,2.99
3.75,0.75,85,4,150,short,48,21,27,43.8,-53.0,580.5,-0.09
3.75,0.75,95,1,150,both,108,55,53,50.9,1310.4,607.8,2.16
3.75,0.75,95,1,150,long,59,34,25,57.6,1423.7,404.5,3.52
3.75,0.75,95,1,150,short,49,21,28,42.9,-113.3,663.5,-0.17
3.75,0.75,95,2,150,both,108,55,53,50.9,1310.4,607.8,2.16
3.75,0.75,95,2,150,long,59,34,25,57.6,1423.7,404.5,3.52
3.75,0.75,95,2,150,short,49,21,28,42.9,-113.3,663.5,-0.17
3.75,0.75,95,3,150,both,107,55,52,51.4,1393.4,607.8,2.29
3.75,0.75,95,3,150,long,59,34,25,57.6,1423.7,404.5,3.52
3.75,0.75,95,3,150,short,48,21,27,43.8,-30.3,580.5,-0.05
3.75,0.75,95,4,150,both,107,55,52,51.4,1393.4,607.8,2.29
3.75,0.75,95,4,150,long,59,34,25,57.6,1423.7,404.5,3.52
3.75,0.75,95,4,150,short,48,21,27,43.8,-30.3,580.5,-0.05
3.75,1.0,55,1,150,both,110,63,47,57.3,699.4,1442.4,0.48
3.75,1.0,55,1,150,long,61,40,21,65.6,1131.6,779.6,1.45
3.75,1.0,55,1,150,short,49,23,26,46.9,-432.2,884.1,-0.49
3.75,1.0,55,2,150,both,110,63,47,57.3,699.4,1442.4,0.48
3.75,1.0,55,2,150,long,61,40,21,65.6,1131.6,779.6,1.45
3.75,1.0,55,2,150,short,49,23,26,46.9,-432.2,884.1,-0.49
3.75,1.0,55,3,150,both,107,61,46,57.0,636.8,1613.0,0.39
3.75,1.0,55,3,150,long,60,39,21,65.0,1074.9,836.3,1.29
3.75,1.0,55,3,150,short,47,22,25,46.8,-438.1,841.3,-0.52
3.75,1.0,55,4,150,both,107,61,46,57.0,636.8,1613.0,0.39
3.75,1.0,55,4,150,long,60,39,21,65.0,1074.9,836.3,1.29
3.75,1.0,55,4,150,short,47,22,25,46.8,-438.1,841.3,-0.52
3.75,1.0,65,1,150,both,108,61,47,56.5,726.9,1196.2,0.61
3.75,1.0,65,1,150,long,59,39,20,66.1,1266.3,683.0,1.85
3.75,1.0,65,1,150,short,49,22,27,44.9,-539.4,995.6,-0.54
3.75,1.0,65,2,150,both,108,61,47,56.5,726.9,1196.2,0.61
3.75,1.0,65,2,150,long,59,39,20,66.1,1266.3,683.0,1.85
3.75,1.0,65,2,150,short,49,22,27,44.9,-539.4,995.6,-0.54
3.75,1.0,65,3,150,both,107,61,46,57.0,834.9,1196.2,0.7
3.75,1.0,65,3,150,long,59,39,20,66.1,1266.3,683.0,1.85
3.75,1.0,65,3,150,short,48,22,26,45.8,-431.4,887.6,-0.49
3.75,1.0,65,4,150,both,107,61,46,57.0,834.9,1196.2,0.7
3.75,1.0,65,4,150,long,59,39,20,66.1,1266.3,683.0,1.85
3.75,1.0,65,4,150,short,48,22,26,45.8,-431.4,887.6,-0.49
3.75,1.0,75,1,150,both,108,61,47,56.5,801.4,1164.8,0.69
3.75,1.0,75,1,150,long,59,39,20,66.1,1312.7,683.0,1.92
3.75,1.0,75,1,150,short,49,22,27,44.9,-511.3,967.5,-0.53
3.75,1.0,75,2,150,both,108,61,47,56.5,801.4,1164.8,0.69
3.75,1.0,75,2,150,long,59,39,20,66.1,1312.7,683.0,1.92
3.75,1.0,75,2,150,short,49,22,27,44.9,-511.3,967.5,-0.53
3.75,1.0,75,3,150,both,107,61,46,57.0,909.4,1164.8,0.78
3.75,1.0,75,3,150,long,59,39,20,66.1,1312.7,683.0,1.92
3.75,1.0,75,3,150,short,48,22,26,45.8,-403.3,859.5,-0.47
3.75,1.0,75,4,150,both,107,61,46,57.0,909.4,1164.8,0.78
3.75,1.0,75,4,150,long,59,39,20,66.1,1312.7,683.0,1.92
3.75,1.0,75,4,150,short,48,22,26,45.8,-403.3,859.5,-0.47
3.75,1.0,85,1,150,both,108,60,48,55.6,842.7,1164.8,0.72
3.75,1.0,85,1,150,long,59,38,21,64.4,1354.0,683.0,1.98
3.75,1.0,85,1,150,short,49,22,27,44.9,-511.3,967.5,-0.53
3.75,1.0,85,2,150,both,108,60,48,55.6,842.7,1164.8,0.72
3.75,1.0,85,2,150,long,59,38,21,64.4,1354.0,683.0,1.98
3.75,1.0,85,2,150,short,49,22,27,44.9,-511.3,967.5,-0.53
3.75,1.0,85,3,150,both,107,60,47,56.1,950.7,1164.8,0.82
3.75,1.0,85,3,150,long,59,38,21,64.4,1354.0,683.0,1.98
3.75,1.0,85,3,150,short,48,22,26,45.8,-403.3,859.5,-0.47
3.75,1.0,85,4,150,both,107,60,47,56.1,950.7,1164.8,0.82
3.75,1.0,85,4,150,long,59,38,21,64.4,1354.0,683.0,1.98
3.75,1.0,85,4,150,short,48,22,26,45.8,-403.3,859.5,-0.47
3.75,1.0,95,1,150,both,108,58,50,53.7,722.6,952.4,0.76
3.75,1.0,95,1,150,long,59,36,23,61.0,1211.2,629.5,1.92
3.75,1.0,95,1,150,short,49,22,27,44.9,-488.6,967.5,-0.51
3.75,1.0,95,2,150,both,108,58,50,53.7,722.6,952.4,0.76
3.75,1.0,95,2,150,long,59,36,23,61.0,1211.2,629.5,1.92
3.75,1.0,95,2,150,short,49,22,27,44.9,-488.6,967.5,-0.51
3.75,1.0,95,3,150,both,107,58,49,54.2,830.6,952.4,0.87
3.75,1.0,95,3,150,long,59,36,23,61.0,1211.2,629.5,1.92
3.75,1.0,95,3,150,short,48,22,26,45.8,-380.6,859.5,-0.44
3.75,1.0,95,4,150,both,107,58,49,54.2,830.6,952.4,0.87
3.75,1.0,95,4,150,long,59,36,23,61.0,1211.2,629.5,1.92
3.75,1.0,95,4,150,short,48,22,26,45.8,-380.6,859.5,-0.44
3.75,1.25,55,1,150,both,110,67,43,60.9,377.7,1863.2,0.2
3.75,1.25,55,1,150,long,61,43,18,70.5,1234.0,850.4,1.45
3.75,1.25,55,1,150,short,49,24,25,49.0,-856.3,1208.9,-0.71
3.75,1.25,55,2,150,both,110,67,43,60.9,377.7,1863.2,0.2
3.75,1.25,55,2,150,long,61,43,18,70.5,1234.0,850.4,1.45
3.75,1.25,55,2,150,short,49,24,25,49.0,-856.3,1208.9,-0.71
3.75,1.25,55,3,150,both,107,65,42,60.7,340.1,2033.8,0.17
3.75,1.25,55,3,150,long,60,42,18,70.0,1177.3,907.1,1.3
3.75,1.25,55,3,150,short,47,23,24,48.9,-837.2,1189.8,-0.7
3.75,1.25,55,4,150,both,107,65,42,60.7,340.1,2033.8,0.17
3.75,1.25,55,4,150,long,60,42,18,70.0,1177.3,907.1,1.3
3.75,1.25,55,4,150,short,47,23,24,48.9,-837.2,1189.8,-0.7
3.75,1.25,65,1,150,both,108,65,43,60.2,405.2,1592.0,0.25
3.75,1.25,65,1,150,long,59,42,17,71.2,1393.7,703.8,1.98
3.75,1.25,65,1,150,short,49,23,26,46.9,-988.5,1255.3,-0.79
3.75,1.25,65,2,150,both,108,65,43,60.2,405.2,1592.0,0.25
3.75,1.25,65,2,150,long,59,42,17,71.2,1393.7,703.8,1.98
3.75,1.25,65,2,150,short,49,23,26,46.9,-988.5,1255.3,-0.79
3.75,1.25,65,3,150,both,107,65,42,60.7,538.2,1592.0,0.34
3.75,1.25,65,3,150,long,59,42,17,71.2,1393.7,703.8,1.98
3.75,1.25,65,3,150,short,48,23,25,47.9,-855.5,1122.3,-0.76
3.75,1.25,65,4,150,both,107,65,42,60.7,538.2,1592.0,0.34
3.75,1.25,65,4,150,long,59,42,17,71.2,1393.7,703.8,1.98
3.75,1.25,65,4,150,short,48,23,25,47.9,-855.5,1122.3,-0.76
3.75,1.25,75,1,150,both,108,65,43,60.2,479.7,1560.6,0.31
3.75,1.25,75,1,150,long,59,42,17,71.2,1440.1,703.8,2.05
3.75,1.25,75,1,150,short,49,23,26,46.9,-960.4,1227.2,-0.78
3.75,1.25,75,2,150,both,108,65,43,60.2,479.7,1560.6,0.31
3.75,1.25,75,2,150,long,59,42,17,71.2,1440.1,703.8,2.05
3.75,1.25,75,2,150,short,49,23,26,46.9,-960.4,1227.2,-0.78
3.75,1.25,75,3,150,both,107,65,42,60.7,612.7,1560.6,0.39
3.75,1.25,75,3,150,long,59,42,17,71.2,1440.1,703.8,2.05
3.75,1.25,75,3,150,short,48,23,25,47.9,-827.4,1094.2,-0.76
3.75,1.25,75,4,150,both,107,65,42,60.7,612.7,1560.6,0.39
3.75,1.25,75,4,150,long,59,42,17,71.2,1440.1,703.8,2.05
3.75,1.25,75,4,150,short,48,23,25,47.9,-827.4,1094.2,-0.76
3.75,1.25,85,1,150,both,108,64,44,59.3,496.0,1560.6,0.32
3.75,1.25,85,1,150,long,59,41,18,69.5,1456.4,703.8,2.07
3.75,1.25,85,1,150,short,49,23,26,46.9,-960.4,1227.2,-0.78
3.75,1.25,85,2,150,both,108,64,44,59.3,496.0,1560.6,0.32
3.75,1.25,85,2,150,long,59,41,18,69.5,1456.4,703.8,2.07
3.75,1.25,85,2,150,short,49,23,26,46.9,-960.4,1227.2,-0.78
3.75,1.25,85,3,150,both,107,64,43,59.8,629.0,1560.6,0.4
3.75,1.25,85,3,150,long,59,41,18,69.5,1456.4,703.8,2.07
3.75,1.25,85,3,150,short,48,23,25,47.9,-827.4,1094.2,-0.76
3.75,1.25,85,4,150,both,107,64,43,59.8,629.0,1560.6,0.4
3.75,1.25,85,4,150,long,59,41,18,69.5,1456.4,703.8,2.07
3.75,1.25,85,4,150,short,48,23,25,47.9,-827.4,1094.2,-0.76
3.75,1.25,95,1,150,both,108,63,45,58.3,459.3,1348.2,0.34
3.75,1.25,95,1,150,long,59,40,19,67.8,1397.0,684.2,2.04
3.75,1.25,95,1,150,short,49,23,26,46.9,-937.7,1227.2,-0.76
3.75,1.25,95,2,150,both,108,63,45,58.3,459.3,1348.2,0.34
3.75,1.25,95,2,150,long,59,40,19,67.8,1397.0,684.2,2.04
3.75,1.25,95,2,150,short,49,23,26,46.9,-937.7,1227.2,-0.76
3.75,1.25,95,3,150,both,107,63,44,58.9,592.3,1348.2,0.44
3.75,1.25,95,3,150,long,59,40,19,67.8,1397.0,684.2,2.04
3.75,1.25,95,3,150,short,48,23,25,47.9,-804.7,1094.2,-0.74
3.75,1.25,95,4,150,both,107,63,44,58.9,592.3,1348.2,0.44
3.75,1.25,95,4,150,long,59,40,19,67.8,1397.0,684.2,2.04
3.75,1.25,95,4,150,short,48,23,25,47.9,-804.7,1094.2,-0.74
3.75,1.5,55,1,150,both,110,67,43,60.9,-597.3,2488.2,-0.24
3.75,1.5,55,1,150,long,61,43,18,70.5,809.0,1125.4,0.72
3.75,1.5,55,1,150,short,49,24,25,49.0,-1406.3,1648.1,-0.85
3.75,1.5,55,2,150,both,110,67,43,60.9,-597.3,2488.2,-0.24
3.75,1.5,55,2,150,long,61,43,18,70.5,809.0,1125.4,0.72
3.75,1.5,55,2,150,short,49,24,25,49.0,-1406.3,1648.1,-0.85
3.75,1.5,55,3,150,both,107,65,42,60.7,-609.9,2658.8,-0.23
3.75,1.5,55,3,150,long,60,42,18,70.0,752.3,1182.1,0.64
3.75,1.5,55,3,150,short,47,23,24,48.9,-1362.2,1604.0,-0.85
3.75,1.5,55,4,150,both,107,65,42,60.7,-609.9,2658.8,-0.23
3.75,1.5,55,4,150,long,60,42,18,70.0,752.3,1182.1,0.64
3.75,1.5,55,4,150,short,47,23,24,48.9,-1362.2,1604.0,-0.85
3.75,1.5,65,1,150,both,108,65,43,60.2,-569.8,2192.0,-0.26
3.75,1.5,65,1,150,long,59,42,17,71.2,993.7,928.8,1.07
3.75,1.5,65,1,150,short,49,23,26,46.9,-1563.5,1805.3,-0.87
3.75,1.5,65,2,150,both,108,65,43,60.2,-569.8,2192.0,-0.26
3.75,1.5,65,2,150,long,59,42,17,71.2,993.7,928.8,1.07
3.75,1.5,65,2,150,short,49,23,26,46.9,-1563.5,1805.3,-0.87
3.75,1.5,65,3,150,both,107,65,42,60.7,-411.8,2192.0,-0.19
3.75,1.5,65,3,150,long,59,42,17,71.2,993.7,928.8,1.07
3.75,1.5,65,3,150,short,48,23,25,47.9,-1405.5,1647.3,-0.85
3.75,1.5,65,4,150,both,107,65,42,60.7,-411.8,2192.0,-0.19
3.75,1.5,65,4,150,long,59,42,17,71.2,993.7,928.8,1.07
3.75,1.5,65,4,150,short,48,23,25,47.9,-1405.5,1647.3,-0.85
3.75,1.5,75,1,150,both,108,65,43,60.2,-495.3,2160.6,-0.23
3.75,1.5,75,1,150,long,59,42,17,71.2,1040.1,928.8,1.12
3.75,1.5,75,1,150,short,49,23,26,46.9,-1535.4,1777.2,-0.86
3.75,1.5,75,2,150,both,108,65,43,60.2,-495.3,2160.6,-0.23
3.75,1.5,75,2,150,long,59,42,17,71.2,1040.1,928.8,1.12
3.75,1.5,75,2,150,short,49,23,26,46.9,-1535.4,1777.2,-0.86
3.75,1.5,75,3,150,both,107,65,42,60.7,-337.3,2160.6,-0.16
3.75,1.5,75,3,150,long,59,42,17,71.2,1040.1,928.8,1.12
3.75,1.5,75,3,150,short,48,23,25,47.9,-1377.4,1619.2,-0.85
3.75,1.5,75,4,150,both,107,65,42,60.7,-337.3,2160.6,-0.16
3.75,1.5,75,4,150,long,59,42,17,71.2,1040.1,928.8,1.12
3.75,1.5,75,4,150,short,48,23,25,47.9,-1377.4,1619.2,-0.85
3.75,1.5,85,1,150,both,108,64,44,59.3,-504.0,2160.6,-0.23
3.75,1.5,85,1,150,long,59,41,18,69.5,1031.4,928.8,1.11
3.75,1.5,85,1,150,short,49,23,26,46.9,-1535.4,1777.2,-0.86
3.75,1.5,85,2,150,both,108,64,44,59.3,-504.0,2160.6,-0.23
3.75,1.5,85,2,150,long,59,41,18,69.5,1031.4,928.8,1.11
3.75,1.5,85,2,150,short,49,23,26,46.9,-1535.4,1777.2,-0.86
3.75,1.5,85,3,150,both,107,64,43,59.8,-346.0,2160.6,-0.16
3.75,1.5,85,3,150,long,59,41,18,69.5,1031.4,928.8,1.11
3.75,1.5,85,3,150,short,48,23,25,47.9,-1377.4,1619.2,-0.85
3.75,1.5,85,4,150,both,107,64,43,59.8,-346.0,2160.6,-0.16
3.75,1.5,85,4,150,long,59,41,18,69.5,1031.4,928.8,1.11
3.75,1.5,85,4,150,short,48,23,25,47.9,-1377.4,1619.2,-0.85
3.75,1.5,95,1,150,both,108,63,45,58.3,-565.7,2142.7,-0.26
3.75,1.5,95,1,150,long,59,40,19,67.8,947.0,884.2,1.07
3.75,1.5,95,1,150,short,49,23,26,46.9,-1512.7,1777.2,-0.85
3.75,1.5,95,2,150,both,108,63,45,58.3,-565.7,2142.7,-0.26
3.75,1.5,95,2,150,long,59,40,19,67.8,947.0,884.2,1.07
3.75,1.5,95,2,150,short,49,23,26,46.9,-1512.7,1777.2,-0.85
3.75,1.5,95,3,150,both,107,63,44,58.9,-407.7,1984.7,-0.21
3.75,1.5,95,3,150,long,59,40,19,67.8,947.0,884.2,1.07
3.75,1.5,95,3,150,short,48,23,25,47.9,-1354.7,1619.2,-0.84
3.75,1.5,95,4,150,both,107,63,44,58.9,-407.7,1984.7,-0.21
3.75,1.5,95,4,150,long,59,40,19,67.8,947.0,884.2,1.07
3.75,1.5,95,4,150,short,48,23,25,47.9,-1354.7,1619.2,-0.84
3.75,2.0,55,1,150,both,109,70,39,64.2,-708.4,2486.8,-0.28
3.75,2.0,55,1,150,long,61,43,18,70.5,399.6,1329.8,0.3
3.75,2.0,55,1,150,short,48,27,21,56.2,-1108.0,1871.7,-0.59
3.75,2.0,55,2,150,both,109,70,39,64.2,-708.4,2486.8,-0.28
3.75,2.0,55,2,150,long,61,43,18,70.5,399.6,1329.8,0.3
3.75,2.0,55,2,150,short,48,27,21,56.2,-1108.0,1871.7,-0.59
3.75,2.0,55,3,150,both,106,68,38,64.2,-671.0,2620.8,-0.26
3.75,2.0,55,3,150,long,60,42,18,70.0,342.9,1386.5,0.25
3.75,2.0,55,3,150,short,46,26,20,56.5,-1013.9,1777.6,-0.57
3.75,2.0,55,4,150,both,106,68,38,64.2,-671.0,2620.8,-0.26
3.75,2.0,55,4,150,long,60,42,18,70.0,342.9,1386.5,0.25
3.75,2.0,55,4,150,short,46,26,20,56.5,-1013.9,1777.6,-0.57
3.75,2.0,65,1,150,both,107,69,38,64.5,-569.1,2303.6,-0.25
3.75,2.0,65,1,150,long,59,42,17,71.2,470.3,1255.8,0.37
3.75,2.0,65,1,150,short,48,27,21,56.2,-1039.4,1807.5,-0.58
3.75,2.0,65,2,150,both,107,69,38,64.5,-569.1,2303.6,-0.25
3.75,2.0,65,2,150,long,59,42,17,71.2,470.3,1255.8,0.37
3.75,2.0,65,2,150,short,48,27,21,56.2,-1039.4,1807.5,-0.58
3.75,2.0,65,3,150,both,106,69,37,65.1,-361.1,2268.0,-0.16
3.75,2.0,65,3,150,long,59,42,17,71.2,470.3,1255.8,0.37
3.75,2.0,65,3,150,short,47,27,20,57.4,-831.4,1599.5,-0.52
3.75,2.0,65,4,150,both,106,69,37,65.1,-361.1,2268.0,-0.16
3.75,2.0,65,4,150,long,59,42,17,71.2,470.3,1255.8,0.37
3.75,2.0,65,4,150,short,47,27,20,57.4,-831.4,1599.5,-0.52
3.75,2.0,75,1,150,both,107,69,38,64.5,-494.6,2272.2,-0.22
3.75,2.0,75,1,150,long,59,42,17,71.2,516.7,1255.8,0.41
3.75,2.0,75,1,150,short,48,27,21,56.2,-1011.3,1779.4,-0.57
3.75,2.0,75,2,150,both,107,69,38,64.5,-494.6,2272.2,-0.22
3.75,2.0,75,2,150,long,59,42,17,71.2,516.7,1255.8,0.41
3.75,2.0,75,2,150,short,48,27,21,56.2,-1011.3,1779.4,-0.57
3.75,2.0,75,3,150,both,106,69,37,65.1,-286.6,2236.6,-0.13
3.75,2.0,75,3,150,long,59,42,17,71.2,516.7,1255.8,0.41
3.75,2.0,75,3,150,short,47,27,20,57.4,-803.3,1571.4,-0.51
3.75,2.0,75,4,150,both,106,69,37,65.1,-286.6,2236.6,-0.13
3.75,2.0,75,4,150,long,59,42,17,71.2,516.7,1255.8,0.41
3.75,2.0,75,4,150,short,47,27,20,57.4,-803.3,1571.4,-0.51
3.75,2.0,85,1,150,both,107,68,39,63.6,-553.3,2236.6,-0.25
3.75,2.0,85,1,150,long,59,41,18,69.5,458.0,1255.8,0.36
3.75,2.0,85,1,150,short,48,27,21,56.2,-1011.3,1779.4,-0.57
3.75,2.0,85,2,150,both,107,68,39,63.6,-553.3,2236.6,-0.25
3.75,2.0,85,2,150,long,59,41,18,69.5,458.0,1255.8,0.36
3.75,2.0,85,2,150,short,48,27,21,56.2,-1011.3,1779.4,-0.57
3.75,2.0,85,3,150,both,106,68,38,64.2,-345.3,2236.6,-0.15
3.75,2.0,85,3,150,long,59,41,18,69.5,458.0,1255.8,0.36
3.75,2.0,85,3,150,short,47,27,20,57.4,-803.3,1571.4,-0.51
3.75,2.0,85,4,150,both,106,68,38,64.2,-345.3,2236.6,-0.15
3.75,2.0,85,4,150,long,59,41,18,69.5,458.0,1255.8,0.36
3.75,2.0,85,4,150,short,47,27,20,57.4,-803.3,1571.4,-0.51
3.75,2.0,95,1,150,both,107,67,40,62.6,-665.0,2199.7,-0.3
3.75,2.0,95,1,150,long,59,40,19,67.8,323.6,1161.2,0.28
3.75,2.0,95,1,150,short,48,27,21,56.2,-988.6,1779.4,-0.56
3.75,2.0,95,2,150,both,107,67,40,62.6,-665.0,2199.7,-0.3
3.75,2.0,95,2,150,long,59,40,19,67.8,323.6,1161.2,0.28
3.75,2.0,95,2,150,short,48,27,21,56.2,-988.6,1779.4,-0.56
3.75,2.0,95,3,150,both,106,67,39,63.2,-457.0,2024.2,-0.23
3.75,2.0,95,3,150,long,59,40,19,67.8,323.6,1161.2,0.28
3.75,2.0,95,3,150,short,47,27,20,57.4,-780.6,1571.4,-0.5
3.75,2.0,95,4,150,both,106,67,39,63.2,-457.0,2024.2,-0.23
3.75,2.0,95,4,150,long,59,40,19,67.8,323.6,1161.2,0.28
3.75,2.0,95,4,150,short,47,27,20,57.4,-780.6,1571.4,-0.5
3.75,0.5,55,1,200,both,118,57,61,48.3,1331.3,663.4,2.01
3.75,0.5,55,1,200,long,67,36,31,53.7,1059.1,457.8,2.31
3.75,0.5,55,1,200,short,51,21,30,41.2,272.2,404.0,0.67
3.75,0.5,55,2,200,both,118,57,61,48.3,1331.3,663.4,2.01
3.75,0.5,55,2,200,long,67,36,31,53.7,1059.1,457.8,2.31
3.75,0.5,55,2,200,short,51,21,30,41.2,272.2,404.0,0.67
3.75,0.5,55,3,200,both,115,55,60,47.8,1218.7,834.0,1.46
3.75,0.5,55,3,200,long,66,35,31,53.0,1002.4,514.5,1.95
3.75,0.5,55,3,200,short,49,20,29,40.8,216.3,423.3,0.51
3.75,0.5,55,4,200,both,115,55,60,47.8,1218.7,834.0,1.46
3.75,0.5,55,4,200,long,66,35,31,53.0,1002.4,514.5,1.95
3.75,0.5,55,4,200,short,49,20,29,40.8,216.3,423.3,0.51
3.75,0.5,65,1,200,both,116,54,62,46.6,1275.1,584.6,2.18
3.75,0.5,65,1,200,long,65,34,31,52.3,1060.1,467.5,2.27
3.75,0.5,65,1,200,short,51,20,31,39.2,215.0,404.0,0.53
3.75,0.5,65,2,200,both,116,54,62,46.6,1275.1,584.6,2.18
3.75,0.5,65,2,200,long,65,34,31,52.3,1060.1,467.5,2.27
3.75,0.5,65,2,200,short,51,20,31,39.2,215.0,404.0,0.53
3.75,0.5,65,3,200,both,115,54,61,47.0,1333.1,584.6,2.28
3.75,0.5,65,3,200,long,65,34,31,52.3,1060.1,467.5,2.27
3.75,0.5,65,3,200,short,50,20,30,40.0,273.0,368.4,0.74
3.75,0.5,65,4,200,both,115,54,61,47.0,1333.1,584.6,2.28
3.75,0.5,65,4,200,long,65,34,31,52.3,1060.1,467.5,2.27
3.75,0.5,65,4,200,short,50,20,30,40.0,273.0,368.4,0.74
3.75,0.5,75,1,200,both,116,53,63,45.7,1269.4,552.4,2.3
3.75,0.5,75,1,200,long,65,33,32,50.8,1026.3,435.3,2.36
3.75,0.5,75,1,200,short,51,20,31,39.2,243.1,375.9,0.65
3.75,0.5,75,2,200,both,116,53,63,45.7,1269.4,552.4,2.3
3.75,0.5,75,2,200,long,65,33,32,50.8,1026.3,435.3,2.36
3.75,0.5,75,2,200,short,51,20,31,39.2,243.1,375.9,0.65
3.75,0.5,75,3,200,both,115,53,62,46.1,1327.4,552.4,2.4
3.75,0.5,75,3,200,long,65,33,32,50.8,1026.3,435.3,2.36
3.75,0.5,75,3,200,short,50,20,30,40.0,301.1,340.3,0.88
3.75,0.5,75,4,200,both,115,53,62,46.1,1327.4,552.4,2.4
3.75,0.5,75,4,200,long,65,33,32,50.8,1026.3,435.3,2.36
3.75,0.5,75,4,200,short,50,20,30,40.0,301.1,340.3,0.88
3.75,0.5,85,1,200,both,116,52,64,44.8,1360.7,552.4,2.46
3.75,0.5,85,1,200,long,65,32,33,49.2,1117.6,435.3,2.57
3.75,0.5,85,1,200,short,51,20,31,39.2,243.1,375.9,0.65
3.75,0.5,85,2,200,both,116,52,64,44.8,1360.7,552.4,2.46
3.75,0.5,85,2,200,long,65,32,33,49.2,1117.6,435.3,2.57
3.75,0.5,85,2,200,short,51,20,31,39.2,243.1,375.9,0.65
3.75,0.5,85,3,200,both,115,52,63,45.2,1418.7,552.4,2.57
3.75,0.5,85,3,200,long,65,32,33,49.2,1117.6,435.3,2.57
3.75,0.5,85,3,200,short,50,20,30,40.0,301.1,340.3,0.88
3.75,0.5,85,4,200,both,115,52,63,45.2,1418.7,552.4,2.57
3.75,0.5,85,4,200,long,65,32,33,49.2,1117.6,435.3,2.57
3.75,0.5,85,4,200,short,50,20,30,40.0,301.1,340.3,0.88
3.75,0.5,95,1,200,both,116,49,67,42.2,1239.7,552.4,2.24
3.75,0.5,95,1,200,long,65,29,36,44.6,973.9,403.9,2.41
3.75,0.5,95,1,200,short,51,20,31,39.2,265.8,375.9,0.71
3.75,0.5,95,2,200,both,116,49,67,42.2,1239.7,552.4,2.24
3.75,0.5,95,2,200,long,65,29,36,44.6,973.9,403.9,2.41
3.75,0.5,95,2,200,short,51,20,31,39.2,265.8,375.9,0.71
3.75,0.5,95,3,200,both,115,49,66,42.6,1297.7,552.4,2.35
3.75,0.5,95,3,200,long,65,29,36,44.6,973.9,403.9,2.41
3.75,0.5,95,3,200,short,50,20,30,40.0,323.8,340.3,0.95
3.75,0.5,95,4,200,both,115,49,66,42.6,1297.7,552.4,2.35
3.75,0.5,95,4,200,long,65,29,36,44.6,973.9,403.9,2.41
3.75,0.5,95,4,200,short,50,20,30,40.0,323.8,340.3,0.95
3.75,0.75,55,1,200,both,118,63,55,53.4,865.2,1167.8,0.74
3.75,0.75,55,1,200,long,67,40,27,59.7,1000.0,715.3,1.4
3.75,0.75,55,1,200,short,51,23,28,45.1,-134.8,629.0,-0.21
3.75,0.75,55,2,200,both,118,63,55,53.4,865.2,1167.8,0.74
3.75,0.75,55,2,200,long,67,40,27,59.7,1000.0,715.3,1.4
3.75,0.75,55,2,200,short,51,23,28,45.1,-134.8,629.0,-0.21
3.75,0.75,55,3,200,both,115,61,54,53.0,777.6,1338.4,0.58
3.75,0.75,55,3,200,long,66,39,27,59.1,943.3,772.0,1.22
3.75,0.75,55,3,200,short,49,22,27,44.9,-165.7,635.9,-0.26
3.75,0.75,55,4,200,both,115,61,54,53.0,777.6,1338.4,0.58
3.75,0.75,55,4,200,long,66,39,27,59.1,943.3,772.0,1.22
3.75,0.75,55,4,200,short,49,22,27,44.9,-165.7,635.9,-0.26
3.75,0.75,65,1,200,both,116,61,55,52.6,892.7,946.6,0.94
3.75,0.75,65,1,200,long,65,39,26,60.0,1109.7,641.3,1.73
3.75,0.75,65,1,200,short,51,22,29,43.1,-217.0,661.5,-0.33
3.75,0.75,65,2,200,both,116,61,55,52.6,892.7,946.6,0.94
3.75,0.75,65,2,200,long,65,39,26,60.0,1109.7,641.3,1.73
3.75,0.75,65,2,200,short,51,22,29,43.1,-217.0,661.5,-0.33
3.75,0.75,65,3,200,both,115,61,54,53.0,975.7,946.6,1.03
3.75,0.75,65,3,200,long,65,39,26,60.0,1109.7,641.3,1.73
3.75,0.75,65,3,200,short,50,22,28,44.0,-134.0,578.5,-0.23
3.75,0.75,65,4,200,both,115,61,54,53.0,975.7,946.6,1.03
3.75,0.75,65,4,200,long,65,39,26,60.0,1109.7,641.3,1.73
3.75,0.75,65,4,200,short,50,22,28,44.0,-134.0,578.5,-0.23
3.75,0.75,75,1,200,both,116,61,55,52.6,967.2,904.0,1.07
3.75,0.75,75,1,200,long,65,39,26,60.0,1156.1,609.1,1.9
3.75,0.75,75,1,200,short,51,22,29,43.1,-188.9,633.4,-0.3
3.75,0.75,75,2,200,both,116,61,55,52.6,967.2,904.0,1.07
3.75,0.75,75,2,200,long,65,39,26,60.0,1156.1,609.1,1.9
3.75,0.75,75,2,200,short,51,22,29,43.1,-188.9,633.4,-0.3
3.75,0.75,75,3,200,both,115,61,54,53.0,1050.2,904.0,1.16
3.75,0.75,75,3,200,long,65,39,26,60.0,1156.1,609.1,1.9
3.75,0.75,75,3,200,short,50,22,28,44.0,-105.9,550.4,-0.19
3.75,0.75,75,4,200,both,115,61,54,53.0,1050.2,904.0,1.16
3.75,0.75,75,4,200,long,65,39,26,60.0,1156.1,609.1,1.9
3.75,0.75,75,4,200,short,50,22,28,44.0,-105.9,550.4,-0.19
3.75,0.75,85,1,200,both,116,60,56,51.7,1033.5,904.0,1.14
3.75,0.75,85,1,200,long,65,38,27,58.5,1222.4,609.1,2.01
3.75,0.75,85,1,200,short,51,22,29,43.1,-188.9,633.4,-0.3
3.75,0.75,85,2,200,both,116,60,56,51.7,1033.5,904.0,1.14
3.75,0.75,85,2,200,long,65,38,27,58.5,1222.4,609.1,2.01
3.75,0.75,85,2,200,short,51,22,29,43.1,-188.9,633.4,-0.3
3.75,0.75,85,3,200,both,115,60,55,52.2,1116.5,904.0,1.24
3.75,0.75,85,3,200,long,65,38,27,58.5,1222.4,609.1,2.01
3.75,0.75,85,3,200,short,50,22,28,44.0,-105.9,550.4,-0.19
3.75,0.75,85,4,200,both,115,60,55,52.2,1116.5,904.0,1.24
3.75,0.75,85,4,200,long,65,38,27,58.5,1222.4,609.1,2.01
3.75,0.75,85,4,200,short,50,22,28,44.0,-105.9,550.4,-0.19
3.75,0.75,95,1,200,both,116,56,60,48.3,743.7,691.6,1.08
3.75,0.75,95,1,200,long,65,34,31,52.3,909.9,506.0,1.8
3.75,0.75,95,1,200,short,51,22,29,43.1,-166.2,633.4,-0.26
3.75,0.75,95,2,200,both,116,56,60,48.3,743.7,691.6,1.08
3.75,0.75,95,2,200,long,65,34,31,52.3,909.9,506.0,1.8
3.75,0.75,95,2,200,short,51,22,29,43.1,-166.2,633.4,-0.26
3.75,0.75,95,3,200,both,115,56,59,48.7,826.7,691.6,1.2
3.75,0.75,95,3,200,long,65,34,31,52.3,909.9,506.0,1.8
3.75,0.75,95,3,200,short,50,22,28,44.0,-83.2,550.4,-0.15
3.75,0.75,95,4,200,both,115,56,59,48.7,826.7,691.6,1.2
3.75,0.75,95,4,200,long,65,34,31,52.3,909.9,506.0,1.8
3.75,0.75,95,4,200,short,50,22,28,44.0,-83.2,550.4,-0.15
3.75,1.0,55,1,200,both,118,67,51,56.8,461.1,1422.8,0.32
3.75,1.0,55,1,200,long,67,42,25,62.7,737.5,950.0,0.78
3.75,1.0,55,1,200,short,51,25,26,49.0,-276.4,854.0,-0.32
3.75,1.0,55,2,200,both,118,67,51,56.8,461.1,1422.8,0.32
3.75,1.0,55,2,200,long,67,42,25,62.7,737.5,950.0,0.78
3.75,1.0,55,2,200,short,51,25,26,49.0,-276.4,854.0,-0.32
3.75,1.0,55,3,200,both,115,65,50,56.5,398.5,1593.4,0.25
3.75,1.0,55,3,200,long,66,41,25,62.1,680.8,1006.7,0.68
3.75,1.0,55,3,200,short,49,24,25,49.0,-282.3,746.0,-0.38
3.75,1.0,55,4,200,both,115,65,50,56.5,398.5,1593.4,0.25
3.75,1.0,55,4,200,long,66,41,25,62.1,680.8,1006.7,0.68
3.75,1.0,55,4,200,short,49,24,25,49.0,-282.3,746.0,-0.38
3.75,1.0,65,1,200,both,116,65,51,56.0,488.6,1176.6,0.42
3.75,1.0,65,1,200,long,65,41,24,63.1,872.2,853.4,1.02
3.75,1.0,65,1,200,short,51,24,27,47.1,-383.6,965.5,-0.4
3.75,1.0,65,2,200,both,116,65,51,56.0,488.6,1176.6,0.42
3.75,1.0,65,2,200,long,65,41,24,63.1,872.2,853.4,1.02
3.75,1.0,65,2,200,short,51,24,27,47.1,-383.6,965.5,-0.4
3.75,1.0,65,3,200,both,115,65,50,56.5,596.6,1176.6,0.51
3.75,1.0,65,3,200,long,65,41,24,63.1,872.2,853.4,1.02
3.75,1.0,65,3,200,short,50,24,26,48.0,-275.6,857.5,-0.32
3.75,1.0,65,4,200,both,115,65,50,56.5,596.6,1176.6,0.51
3.75,1.0,65,4,200,long,65,41,24,63.1,872.2,853.4,1.02
3.75,1.0,65,4,200,short,50,24,26,48.0,-275.6,857.5,-0.32
3.75,1.0,75,1,200,both,116,65,51,56.0,563.1,1117.0,0.5
3.75,1.0,75,1,200,long,65,41,24,63.1,918.6,853.4,1.08
3.75,1.0,75,1,200,short,51,24,27,47.1,-355.5,937.4,-0.38
3.75,1.0,75,2,200,both,116,65,51,56.0,563.1,1117.0,0.5
3.75,1.0,75,2,200,long,65,41,24,63.1,918.6,853.4,1.08
3.75,1.0,75,2,200,short,51,24,27,47.1,-355.5,937.4,-0.38
3.75,1.0,75,3,200,both,115,65,50,56.5,671.1,1117.0,0.6
3.75,1.0,75,3,200,long,65,41,24,63.1,918.6,853.4,1.08
3.75,1.0,75,3,200,short,50,24,26,48.0,-247.5,829.4,-0.3
3.75,1.0,75,4,200,both,115,65,50,56.5,671.1,1117.0,0.6
3.75,1.0,75,4,200,long,65,41,24,63.1,918.6,853.4,1.08
3.75,1.0,75,4,200,short,50,24,26,48.0,-247.5,829.4,-0.3
3.75,1.0,85,1,200,both,116,64,52,55.2,604.4,1117.0,0.54
3.75,1.0,85,1,200,long,65,40,25,61.5,959.9,853.4,1.12
3.75,1.0,85,1,200,short,51,24,27,47.1,-355.5,937.4,-0.38
3.75,1.0,85,2,200,both,116,64,52,55.2,604.4,1117.0,0.54
3.75,1.0,85,2,200,long,65,40,25,61.5,959.9,853.4,1.12
3.75,1.0,85,2,200,short,51,24,27,47.1,-355.5,937.4,-0.38
3.75,1.0,85,3,200,both,115,64,51,55.7,712.4,1117.0,0.64
3.75,1.0,85,3,200,long,65,40,25,61.5,959.9,853.4,1.12
3.75,1.0,85,3,200,short,50,24,26,48.0,-247.5,829.4,-0.3
3.75,1.0,85,4,200,both,115,64,51,55.7,712.4,1117.0,0.64
3.75,1.0,85,4,200,long,65,40,25,61.5,959.9,853.4,1.12
3.75,1.0,85,4,200,short,50,24,26,48.0,-247.5,829.4,-0.3
3.75,1.0,95,1,200,both,116,60,56,51.7,214.6,904.6,0.24
3.75,1.0,95,1,200,long,65,36,29,55.4,547.4,799.9,0.68
3.75,1.0,95,1,200,short,51,24,27,47.1,-332.8,937.4,-0.36
3.75,1.0,95,2,200,both,116,60,56,51.7,214.6,904.6,0.24
3.75,1.0,95,2,200,long,65,36,29,55.4,547.4,799.9,0.68
3.75,1.0,95,2,200,short,51,24,27,47.1,-332.8,937.4,-0.36
3.75,1.0,95,3,200,both,115,60,55,52.2,322.6,904.6,0.36
3.75,1.0,95,3,200,long,65,36,29,55.4,547.4,799.9,0.68
3.75,1.0,95,3,200,short,50,24,26,48.0,-224.8,829.4,-0.27
3.75,1.0,95,4,200,both,115,60,55,52.2,322.6,904.6,0.36
3.75,1.0,95,4,200,long,65,36,29,55.4,547.4,799.9,0.68
3.75,1.0,95,4,200,short,50,24,26,48.0,-224.8,829.4,-0.27
3.75,1.25,55,1,200,both,118,71,47,60.2,39.4,1844.8,0.02
3.75,1.25,55,1,200,long,67,45,22,67.2,739.9,987.8,0.75
3.75,1.25,55,1,200,short,51,26,25,51.0,-700.5,1079.0,-0.65
3.75,1.25,55,2,200,both,118,71,47,60.2,39.4,1844.8,0.02
3.75,1.25,55,2,200,long,67,45,22,67.2,739.9,987.8,0.75
3.75,1.25,55,2,200,short,51,26,25,51.0,-700.5,1079.0,-0.65
3.75,1.25,55,3,200,both,115,69,46,60.0,1.8,2015.4,0.0
3.75,1.25,55,3,200,long,66,44,22,66.7,683.2,1044.5,0.65
3.75,1.25,55,3,200,short,49,25,24,51.0,-681.4,1034.0,-0.66
3.75,1.25,55,4,200,both,115,69,46,60.0,1.8,2015.4,0.0
3.75,1.25,55,4,200,long,66,44,22,66.7,683.2,1044.5,0.65
3.75,1.25,55,4,200,short,49,25,24,51.0,-681.4,1034.0,-0.66
3.75,1.25,65,1,200,both,116,69,47,59.5,66.9,1573.6,0.04
3.75,1.25,65,1,200,long,65,44,21,67.7,899.6,841.2,1.07
3.75,1.25,65,1,200,short,51,25,26,49.0,-832.7,1189.6,-0.7
3.75,1.25,65,2,200,both,116,69,47,59.5,66.9,1573.6,0.04
3.75,1.25,65,2,200,long,65,44,21,67.7,899.6,841.2,1.07
3.75,1.25,65,2,200,short,51,25,26,49.0,-832.7,1189.6,-0.7
3.75,1.25,65,3,200,both,115,69,46,60.0,199.9,1573.6,0.13
3.75,1.25,65,3,200,long,65,44,21,67.7,899.6,841.2,1.07
3.75,1.25,65,3,200,short,50,25,25,50.0,-699.7,1056.6,-0.66
3.75,1.25,65,4,200,both,115,69,46,60.0,199.9,1573.6,0.13
3.75,1.25,65,4,200,long,65,44,21,67.7,899.6,841.2,1.07
3.75,1.25,65,4,200,short,50,25,25,50.0,-699.7,1056.6,-0.66
3.75,1.25,75,1,200,both,116,69,47,59.5,141.4,1542.2,0.09
3.75,1.25,75,1,200,long,65,44,21,67.7,946.0,841.2,1.12
3.75,1.25,75,1,200,short,51,25,26,49.0,-804.6,1161.5,-0.69
3.75,1.25,75,2,200,both,116,69,47,59.5,141.4,1542.2,0.09
3.75,1.25,75,2,200,long,65,44,21,67.7,946.0,841.2,1.12
3.75,1.25,75,2,200,short,51,25,26,49.0,-804.6,1161.5,-0.69
3.75,1.25,75,3,200,both,115,69,46,60.0,274.4,1542.2,0.18
3.75,1.25,75,3,200,long,65,44,21,67.7,946.0,841.2,1.12
3.75,1.25,75,3,200,short,50,25,25,50.0,-671.6,1028.5,-0.65
3.75,1.25,75,4,200,both,115,69,46,60.0,274.4,1542.2,0.18
3.75,1.25,75,4,200,long,65,44,21,67.7,946.0,841.2,1.12
3.75,1.25,75,4,200,short,50,25,25,50.0,-671.6,1028.5,-0.65
3.75,1.25,85,1,200,both,116,68,48,58.6,157.7,1542.2,0.1
3.75,1.25,85,1,200,long,65,43,22,66.2,962.3,841.2,1.14
3.75,1.25,85,1,200,short,51,25,26,49.0,-804.6,1161.5,-0.69
3.75,1.25,85,2,200,both,116,68,48,58.6,157.7,1542.2,0.1
3.75,1.25,85,2,200,long,65,43,22,66.2,962.3,841.2,1.14
3.75,1.25,85,2,200,short,51,25,26,49.0,-804.6,1161.5,-0.69
3.75,1.25,85,3,200,both,115,68,47,59.1,290.7,1542.2,0.19
3.75,1.25,85,3,200,long,65,43,22,66.2,962.3,841.2,1.14
3.75,1.25,85,3,200,short,50,25,25,50.0,-671.6,1028.5,-0.65
3.75,1.25,85,4,200,both,115,68,47,59.1,290.7,1542.2,0.19
3.75,1.25,85,4,200,long,65,43,22,66.2,962.3,841.2,1.14
3.75,1.25,85,4,200,short,50,25,25,50.0,-671.6,1028.5,-0.65
3.75,1.25,95,1,200,both,116,65,51,56.0,-198.7,1329.8,-0.15
3.75,1.25,95,1,200,long,65,40,25,61.5,583.2,821.6,0.71
3.75,1.25,95,1,200,short,51,25,26,49.0,-781.9,1161.5,-0.67
3.75,1.25,95,2,200,both,116,65,51,56.0,-198.7,1329.8,-0.15
3.75,1.25,95,2,200,long,65,40,25,61.5,583.2,821.6,0.71
3.75,1.25,95,2,200,short,51,25,26,49.0,-781.9,1161.5,-0.67
3.75,1.25,95,3,200,both,115,65,50,56.5,-65.7,1329.8,-0.05
3.75,1.25,95,3,200,long,65,40,25,61.5,583.2,821.6,0.71
3.75,1.25,95,3,200,short,50,25,25,50.0,-648.9,1028.5,-0.63
3.75,1.25,95,4,200,both,115,65,50,56.5,-65.7,1329.8,-0.05
3.75,1.25,95,4,200,long,65,40,25,61.5,583.2,821.6,0.71
3.75,1.25,95,4,200,short,50,25,25,50.0,-648.9,1028.5,-0.63
3.75,1.5,55,1,200,both,117,71,46,60.7,-877.6,2392.4,-0.37
3.75,1.5,55,1,200,long,66,45,21,68.2,372.9,1179.8,0.32
3.75,1.5,55,1,200,short,51,26,25,51.0,-1250.5,1492.3,-0.84
3.75,1.5,55,2,200,both,117,71,46,60.7,-877.6,2392.4,-0.37
3.75,1.5,55,2,200,long,66,45,21,68.2,372.9,1179.8,0.32
3.75,1.5,55,2,200,short,51,26,25,51.0,-1250.5,1492.3,-0.84
3.75,1.5,55,3,200,both,114,69,45,60.5,-890.2,2563.0,-0.35
3.75,1.5,55,3,200,long,65,44,21,67.7,316.2,1236.5,0.26
3.75,1.5,55,3,200,short,49,25,24,51.0,-1206.4,1448.2,-0.83
3.75,1.5,55,4,200,both,114,69,45,60.5,-890.2,2563.0,-0.35
3.75,1.5,55,4,200,long,65,44,21,67.7,316.2,1236.5,0.26
3.75,1.5,55,4,200,short,49,25,24,51.0,-1206.4,1448.2,-0.83
3.75,1.5,65,1,200,both,115,69,46,60.0,-850.1,2096.2,-0.41
3.75,1.5,65,1,200,long,64,44,20,68.8,557.6,983.2,0.57
3.75,1.5,65,1,200,short,51,25,26,49.0,-1407.7,1649.5,-0.85
3.75,1.5,65,2,200,both,115,69,46,60.0,-850.1,2096.2,-0.41
3.75,1.5,65,2,200,long,64,44,20,68.8,557.6,983.2,0.57
3.75,1.5,65,2,200,short,51,25,26,49.0,-1407.7,1649.5,-0.85
3.75,1.5,65,3,200,both,114,69,45,60.5,-692.1,2096.2,-0.33
3.75,1.5,65,3,200,long,64,44,20,68.8,557.6,983.2,0.57
3.75,1.5,65,3,200,short,50,25,25,50.0,-1249.7,1491.5,-0.84
3.75,1.5,65,4,200,both,114,69,45,60.5,-692.1,2096.2,-0.33
3.75,1.5,65,4,200,long,64,44,20,68.8,557.6,983.2,0.57
3.75,1.5,65,4,200,short,50,25,25,50.0,-1249.7,1491.5,-0.84
3.75,1.5,75,1,200,both,115,69,46,60.0,-775.6,2059.2,-0.38
3.75,1.5,75,1,200,long,64,44,20,68.8,604.0,983.2,0.61
3.75,1.5,75,1,200,short,51,25,26,49.0,-1379.6,1621.4,-0.85
3.75,1.5,75,2,200,both,115,69,46,60.0,-775.6,2059.2,-0.38
3.75,1.5,75,2,200,long,64,44,20,68.8,604.0,983.2,0.61
3.75,1.5,75,2,200,short,51,25,26,49.0,-1379.6,1621.4,-0.85
3.75,1.5,75,3,200,both,114,69,45,60.5,-617.6,2059.2,-0.3
3.75,1.5,75,3,200,long,64,44,20,68.8,604.0,983.2,0.61
3.75,1.5,75,3,200,short,50,25,25,50.0,-1221.6,1463.4,-0.83
3.75,1.5,75,4,200,both,114,69,45,60.5,-617.6,2059.2,-0.3
3.75,1.5,75,4,200,long,64,44,20,68.8,604.0,983.2,0.61
3.75,1.5,75,4,200,short,50,25,25,50.0,-1221.6,1463.4,-0.83
3.75,1.5,85,1,200,both,115,68,47,59.1,-784.3,2059.2,-0.38
3.75,1.5,85,1,200,long,64,43,21,67.2,595.3,983.2,0.61
3.75,1.5,85,1,200,short,51,25,26,49.0,-1379.6,1621.4,-0.85
3.75,1.5,85,2,200,both,115,68,47,59.1,-784.3,2059.2,-0.38
3.75,1.5,85,2,200,long,64,43,21,67.2,595.3,983.2,0.61
3.75,1.5,85,2,200,short,51,25,26,49.0,-1379.6,1621.4,-0.85
3.75,1.5,85,3,200,both,114,68,46,59.6,-626.3,2059.2,-0.3
3.75,1.5,85,3,200,long,64,43,21,67.2,595.3,983.2,0.61
3.75,1.5,85,3,200,short,50,25,25,50.0,-1221.6,1463.4,-0.83
3.75,1.5,85,4,200,both,114,68,46,59.6,-626.3,2059.2,-0.3
3.75,1.5,85,4,200,long,64,43,21,67.2,595.3,983.2,0.61
3.75,1.5,85,4,200,short,50,25,25,50.0,-1221.6,1463.4,-0.83
3.75,1.5,95,1,200,both,115,65,50,56.5,-1215.7,2050.1,-0.59
3.75,1.5,95,1,200,long,64,40,24,62.5,141.2,938.6,0.15
3.75,1.5,95,1,200,short,51,25,26,49.0,-1356.9,1621.4,-0.84
3.75,1.5,95,2,200,both,115,65,50,56.5,-1215.7,2050.1,-0.59
3.75,1.5,95,2,200,long,64,40,24,62.5,141.2,938.6,0.15
3.75,1.5,95,2,200,short,51,25,26,49.0,-1356.9,1621.4,-0.84
3.75,1.5,95,3,200,both,114,65,49,57.0,-1057.7,1892.1,-0.56
3.75,1.5,95,3,200,long,64,40,24,62.5,141.2,938.6,0.15
3.75,1.5,95,3,200,short,50,25,25,50.0,-1198.9,1463.4,-0.82
3.75,1.5,95,4,200,both,114,65,49,57.0,-1057.7,1892.1,-0.56
3.75,1.5,95,4,200,long,64,40,24,62.5,141.2,938.6,0.15
3.75,1.5,95,4,200,short,50,25,25,50.0,-1198.9,1463.4,-0.82
3.75,2.0,55,1,200,both,114,74,40,64.9,-722.7,2331.0,-0.31
3.75,2.0,55,1,200,long,64,45,19,70.3,229.5,1329.8,0.17
3.75,2.0,55,1,200,short,50,29,21,58.0,-952.2,1715.9,-0.55
3.75,2.0,55,2,200,both,114,74,40,64.9,-722.7,2331.0,-0.31
3.75,2.0,55,2,200,long,64,45,19,70.3,229.5,1329.8,0.17
3.75,2.0,55,2,200,short,50,29,21,58.0,-952.2,1715.9,-0.55
3.75,2.0,55,3,200,both,111,72,39,64.9,-685.3,2465.0,-0.28
3.75,2.0,55,3,200,long,63,44,19,69.8,172.8,1386.5,0.12
3.75,2.0,55,3,200,short,48,28,20,58.3,-858.1,1621.8,-0.53
3.75,2.0,55,4,200,both,111,72,39,64.9,-685.3,2465.0,-0.28
3.75,2.0,55,4,200,long,63,44,19,69.8,172.8,1386.5,0.12
3.75,2.0,55,4,200,short,48,28,20,58.3,-858.1,1621.8,-0.53
3.75,2.0,65,1,200,both,112,73,39,65.2,-583.4,2114.5,-0.28
3.75,2.0,65,1,200,long,62,44,18,71.0,300.2,1255.8,0.24
3.75,2.0,65,1,200,short,50,29,21,58.0,-883.6,1651.7,-0.53
3.75,2.0,65,2,200,both,112,73,39,65.2,-583.4,2114.5,-0.28
3.75,2.0,65,2,200,long,62,44,18,71.0,300.2,1255.8,0.24
3.75,2.0,65,2,200,short,50,29,21,58.0,-883.6,1651.7,-0.53
3.75,2.0,65,3,200,both,111,73,38,65.8,-375.4,2112.2,-0.18
3.75,2.0,65,3,200,long,62,44,18,71.0,300.2,1255.8,0.24
3.75,2.0,65,3,200,short,49,29,20,59.2,-675.6,1443.7,-0.47
3.75,2.0,65,4,200,both,111,73,38,65.8,-375.4,2112.2,-0.18
3.75,2.0,65,4,200,long,62,44,18,71.0,300.2,1255.8,0.24
3.75,2.0,65,4,200,short,49,29,20,59.2,-675.6,1443.7,-0.47
3.75,2.0,75,1,200,both,112,73,39,65.2,-508.9,2083.1,-0.24
3.75,2.0,75,1,200,long,62,44,18,71.0,346.6,1255.8,0.28
3.75,2.0,75,1,200,short,50,29,21,58.0,-855.5,1623.6,-0.53
3.75,2.0,75,2,200,both,112,73,39,65.2,-508.9,2083.1,-0.24
3.75,2.0,75,2,200,long,62,44,18,71.0,346.6,1255.8,0.28
3.75,2.0,75,2,200,short,50,29,21,58.0,-855.5,1623.6,-0.53
3.75,2.0,75,3,200,both,111,73,38,65.8,-300.9,2080.8,-0.14
3.75,2.0,75,3,200,long,62,44,18,71.0,346.6,1255.8,0.28
3.75,2.0,75,3,200,short,49,29,20,59.2,-647.5,1415.6,-0.46
3.75,2.0,75,4,200,both,111,73,38,65.8,-300.9,2080.8,-0.14
3.75,2.0,75,4,200,long,62,44,18,71.0,346.6,1255.8,0.28
3.75,2.0,75,4,200,short,49,29,20,59.2,-647.5,1415.6,-0.46
3.75,2.0,85,1,200,both,112,72,40,64.3,-567.6,2080.8,-0.27
3.75,2.0,85,1,200,long,62,43,19,69.4,287.9,1255.8,0.23
3.75,2.0,85,1,200,short,50,29,21,58.0,-855.5,1623.6,-0.53
3.75,2.0,85,2,200,both,112,72,40,64.3,-567.6,2080.8,-0.27
3.75,2.0,85,2,200,long,62,43,19,69.4,287.9,1255.8,0.23
3.75,2.0,85,2,200,short,50,29,21,58.0,-855.5,1623.6,-0.53
3.75,2.0,85,3,200,both,111,72,39,64.9,-359.6,2080.8,-0.17
3.75,2.0,85,3,200,long,62,43,19,69.4,287.9,1255.8,0.23
3.75,2.0,85,3,200,short,49,29,20,59.2,-647.5,1415.6,-0.46
3.75,2.0,85,4,200,both,111,72,39,64.9,-359.6,2080.8,-0.17
3.75,2.0,85,4,200,long,62,43,19,69.4,287.9,1255.8,0.23
3.75,2.0,85,4,200,short,49,29,20,59.2,-647.5,1415.6,-0.46
3.75,2.0,95,1,200,both,112,69,43,61.6,-1149.0,2144.7,-0.54
3.75,2.0,95,1,200,long,62,40,22,64.5,-316.2,1161.2,-0.27
3.75,2.0,95,1,200,short,50,29,21,58.0,-832.8,1623.6,-0.51
3.75,2.0,95,2,200,both,112,69,43,61.6,-1149.0,2144.7,-0.54
3.75,2.0,95,2,200,long,62,40,22,64.5,-316.2,1161.2,-0.27
3.75,2.0,95,2,200,short,50,29,21,58.0,-832.8,1623.6,-0.51
3.75,2.0,95,3,200,both,111,69,42,62.2,-941.0,1936.7,-0.49
3.75,2.0,95,3,200,long,62,40,22,64.5,-316.2,1161.2,-0.27
3.75,2.0,95,3,200,short,49,29,20,59.2,-624.8,1415.6,-0.44
3.75,2.0,95,4,200,both,111,69,42,62.2,-941.0,1936.7,-0.49
3.75,2.0,95,4,200,long,62,40,22,64.5,-316.2,1161.2,-0.27
3.75,2.0,95,4,200,short,49,29,20,59.2,-624.8,1415.6,-0.44
3.75,0.5,55,1,250,both,118,59,59,50.0,1493.1,571.1,2.61
3.75,0.5,55,1,250,long,65,36,29,55.4,1183.2,401.5,2.95
3.75,0.5,55,1,250,short,53,23,30,43.4,309.9,426.4,0.73
3.75,0.5,55,2,250,both,118,59,59,50.0,1493.1,571.1,2.61
3.75,0.5,55,2,250,long,65,36,29,55.4,1183.2,401.5,2.95
3.75,0.5,55,2,250,short,53,23,30,43.4,309.9,426.4,0.73
3.75,0.5,55,3,250,both,115,57,58,49.6,1380.5,741.7,1.86
3.75,0.5,55,3,250,long,64,35,29,54.7,1126.5,458.2,2.46
3.75,0.5,55,3,250,short,51,22,29,43.1,254.0,458.4,0.55
3.75,0.5,55,4,250,both,115,57,58,49.6,1380.5,741.7,1.86
3.75,0.5,55,4,250,long,64,35,29,54.7,1126.5,458.2,2.46
3.75,0.5,55,4,250,short,51,22,29,43.1,254.0,458.4,0.55
3.75,0.5,65,1,250,both,116,56,60,48.3,1402.8,560.9,2.5
3.75,0.5,65,1,250,long,63,34,29,54.0,993.3,554.3,1.79
3.75,0.5,65,1,250,short,53,22,31,41.5,409.5,426.4,0.96
3.75,0.5,65,2,250,both,116,56,60,48.3,1402.8,560.9,2.5
3.75,0.5,65,2,250,long,63,34,29,54.0,993.3,554.3,1.79
3.75,0.5,65,2,250,short,53,22,31,41.5,409.5,426.4,0.96
3.75,0.5,65,3,250,both,115,56,59,48.7,1460.8,560.9,2.6
3.75,0.5,65,3,250,long,63,34,29,54.0,993.3,554.3,1.79
3.75,0.5,65,3,250,short,52,22,30,42.3,467.5,426.4,1.1
3.75,0.5,65,4,250,both,115,56,59,48.7,1460.8,560.9,2.6
3.75,0.5,65,4,250,long,63,34,29,54.0,993.3,554.3,1.79
3.75,0.5,65,4,250,short,52,22,30,42.3,467.5,426.4,1.1
3.75,0.5,75,1,250,both,116,55,61,47.4,1406.7,529.5,2.66
3.75,0.5,75,1,250,long,63,33,30,52.4,969.1,554.3,1.75
3.75,0.5,75,1,250,short,53,22,31,41.5,437.6,398.3,1.1
3.75,0.5,75,2,250,both,116,55,61,47.4,1406.7,529.5,2.66
3.75,0.5,75,2,250,long,63,33,30,52.4,969.1,554.3,1.75
3.75,0.5,75,2,250,short,53,22,31,41.5,437.6,398.3,1.1
3.75,0.5,75,3,250,both,115,55,60,47.8,1464.7,529.5,2.77
3.75,0.5,75,3,250,long,63,33,30,52.4,969.1,554.3,1.75
3.75,0.5,75,3,250,short,52,22,30,42.3,495.6,398.3,1.24
3.75,0.5,75,4,250,both,115,55,60,47.8,1464.7,529.5,2.77
3.75,0.5,75,4,250,long,63,33,30,52.4,969.1,554.3,1.75
3.75,0.5,75,4,250,short,52,22,30,42.3,495.6,398.3,1.24
3.75,0.5,85,1,250,both,116,54,62,46.6,1498.0,529.5,2.83
3.75,0.5,85,1,250,long,63,32,31,50.8,1060.4,554.3,1.91
3.75,0.5,85,1,250,short,53,22,31,41.5,437.6,398.3,1.1
3.75,0.5,85,2,250,both,116,54,62,46.6,1498.0,529.5,2.83
3.75,0.5,85,2,250,long,63,32,31,50.8,1060.4,554.3,1.91
3.75,0.5,85,2,250,short,53,22,31,41.5,437.6,398.3,1.1
3.75,0.5,85,3,250,both,115,54,61,47.0,1556.0,529.5,2.94
3.75,0.5,85,3,250,long,63,32,31,50.8,1060.4,554.3,1.91
3.75,0.5,85,3,250,short,52,22,30,42.3,495.6,398.3,1.24
3.75,0.5,85,4,250,both,115,54,61,47.0,1556.0,529.5,2.94
3.75,0.5,85,4,250,long,63,32,31,50.8,1060.4,554.3,1.91
3.75,0.5,85,4,250,short,52,22,30,42.3,495.6,398.3,1.24
3.75,0.5,95,1,250,both,116,51,65,44.0,1377.0,489.0,2.82
3.75,0.5,95,1,250,long,63,29,34,46.0,916.7,522.9,1.75
3.75,0.5,95,1,250,short,53,22,31,41.5,460.3,398.3,1.16
3.75,0.5,95,2,250,both,116,51,65,44.0,1377.0,489.0,2.82
3.75,0.5,95,2,250,long,63,29,34,46.0,916.7,522.9,1.75
3.75,0.5,95,2,250,short,53,22,31,41.5,460.3,398.3,1.16
3.75,0.5,95,3,250,both,115,51,64,44.3,1435.0,489.0,2.93
3.75,0.5,95,3,250,long,63,29,34,46.0,916.7,522.9,1.75
3.75,0.5,95,3,250,short,52,22,30,42.3,518.3,398.3,1.3
3.75,0.5,95,4,250,both,115,51,64,44.3,1435.0,489.0,2.93
3.75,0.5,95,4,250,long,63,29,34,46.0,916.7,522.9,1.75
3.75,0.5,95,4,250,short,52,22,30,42.3,518.3,398.3,1.3
3.75,0.75,55,1,250,both,118,64,54,54.2,802.0,1073.1,0.75
3.75,0.75,55,1,250,long,65,39,26,60.0,924.1,621.6,1.49
3.75,0.75,55,1,250,short,53,25,28,47.2,-122.1,656.8,-0.19
3.75,0.75,55,2,250,both,118,64,54,54.2,802.0,1073.1,0.75
3.75,0.75,55,2,250,long,65,39,26,60.0,924.1,621.6,1.49
3.75,0.75,55,2,250,short,53,25,28,47.2,-122.1,656.8,-0.19
3.75,0.75,55,3,250,both,115,62,53,53.9,714.4,1243.7,0.57
3.75,0.75,55,3,250,long,64,38,26,59.4,867.4,678.3,1.28
3.75,0.75,55,3,250,short,51,24,27,47.1,-153.0,628.2,-0.24
3.75,0.75,55,4,250,both,115,62,53,53.9,714.4,1243.7,0.57
3.75,0.75,55,4,250,long,64,38,26,59.4,867.4,678.3,1.28
3.75,0.75,55,4,250,short,51,24,27,47.1,-153.0,628.2,-0.24
3.75,0.75,65,1,250,both,116,62,54,53.4,795.4,954.2,0.83
3.75,0.75,65,1,250,long,63,38,25,60.3,842.9,690.7,1.22
3.75,0.75,65,1,250,short,53,24,29,45.3,-47.5,628.2,-0.08
3.75,0.75,65,2,250,both,116,62,54,53.4,795.4,954.2,0.83
3.75,0.75,65,2,250,long,63,38,25,60.3,842.9,690.7,1.22
3.75,0.75,65,2,250,short,53,24,29,45.3,-47.5,628.2,-0.08
3.75,0.75,65,3,250,both,115,62,53,53.9,878.4,954.2,0.92
3.75,0.75,65,3,250,long,63,38,25,60.3,842.9,690.7,1.22
3.75,0.75,65,3,250,short,52,24,28,46.2,35.5,628.2,0.06
3.75,0.75,65,4,250,both,115,62,53,53.9,878.4,954.2,0.92
3.75,0.75,65,4,250,long,63,38,25,60.3,842.9,690.7,1.22
3.75,0.75,65,4,250,short,52,24,28,46.2,35.5,628.2,0.06
3.75,0.75,75,1,250,both,116,62,54,53.4,879.5,922.8,0.95
3.75,0.75,75,1,250,long,63,38,25,60.3,898.9,690.7,1.3
3.75,0.75,75,1,250,short,53,24,29,45.3,-19.4,600.1,-0.03
3.75,0.75,75,2,250,both,116,62,54,53.4,879.5,922.8,0.95
3.75,0.75,75,2,250,long,63,38,25,60.3,898.9,690.7,1.3
3.75,0.75,75,2,250,short,53,24,29,45.3,-19.4,600.1,-0.03
3.75,0.75,75,3,250,both,115,62,53,53.9,962.5,922.8,1.04
3.75,0.75,75,3,250,long,63,38,25,60.3,898.9,690.7,1.3
3.75,0.75,75,3,250,short,52,24,28,46.2,63.6,600.1,0.11
3.75,0.75,75,4,250,both,115,62,53,53.9,962.5,922.8,1.04
3.75,0.75,75,4,250,long,63,38,25,60.3,898.9,690.7,1.3
3.75,0.75,75,4,250,short,52,24,28,46.2,63.6,600.1,0.11
3.75,0.75,85,1,250,both,116,61,55,52.6,945.8,922.8,1.02
3.75,0.75,85,1,250,long,63,37,26,58.7,965.2,690.7,1.4
3.75,0.75,85,1,250,short,53,24,29,45.3,-19.4,600.1,-0.03
3.75,0.75,85,2,250,both,116,61,55,52.6,945.8,922.8,1.02
3.75,0.75,85,2,250,long,63,37,26,58.7,965.2,690.7,1.4
3.75,0.75,85,2,250,short,53,24,29,45.3,-19.4,600.1,-0.03
3.75,0.75,85,3,250,both,115,61,54,53.0,1028.8,922.8,1.11
3.75,0.75,85,3,250,long,63,37,26,58.7,965.2,690.7,1.4
3.75,0.75,85,3,250,short,52,24,28,46.2,63.6,600.1,0.11
3.75,0.75,85,4,250,both,115,61,54,53.0,1028.8,922.8,1.11
3.75,0.75,85,4,250,long,63,37,26,58.7,965.2,690.7,1.4
3.75,0.75,85,4,250,short,52,24,28,46.2,63.6,600.1,0.11
3.75,0.75,95,1,250,both,116,57,59,49.1,656.0,710.4,0.92
3.75,0.75,95,1,250,long,63,33,30,52.4,652.7,587.6,1.11
3.75,0.75,95,1,250,short,53,24,29,45.3,3.3,600.1,0.01
3.75,0.75,95,2,250,both,116,57,59,49.1,656.0,710.4,0.92
3.75,0.75,95,2,250,long,63,33,30,52.4,652.7,587.6,1.11
3.75,0.75,95,2,250,short,53,24,29,45.3,3.3,600.1,0.01
3.75,0.75,95,3,250,both,115,57,58,49.6,739.0,710.4,1.04
3.75,0.75,95,3,250,long,63,33,30,52.4,652.7,587.6,1.11
3.75,0.75,95,3,250,short,52,24,28,46.2,86.3,600.1,0.14
3.75,0.75,95,4,250,both,115,57,58,49.6,739.0,710.4,1.04
3.75,0.75,95,4,250,long,63,33,30,52.4,652.7,587.6,1.11
3.75,0.75,95,4,250,short,52,24,28,46.2,86.3,600.1,0.14
3.75,1.0,55,1,250,both,118,70,48,59.3,1056.0,782.5,1.35
3.75,1.0,55,1,250,long,65,41,24,63.1,686.6,882.0,0.78
3.75,1.0,55,1,250,short,53,29,24,54.7,369.4,506.7,0.73
3.75,1.0,55,2,250,both,118,70,48,59.3,1056.0,782.5,1.35
3.75,1.0,55,2,250,long,65,41,24,63.1,686.6,882.0,0.78
3.75,1.0,55,2,250,short,53,29,24,54.7,369.4,506.7,0.73
3.75,1.0,55,3,250,both,115,68,47,59.1,993.4,953.1,1.04
3.75,1.0,55,3,250,long,64,40,24,62.5,629.9,938.7,0.67
3.75,1.0,55,3,250,short,51,28,23,54.9,363.5,506.7,0.72
3.75,1.0,55,4,250,both,115,68,47,59.1,993.4,953.1,1.04
3.75,1.0,55,4,250,long,64,40,24,62.5,629.9,938.7,0.67
3.75,1.0,55,4,250,short,51,28,23,54.9,363.5,506.7,0.72
3.75,1.0,65,1,250,both,116,68,48,58.6,1049.4,714.5,1.47
3.75,1.0,65,1,250,long,63,40,23,63.5,630.4,928.5,0.68
3.75,1.0,65,1,250,short,53,28,25,52.8,419.0,506.7,0.83
3.75,1.0,65,2,250,both,116,68,48,58.6,1049.4,714.5,1.47
3.75,1.0,65,2,250,long,63,40,23,63.5,630.4,928.5,0.68
3.75,1.0,65,2,250,short,53,28,25,52.8,419.0,506.7,0.83
3.75,1.0,65,3,250,both,115,68,47,59.1,1157.4,714.5,1.62
3.75,1.0,65,3,250,long,63,40,23,63.5,630.4,928.5,0.68
3.75,1.0,65,3,250,short,52,28,24,53.8,527.0,506.7,1.04
3.75,1.0,65,4,250,both,115,68,47,59.1,1157.4,714.5,1.62
3.75,1.0,65,4,250,long,63,40,23,63.5,630.4,928.5,0.68
3.75,1.0,65,4,250,short,52,28,24,53.8,527.0,506.7,1.04
3.75,1.0,75,1,250,both,116,68,48,58.6,1133.5,706.7,1.6
3.75,1.0,75,1,250,long,63,40,23,63.5,686.4,928.5,0.74
3.75,1.0,75,1,250,short,53,28,25,52.8,447.1,499.4,0.9
3.75,1.0,75,2,250,both,116,68,48,58.6,1133.5,706.7,1.6
3.75,1.0,75,2,250,long,63,40,23,63.5,686.4,928.5,0.74
3.75,1.0,75,2,250,short,53,28,25,52.8,447.1,499.4,0.9
3.75,1.0,75,3,250,both,115,68,47,59.1,1241.5,706.7,1.76
3.75,1.0,75,3,250,long,63,40,23,63.5,686.4,928.5,0.74
3.75,1.0,75,3,250,short,52,28,24,53.8,555.1,499.4,1.11
3.75,1.0,75,4,250,both,115,68,47,59.1,1241.5,706.7,1.76
3.75,1.0,75,4,250,long,63,40,23,63.5,686.4,928.5,0.74
3.75,1.0,75,4,250,short,52,28,24,53.8,555.1,499.4,1.11
3.75,1.0,85,1,250,both,115,67,48,58.3,1316.9,706.7,1.86
3.75,1.0,85,1,250,long,63,39,24,61.9,727.7,928.5,0.78
3.75,1.0,85,1,250,short,52,28,24,53.8,589.2,421.1,1.4
3.75,1.0,85,2,250,both,115,67,48,58.3,1316.9,706.7,1.86
3.75,1.0,85,2,250,long,63,39,24,61.9,727.7,928.5,0.78
3.75,1.0,85,2,250,short,52,28,24,53.8,589.2,421.1,1.4
3.75,1.0,85,3,250,both,114,67,47,58.8,1424.9,706.7,2.02
3.75,1.0,85,3,250,long,63,39,24,61.9,727.7,928.5,0.78
3.75,1.0,85,3,250,short,51,28,23,54.9,697.2,421.1,1.66
3.75,1.0,85,4,250,both,114,67,47,58.8,1424.9,706.7,2.02
3.75,1.0,85,4,250,long,63,39,24,61.9,727.7,928.5,0.78
3.75,1.0,85,4,250,short,51,28,23,54.9,697.2,421.1,1.66
3.75,1.0,95,1,250,both,115,63,52,54.8,927.1,648.0,1.43
3.75,1.0,95,1,250,long,63,35,28,55.6,315.2,875.0,0.36
3.75,1.0,95,1,250,short,52,28,24,53.8,611.9,421.1,1.45
3.75,1.0,95,2,250,both,115,63,52,54.8,927.1,648.0,1.43
3.75,1.0,95,2,250,long,63,35,28,55.6,315.2,875.0,0.36
3.75,1.0,95,2,250,short,52,28,24,53.8,611.9,421.1,1.45
3.75,1.0,95,3,250,both,114,63,51,55.3,1035.1,648.0,1.6
3.75,1.0,95,3,250,long,63,35,28,55.6,315.2,875.0,0.36
3.75,1.0,95,3,250,short,51,28,23,54.9,719.9,421.1,1.71
3.75,1.0,95,4,250,both,114,63,51,55.3,1035.1,648.0,1.6
3.75,1.0,95,4,250,long,63,35,28,55.6,315.2,875.0,0.36
3.75,1.0,95,4,250,short,51,28,23,54.9,719.9,421.1,1.71
3.75,1.25,55,1,250,both,116,71,45,61.2,64.4,1748.6,0.04
3.75,1.25,55,1,250,long,64,42,22,65.6,489.7,1065.1,0.46
3.75,1.25,55,1,250,short,52,29,23,55.8,-425.3,1023.8,-0.42
3.75,1.25,55,2,250,both,116,71,45,61.2,64.4,1748.6,0.04
3.75,1.25,55,2,250,long,64,42,22,65.6,489.7,1065.1,0.46
3.75,1.25,55,2,250,short,52,29,23,55.8,-425.3,1023.8,-0.42
3.75,1.25,55,3,250,both,113,69,44,61.1,26.8,1919.2,0.01
3.75,1.25,55,3,250,long,63,41,22,65.1,433.0,1121.8,0.39
3.75,1.25,55,3,250,short,50,28,22,56.0,-406.2,945.2,-0.43
3.75,1.25,55,4,250,both,113,69,44,61.1,26.8,1919.2,0.01
3.75,1.25,55,4,250,long,63,41,22,65.1,433.0,1121.8,0.39
3.75,1.25,55,4,250,short,50,28,22,56.0,-406.2,945.2,-0.43
3.75,1.25,65,1,250,both,114,69,45,60.5,57.8,1579.7,0.04
3.75,1.25,65,1,250,long,62,41,21,66.1,458.5,1061.6,0.43
3.75,1.25,65,1,250,short,52,28,24,53.8,-400.7,1018.4,-0.39
3.75,1.25,65,2,250,both,114,69,45,60.5,57.8,1579.7,0.04
3.75,1.25,65,2,250,long,62,41,21,66.1,458.5,1061.6,0.43
3.75,1.25,65,2,250,short,52,28,24,53.8,-400.7,1018.4,-0.39
3.75,1.25,65,3,250,both,113,69,44,61.1,190.8,1579.7,0.12
3.75,1.25,65,3,250,long,62,41,21,66.1,458.5,1061.6,0.43
3.75,1.25,65,3,250,short,51,28,23,54.9,-267.7,945.2,-0.28
3.75,1.25,65,4,250,both,113,69,44,61.1,190.8,1579.7,0.12
3.75,1.25,65,4,250,long,62,41,21,66.1,458.5,1061.6,0.43
3.75,1.25,65,4,250,short,51,28,23,54.9,-267.7,945.2,-0.28
3.75,1.25,75,1,250,both,114,69,45,60.5,141.9,1548.3,0.09
3.75,1.25,75,1,250,long,62,41,21,66.1,514.5,1061.6,0.48
3.75,1.25,75,1,250,short,52,28,24,53.8,-372.6,990.3,-0.38
3.75,1.25,75,2,250,both,114,69,45,60.5,141.9,1548.3,0.09
3.75,1.25,75,2,250,long,62,41,21,66.1,514.5,1061.6,0.48
3.75,1.25,75,2,250,short,52,28,24,53.8,-372.6,990.3,-0.38
3.75,1.25,75,3,250,both,113,69,44,61.1,274.9,1548.3,0.18
3.75,1.25,75,3,250,long,62,41,21,66.1,514.5,1061.6,0.48
3.75,1.25,75,3,250,short,51,28,23,54.9,-239.6,917.1,-0.26
3.75,1.25,75,4,250,both,113,69,44,61.1,274.9,1548.3,0.18
3.75,1.25,75,4,250,long,62,41,21,66.1,514.5,1061.6,0.48
3.75,1.25,75,4,250,short,51,28,23,54.9,-239.6,917.1,-0.26
3.75,1.25,85,1,250,both,114,68,46,59.6,158.2,1548.3,0.1
3.75,1.25,85,1,250,long,62,40,22,64.5,530.8,1061.6,0.5
3.75,1.25,85,1,250,short,52,28,24,53.8,-372.6,990.3,-0.38
3.75,1.25,85,2,250,both,114,68,46,59.6,158.2,1548.3,0.1
3.75,1.25,85,2,250,long,62,40,22,64.5,530.8,1061.6,0.5
3.75,1.25,85,2,250,short,52,28,24,53.8,-372.6,990.3,-0.38
3.75,1.25,85,3,250,both,113,68,45,60.2,291.2,1548.3,0.19
3.75,1.25,85,3,250,long,62,40,22,64.5,530.8,1061.6,0.5
3.75,1.25,85,3,250,short,51,28,23,54.9,-239.6,917.1,-0.26
3.75,1.25,85,4,250,both,113,68,45,60.2,291.2,1548.3,0.19
3.75,1.25,85,4,250,long,62,40,22,64.5,530.8,1061.6,0.5
3.75,1.25,85,4,250,short,51,28,23,54.9,-239.6,917.1,-0.26
3.75,1.25,95,1,250,both,114,65,49,57.0,-198.2,1335.9,-0.15
3.75,1.25,95,1,250,long,62,37,25,59.7,151.7,1042.0,0.15
3.75,1.25,95,1,250,short,52,28,24,53.8,-349.9,990.3,-0.35
3.75,1.25,95,2,250,both,114,65,49,57.0,-198.2,1335.9,-0.15
3.75,1.25,95,2,250,long,62,37,25,59.7,151.7,1042.0,0.15
3.75,1.25,95,2,250,short,52,28,24,53.8,-349.9,990.3,-0.35
3.75,1.25,95,3,250,both,113,65,48,57.5,-65.2,1335.9,-0.05
3.75,1.25,95,3,250,long,62,37,25,59.7,151.7,1042.0,0.15
3.75,1.25,95,3,250,short,51,28,23,54.9,-216.9,917.1,-0.24
3.75,1.25,95,4,250,both,113,65,48,57.5,-65.2,1335.9,-0.05
3.75,1.25,95,4,250,long,62,37,25,59.7,151.7,1042.0,0.15
3.75,1.25,95,4,250,short,51,28,23,54.9,-216.9,917.1,-0.24
3.75,1.5,55,1,250,both,115,71,44,61.7,-827.6,2271.2,-0.36
3.75,1.5,55,1,250,long,63,42,21,66.7,122.7,1257.1,0.1
3.75,1.5,55,1,250,short,52,29,23,55.8,-950.3,1263.0,-0.75
3.75,1.5,55,2,250,both,115,71,44,61.7,-827.6,2271.2,-0.36
3.75,1.5,55,2,250,long,63,42,21,66.7,122.7,1257.1,0.1
3.75,1.5,55,2,250,short,52,29,23,55.8,-950.3,1263.0,-0.75
3.75,1.5,55,3,250,both,112,69,43,61.6,-840.2,2441.8,-0.34
3.75,1.5,55,3,250,long,62,41,21,66.1,66.0,1313.8,0.05
3.75,1.5,55,3,250,short,50,28,22,56.0,-906.2,1234.7,-0.73
3.75,1.5,55,4,250,both,112,69,43,61.6,-840.2,2441.8,-0.34
3.75,1.5,55,4,250,long,62,41,21,66.1,66.0,1313.8,0.05
3.75,1.5,55,4,250,short,50,28,22,56.0,-906.2,1234.7,-0.73
3.75,1.5,65,1,250,both,113,69,44,61.1,-834.2,2077.3,-0.4
3.75,1.5,65,1,250,long,61,41,20,67.2,116.5,1203.6,0.1
3.75,1.5,65,1,250,short,52,28,24,53.8,-950.7,1368.4,-0.69
3.75,1.5,65,2,250,both,113,69,44,61.1,-834.2,2077.3,-0.4
3.75,1.5,65,2,250,long,61,41,20,67.2,116.5,1203.6,0.1
3.75,1.5,65,2,250,short,52,28,24,53.8,-950.7,1368.4,-0.69
3.75,1.5,65,3,250,both,112,69,43,61.6,-676.2,2077.3,-0.33
3.75,1.5,65,3,250,long,61,41,20,67.2,116.5,1203.6,0.1
3.75,1.5,65,3,250,short,51,28,23,54.9,-792.7,1210.4,-0.65
3.75,1.5,65,4,250,both,112,69,43,61.6,-676.2,2077.3,-0.33
3.75,1.5,65,4,250,long,61,41,20,67.2,116.5,1203.6,0.1
3.75,1.5,65,4,250,short,51,28,23,54.9,-792.7,1210.4,-0.65
3.75,1.5,75,1,250,both,113,69,44,61.1,-750.1,2040.3,-0.37
3.75,1.5,75,1,250,long,61,41,20,67.2,172.5,1203.6,0.14
3.75,1.5,75,1,250,short,52,28,24,53.8,-922.6,1340.3,-0.69
3.75,1.5,75,2,250,both,113,69,44,61.1,-750.1,2040.3,-0.37
3.75,1.5,75,2,250,long,61,41,20,67.2,172.5,1203.6,0.14
3.75,1.5,75,2,250,short,52,28,24,53.8,-922.6,1340.3,-0.69
3.75,1.5,75,3,250,both,112,69,43,61.6,-592.1,2040.3,-0.29
3.75,1.5,75,3,250,long,61,41,20,67.2,172.5,1203.6,0.14
3.75,1.5,75,3,250,short,51,28,23,54.9,-764.6,1182.3,-0.65
3.75,1.5,75,4,250,both,112,69,43,61.6,-592.1,2040.3,-0.29
3.75,1.5,75,4,250,long,61,41,20,67.2,172.5,1203.6,0.14
3.75,1.5,75,4,250,short,51,28,23,54.9,-764.6,1182.3,-0.65
3.75,1.5,85,1,250,both,113,68,45,60.2,-758.8,2040.3,-0.37
3.75,1.5,85,1,250,long,61,40,21,65.6,163.8,1203.6,0.14
3.75,1.5,85,1,250,short,52,28,24,53.8,-922.6,1340.3,-0.69
3.75,1.5,85,2,250,both,113,68,45,60.2,-758.8,2040.3,-0.37
3.75,1.5,85,2,250,long,61,40,21,65.6,163.8,1203.6,0.14
3.75,1.5,85,2,250,short,52,28,24,53.8,-922.6,1340.3,-0.69
3.75,1.5,85,3,250,both,112,68,44,60.7,-600.8,2040.3,-0.29
3.75,1.5,85,3,250,long,61,40,21,65.6,163.8,1203.6,0.14
3.75,1.5,85,3,250,short,51,28,23,54.9,-764.6,1182.3,-0.65
3.75,1.5,85,4,250,both,112,68,44,60.7,-600.8,2040.3,-0.29
3.75,1.5,85,4,250,long,61,40,21,65.6,163.8,1203.6,0.14
3.75,1.5,85,4,250,short,51,28,23,54.9,-764.6,1182.3,-0.65
3.75,1.5,95,1,250,both,113,65,48,57.5,-1190.2,1860.0,-0.64
3.75,1.5,95,1,250,long,61,37,24,60.7,-290.3,1159.0,-0.25
3.75,1.5,95,1,250,short,52,28,24,53.8,-899.9,1340.3,-0.67
3.75,1.5,95,2,250,both,113,65,48,57.5,-1190.2,1860.0,-0.64
3.75,1.5,95,2,250,long,61,37,24,60.7,-290.3,1159.0,-0.25
3.75,1.5,95,2,250,short,52,28,24,53.8,-899.9,1340.3,-0.67
3.75,1.5,95,3,250,both,112,65,47,58.0,-1032.2,1827.9,-0.56
3.75,1.5,95,3,250,long,61,37,24,60.7,-290.3,1159.0,-0.25
3.75,1.5,95,3,250,short,51,28,23,54.9,-741.9,1182.3,-0.63
3.75,1.5,95,4,250,both,112,65,47,58.0,-1032.2,1827.9,-0.56
3.75,1.5,95,4,250,long,61,37,24,60.7,-290.3,1159.0,-0.25
3.75,1.5,95,4,250,short,51,28,23,54.9,-741.9,1182.3,-0.63
3.75,2.0,55,1,250,both,112,74,38,66.1,-622.7,2200.3,-0.28
3.75,2.0,55,1,250,long,61,42,19,68.9,-20.7,1407.1,-0.01
3.75,2.0,55,1,250,short,51,32,19,62.7,-602.0,1543.1,-0.39
3.75,2.0,55,2,250,both,112,74,38,66.1,-622.7,2200.3,-0.28
3.75,2.0,55,2,250,long,61,42,19,68.9,-20.7,1407.1,-0.01
3.75,2.0,55,2,250,short,51,32,19,62.7,-602.0,1543.1,-0.39
3.75,2.0,55,3,250,both,109,72,37,66.1,-585.3,2314.2,-0.25
3.75,2.0,55,3,250,long,60,41,19,68.3,-77.4,1463.8,-0.05
3.75,2.0,55,3,250,short,49,31,18,63.3,-507.9,1413.0,-0.36
3.75,2.0,55,4,250,both,109,72,37,66.1,-585.3,2314.2,-0.25
3.75,2.0,55,4,250,long,60,41,19,68.3,-77.4,1463.8,-0.05
3.75,2.0,55,4,250,short,49,31,18,63.3,-507.9,1413.0,-0.36
3.75,2.0,65,1,250,both,110,73,37,66.4,-517.5,2092.1,-0.25
3.75,2.0,65,1,250,long,59,41,18,69.5,-140.9,1476.2,-0.1
3.75,2.0,65,1,250,short,51,32,19,62.7,-376.6,1427.1,-0.26
3.75,2.0,65,2,250,both,110,73,37,66.4,-517.5,2092.1,-0.25
3.75,2.0,65,2,250,long,59,41,18,69.5,-140.9,1476.2,-0.1
3.75,2.0,65,2,250,short,51,32,19,62.7,-376.6,1427.1,-0.26
3.75,2.0,65,3,250,both,109,73,36,67.0,-309.5,2092.1,-0.15
3.75,2.0,65,3,250,long,59,41,18,69.5,-140.9,1476.2,-0.1
3.75,2.0,65,3,250,short,50,32,18,64.0,-168.6,1389.5,-0.12
3.75,2.0,65,4,250,both,109,73,36,67.0,-309.5,2092.1,-0.15
3.75,2.0,65,4,250,long,59,41,18,69.5,-140.9,1476.2,-0.1
3.75,2.0,65,4,250,short,50,32,18,64.0,-168.6,1389.5,-0.12
3.75,2.0,75,1,250,both,110,73,37,66.4,-433.4,2060.7,-0.21
3.75,2.0,75,1,250,long,59,41,18,69.5,-84.9,1476.2,-0.06
3.75,2.0,75,1,250,short,51,32,19,62.7,-348.5,1399.0,-0.25
3.75,2.0,75,2,250,both,110,73,37,66.4,-433.4,2060.7,-0.21
3.75,2.0,75,2,250,long,59,41,18,69.5,-84.9,1476.2,-0.06
3.75,2.0,75,2,250,short,51,32,19,62.7,-348.5,1399.0,-0.25
3.75,2.0,75,3,250,both,109,73,36,67.0,-225.4,2060.7,-0.11
3.75,2.0,75,3,250,long,59,41,18,69.5,-84.9,1476.2,-0.06
3.75,2.0,75,3,250,short,50,32,18,64.0,-140.5,1361.4,-0.1
3.75,2.0,75,4,250,both,109,73,36,67.0,-225.4,2060.7,-0.11
3.75,2.0,75,4,250,long,59,41,18,69.5,-84.9,1476.2,-0.06
3.75,2.0,75,4,250,short,50,32,18,64.0,-140.5,1361.4,-0.1
3.75,2.0,85,1,250,both,110,72,38,65.5,-492.1,2060.7,-0.24
3.75,2.0,85,1,250,long,59,40,19,67.8,-143.6,1476.2,-0.1
3.75,2.0,85,1,250,short,51,32,19,62.7,-348.5,1399.0,-0.25
3.75,2.0,85,2,250,both,110,72,38,65.5,-492.1,2060.7,-0.24
3.75,2.0,85,2,250,long,59,40,19,67.8,-143.6,1476.2,-0.1
3.75,2.0,85,2,250,short,51,32,19,62.7,-348.5,1399.0,-0.25
3.75,2.0,85,3,250,both,109,72,37,66.1,-284.1,2060.7,-0.14
3.75,2.0,85,3,250,long,59,40,19,67.8,-143.6,1476.2,-0.1
3.75,2.0,85,3,250,short,50,32,18,64.0,-140.5,1361.4,-0.1
3.75,2.0,85,4,250,both,109,72,37,66.1,-284.1,2060.7,-0.14
3.75,2.0,85,4,250,long,59,40,19,67.8,-143.6,1476.2,-0.1
3.75,2.0,85,4,250,short,50,32,18,64.0,-140.5,1361.4,-0.1
3.75,2.0,95,1,250,both,110,69,41,62.7,-1073.5,1965.0,-0.55
3.75,2.0,95,1,250,long,59,37,22,62.7,-747.7,1381.6,-0.54
3.75,2.0,95,1,250,short,51,32,19,62.7,-325.8,1399.0,-0.23
3.75,2.0,95,2,250,both,110,69,41,62.7,-1073.5,1965.0,-0.55
3.75,2.0,95,2,250,long,59,37,22,62.7,-747.7,1381.6,-0.54
3.75,2.0,95,2,250,short,51,32,19,62.7,-325.8,1399.0,-0.23
3.75,2.0,95,3,250,both,109,69,40,63.3,-865.5,1859.9,-0.47
3.75,2.0,95,3,250,long,59,37,22,62.7,-747.7,1381.6,-0.54
3.75,2.0,95,3,250,short,50,32,18,64.0,-117.8,1361.4,-0.09
3.75,2.0,95,4,250,both,109,69,40,63.3,-865.5,1859.9,-0.47
3.75,2.0,95,4,250,long,59,37,22,62.7,-747.7,1381.6,-0.54
3.75,2.0,95,4,250,short,50,32,18,64.0,-117.8,1361.4,-0.09
3.75,0.5,55,1,300,both,125,61,64,48.8,1434.8,784.5,1.83
3.75,0.5,55,1,300,long,68,37,31,54.4,1145.6,459.5,2.49
3.75,0.5,55,1,300,short,57,24,33,42.1,289.2,426.4,0.68
3.75,0.5,55,2,300,both,125,61,64,48.8,1434.8,784.5,1.83
3.75,0.5,55,2,300,long,68,37,31,54.4,1145.6,459.5,2.49
3.75,0.5,55,2,300,short,57,24,33,42.1,289.2,426.4,0.68
3.75,0.5,55,3,300,both,122,59,63,48.4,1322.2,955.1,1.38
3.75,0.5,55,3,300,long,67,36,31,53.7,1088.9,516.2,2.11
3.75,0.5,55,3,300,short,55,23,32,41.8,233.3,538.2,0.43
3.75,0.5,55,4,300,both,122,59,63,48.4,1322.2,955.1,1.38
3.75,0.5,55,4,300,long,67,36,31,53.7,1088.9,516.2,2.11
3.75,0.5,55,4,300,short,55,23,32,41.8,233.3,538.2,0.43
3.75,0.5,65,1,300,both,123,58,65,47.2,1344.5,774.3,1.74
3.75,0.5,65,1,300,long,66,35,31,53.0,955.7,612.3,1.56
3.75,0.5,65,1,300,short,57,23,34,40.4,388.8,426.4,0.91
3.75,0.5,65,2,300,both,123,58,65,47.2,1344.5,774.3,1.74
3.75,0.5,65,2,300,long,66,35,31,53.0,955.7,612.3,1.56
3.75,0.5,65,2,300,short,57,23,34,40.4,388.8,426.4,0.91
3.75,0.5,65,3,300,both,122,58,64,47.5,1402.5,774.3,1.81
3.75,0.5,65,3,300,long,66,35,31,53.0,955.7,612.3,1.56
3.75,0.5,65,3,300,short,56,23,33,41.1,446.8,426.4,1.05
3.75,0.5,65,4,300,both,122,58,64,47.5,1402.5,774.3,1.81
3.75,0.5,65,4,300,long,66,35,31,53.0,955.7,612.3,1.56
3.75,0.5,65,4,300,short,56,23,33,41.1,446.8,426.4,1.05
3.75,0.5,75,1,300,both,123,57,66,46.3,1349.2,742.1,1.82
3.75,0.5,75,1,300,long,66,34,32,51.5,931.5,612.3,1.52
3.75,0.5,75,1,300,short,57,23,34,40.4,417.7,398.3,1.05
3.75,0.5,75,2,300,both,123,57,66,46.3,1349.2,742.1,1.82
3.75,0.5,75,2,300,long,66,34,32,51.5,931.5,612.3,1.52
3.75,0.5,75,2,300,short,57,23,34,40.4,417.7,398.3,1.05
3.75,0.5,75,3,300,both,122,57,65,46.7,1407.2,742.1,1.9
3.75,0.5,75,3,300,long,66,34,32,51.5,931.5,612.3,1.52
3.75,0.5,75,3,300,short,56,23,33,41.1,475.7,398.3,1.19
3.75,0.5,75,4,300,both,122,57,65,46.7,1407.2,742.1,1.9
3.75,0.5,75,4,300,long,66,34,32,51.5,931.5,612.3,1.52
3.75,0.5,75,4,300,short,56,23,33,41.1,475.7,398.3,1.19
3.75,0.5,85,1,300,both,123,56,67,45.5,1440.5,742.1,1.94
3.75,0.5,85,1,300,long,66,33,33,50.0,1022.8,612.3,1.67
3.75,0.5,85,1,300,short,57,23,34,40.4,417.7,398.3,1.05
3.75,0.5,85,2,300,both,123,56,67,45.5,1440.5,742.1,1.94
3.75,0.5,85,2,300,long,66,33,33,50.0,1022.8,612.3,1.67
3.75,0.5,85,2,300,short,57,23,34,40.4,417.7,398.3,1.05
3.75,0.5,85,3,300,both,122,56,66,45.9,1498.5,742.1,2.02
3.75,0.5,85,3,300,long,66,33,33,50.0,1022.8,612.3,1.67
3.75,0.5,85,3,300,short,56,23,33,41.1,475.7,398.3,1.19
3.75,0.5,85,4,300,both,122,56,66,45.9,1498.5,742.1,2.02
3.75,0.5,85,4,300,long,66,33,33,50.0,1022.8,612.3,1.67
3.75,0.5,85,4,300,short,56,23,33,41.1,475.7,398.3,1.19
3.75,0.5,95,1,300,both,123,53,70,43.1,1317.8,703.3,1.87
3.75,0.5,95,1,300,long,66,30,36,45.5,879.1,580.9,1.51
3.75,0.5,95,1,300,short,57,23,34,40.4,438.7,398.3,1.1
3.75,0.5,95,2,300,both,123,53,70,43.1,1317.8,703.3,1.87
3.75,0.5,95,2,300,long,66,30,36,45.5,879.1,580.9,1.51
3.75,0.5,95,2,300,short,57,23,34,40.4,438.7,398.3,1.1
3.75,0.5,95,3,300,both,122,53,69,43.4,1375.8,703.3,1.96
3.75,0.5,95,3,300,long,66,30,36,45.5,879.1,580.9,1.51
3.75,0.5,95,3,300,short,56,23,33,41.1,496.7,398.3,1.25
3.75,0.5,95,4,300,both,122,53,69,43.4,1375.8,703.3,1.96
3.75,0.5,95,4,300,long,66,30,36,45.5,879.1,580.9,1.51
3.75,0.5,95,4,300,short,56,23,33,41.1,496.7,398.3,1.25
3.75,0.75,55,1,300,both,124,67,57,54.0,834.4,1278.5,0.65
3.75,0.75,55,1,300,long,67,40,27,59.7,919.5,621.6,1.48
3.75,0.75,55,1,300,short,57,27,30,47.4,-85.1,714.7,-0.12
3.75,0.75,55,2,300,both,124,67,57,54.0,834.4,1278.5,0.65
3.75,0.75,55,2,300,long,67,40,27,59.7,919.5,621.6,1.48
3.75,0.75,55,2,300,short,57,27,30,47.4,-85.1,714.7,-0.12
3.75,0.75,55,3,300,both,121,65,56,53.7,746.8,1449.1,0.52
3.75,0.75,55,3,300,long,66,39,27,59.1,862.8,678.3,1.27
3.75,0.75,55,3,300,short,55,26,29,47.3,-116.0,800.0,-0.14
3.75,0.75,55,4,300,both,121,65,56,53.7,746.8,1449.1,0.52
3.75,0.75,55,4,300,long,66,39,27,59.1,862.8,678.3,1.27
3.75,0.75,55,4,300,short,55,26,29,47.3,-116.0,800.0,-0.14
3.75,0.75,65,1,300,both,122,65,57,53.3,827.8,1159.6,0.71
3.75,0.75,65,1,300,long,65,39,26,60.0,838.3,690.7,1.21
3.75,0.75,65,1,300,short,57,26,31,45.6,-10.5,628.2,-0.02
3.75,0.75,65,2,300,both,122,65,57,53.3,827.8,1159.6,0.71
3.75,0.75,65,2,300,long,65,39,26,60.0,838.3,690.7,1.21
3.75,0.75,65,2,300,short,57,26,31,45.6,-10.5,628.2,-0.02
3.75,0.75,65,3,300,both,121,65,56,53.7,910.8,1159.6,0.79
3.75,0.75,65,3,300,long,65,39,26,60.0,838.3,690.7,1.21
3.75,0.75,65,3,300,short,56,26,30,46.4,72.5,628.2,0.12
3.75,0.75,65,4,300,both,121,65,56,53.7,910.8,1159.6,0.79
3.75,0.75,65,4,300,long,65,39,26,60.0,838.3,690.7,1.21
3.75,0.75,65,4,300,short,56,26,30,46.4,72.5,628.2,0.12
3.75,0.75,75,1,300,both,122,65,57,53.3,912.7,1127.4,0.81
3.75,0.75,75,1,300,long,65,39,26,60.0,894.3,690.7,1.29
3.75,0.75,75,1,300,short,57,26,31,45.6,18.4,600.1,0.03
3.75,0.75,75,2,300,both,122,65,57,53.3,912.7,1127.4,0.81
3.75,0.75,75,2,300,long,65,39,26,60.0,894.3,690.7,1.29
3.75,0.75,75,2,300,short,57,26,31,45.6,18.4,600.1,0.03
3.75,0.75,75,3,300,both,121,65,56,53.7,995.7,1127.4,0.88
3.75,0.75,75,3,300,long,65,39,26,60.0,894.3,690.7,1.29
3.75,0.75,75,3,300,short,56,26,30,46.4,101.4,600.1,0.17
3.75,0.75,75,4,300,both,121,65,56,53.7,995.7,1127.4,0.88
3.75,0.75,75,4,300,long,65,39,26,60.0,894.3,690.7,1.29
3.75,0.75,75,4,300,short,56,26,30,46.4,101.4,600.1,0.17
3.75,0.75,85,1,300,both,122,64,58,52.5,979.0,1127.4,0.87
3.75,0.75,85,1,300,long,65,38,27,58.5,960.6,690.7,1.39
3.75,0.75,85,1,300,short,57,26,31,45.6,18.4,600.1,0.03
3.75,0.75,85,2,300,both,122,64,58,52.5,979.0,1127.4,0.87
3.75,0.75,85,2,300,long,65,38,27,58.5,960.6,690.7,1.39
3.75,0.75,85,2,300,short,57,26,31,45.6,18.4,600.1,0.03
3.75,0.75,85,3,300,both,121,64,57,52.9,1062.0,1127.4,0.94
3.75,0.75,85,3,300,long,65,38,27,58.5,960.6,690.7,1.39
3.75,0.75,85,3,300,short,56,26,30,46.4,101.4,600.1,0.17
3.75,0.75,85,4,300,both,121,64,57,52.9,1062.0,1127.4,0.94
3.75,0.75,85,4,300,long,65,38,27,58.5,960.6,690.7,1.39
3.75,0.75,85,4,300,short,56,26,30,46.4,101.4,600.1,0.17
3.75,0.75,95,1,300,both,122,60,62,49.2,687.5,916.7,0.75
3.75,0.75,95,1,300,long,65,34,31,52.3,648.1,587.6,1.1
3.75,0.75,95,1,300,short,57,26,31,45.6,39.4,600.1,0.07
3.75,0.75,95,2,300,both,122,60,62,49.2,687.5,916.7,0.75
3.75,0.75,95,2,300,long,65,34,31,52.3,648.1,587.6,1.1
3.75,0.75,95,2,300,short,57,26,31,45.6,39.4,600.1,0.07
3.75,0.75,95,3,300,both,121,60,61,49.6,770.5,916.7,0.84
3.75,0.75,95,3,300,long,65,34,31,52.3,648.1,587.6,1.1
3.75,0.75,95,3,300,short,56,26,30,46.4,122.4,600.1,0.2
3.75,0.75,95,4,300,both,121,60,61,49.6,770.5,916.7,0.84
3.75,0.75,95,4,300,long,65,34,31,52.3,648.1,587.6,1.1
3.75,0.75,95,4,300,short,56,26,30,46.4,122.4,600.1,0.2
3.75,1.0,55,1,300,both,124,73,51,58.9,1110.2,1037.9,1.07
3.75,1.0,55,1,300,long,67,42,25,62.7,753.8,882.0,0.85
3.75,1.0,55,1,300,short,57,31,26,54.4,356.4,506.7,0.7
3.75,1.0,55,2,300,both,124,73,51,58.9,1110.2,1037.9,1.07
3.75,1.0,55,2,300,long,67,42,25,62.7,753.8,882.0,0.85
3.75,1.0,55,2,300,short,57,31,26,54.4,356.4,506.7,0.7
3.75,1.0,55,3,300,both,121,71,50,58.7,1047.6,1208.5,0.87
3.75,1.0,55,3,300,long,66,41,25,62.1,697.1,938.7,0.74
3.75,1.0,55,3,300,short,55,30,25,54.5,350.5,522.0,0.67
3.75,1.0,55,4,300,both,121,71,50,58.7,1047.6,1208.5,0.87
3.75,1.0,55,4,300,long,66,41,25,62.1,697.1,938.7,0.74
3.75,1.0,55,4,300,short,55,30,25,54.5,350.5,522.0,0.67
3.75,1.0,65,1,300,both,122,71,51,58.2,1103.6,969.9,1.14
3.75,1.0,65,1,300,long,65,41,24,63.1,697.6,928.5,0.75
3.75,1.0,65,1,300,short,57,30,27,52.6,406.0,506.7,0.8
3.75,1.0,65,2,300,both,122,71,51,58.2,1103.6,969.9,1.14
3.75,1.0,65,2,300,long,65,41,24,63.1,697.6,928.5,0.75
3.75,1.0,65,2,300,short,57,30,27,52.6,406.0,506.7,0.8
3.75,1.0,65,3,300,both,121,71,50,58.7,1211.6,969.9,1.25
3.75,1.0,65,3,300,long,65,41,24,63.1,697.6,928.5,0.75
3.75,1.0,65,3,300,short,56,30,26,53.6,514.0,506.7,1.01
3.75,1.0,65,4,300,both,121,71,50,58.7,1211.6,969.9,1.25
3.75,1.0,65,4,300,long,65,41,24,63.1,697.6,928.5,0.75
3.75,1.0,65,4,300,short,56,30,26,53.6,514.0,506.7,1.01
3.75,1.0,75,1,300,both,122,71,51,58.2,1188.5,961.3,1.24
3.75,1.0,75,1,300,long,65,41,24,63.1,753.6,928.5,0.81
3.75,1.0,75,1,300,short,57,30,27,52.6,434.9,499.4,0.87
3.75,1.0,75,2,300,both,122,71,51,58.2,1188.5,961.3,1.24
3.75,1.0,75,2,300,long,65,41,24,63.1,753.6,928.5,0.81
3.75,1.0,75,2,300,short,57,30,27,52.6,434.9,499.4,0.87
3.75,1.0,75,3,300,both,121,71,50,58.7,1296.5,961.3,1.35
3.75,1.0,75,3,300,long,65,41,24,63.1,753.6,928.5,0.81
3.75,1.0,75,3,300,short,56,30,26,53.6,542.9,499.4,1.09
3.75,1.0,75,4,300,both,121,71,50,58.7,1296.5,961.3,1.35
3.75,1.0,75,4,300,long,65,41,24,63.1,753.6,928.5,0.81
3.75,1.0,75,4,300,short,56,30,26,53.6,542.9,499.4,1.09
3.75,1.0,85,1,300,both,121,70,51,57.9,1371.9,961.3,1.43
3.75,1.0,85,1,300,long,65,40,25,61.5,794.9,928.5,0.86
3.75,1.0,85,1,300,short,56,30,26,53.6,577.0,421.1,1.37
3.75,1.0,85,2,300,both,121,70,51,57.9,1371.9,961.3,1.43
3.75,1.0,85,2,300,long,65,40,25,61.5,794.9,928.5,0.86
3.75,1.0,85,2,300,short,56,30,26,53.6,577.0,421.1,1.37
3.75,1.0,85,3,300,both,120,70,50,58.3,1479.9,961.3,1.54
3.75,1.0,85,3,300,long,65,40,25,61.5,794.9,928.5,0.86
3.75,1.0,85,3,300,short,55,30,25,54.5,685.0,421.1,1.63
3.75,1.0,85,4,300,both,120,70,50,58.3,1479.9,961.3,1.54
3.75,1.0,85,4,300,long,65,40,25,61.5,794.9,928.5,0.86
3.75,1.0,85,4,300,short,55,30,25,54.5,685.0,421.1,1.63
3.75,1.0,95,1,300,both,121,66,55,54.5,980.4,842.0,1.16
3.75,1.0,95,1,300,long,65,36,29,55.4,382.4,875.0,0.44
3.75,1.0,95,1,300,short,56,30,26,53.6,598.0,421.1,1.42
3.75,1.0,95,2,300,both,121,66,55,54.5,980.4,842.0,1.16
3.75,1.0,95,2,300,long,65,36,29,55.4,382.4,875.0,0.44
3.75,1.0,95,2,300,short,56,30,26,53.6,598.0,421.1,1.42
3.75,1.0,95,3,300,both,120,66,54,55.0,1088.4,842.0,1.29
3.75,1.0,95,3,300,long,65,36,29,55.4,382.4,875.0,0.44
3.75,1.0,95,3,300,short,55,30,25,54.5,706.0,421.1,1.68
3.75,1.0,95,4,300,both,120,66,54,55.0,1088.4,842.0,1.29
3.75,1.0,95,4,300,long,65,36,29,55.4,382.4,875.0,0.44
3.75,1.0,95,4,300,short,55,30,25,54.5,706.0,421.1,1.68
3.75,1.25,55,1,300,both,122,74,48,60.7,68.6,2054.0,0.03
3.75,1.25,55,1,300,long,66,43,23,65.2,556.9,1065.1,0.52
3.75,1.25,55,1,300,short,56,31,25,55.4,-488.3,1129.8,-0.43
3.75,1.25,55,2,300,both,122,74,48,60.7,68.6,2054.0,0.03
3.75,1.25,55,2,300,long,66,43,23,65.2,556.9,1065.1,0.52
3.75,1.25,55,2,300,short,56,31,25,55.4,-488.3,1129.8,-0.43
3.75,1.25,55,3,300,both,119,72,47,60.5,31.0,2224.6,0.01
3.75,1.25,55,3,300,long,65,42,23,64.6,500.2,1121.8,0.45
3.75,1.25,55,3,300,short,54,30,24,55.6,-469.2,1165.1,-0.4
3.75,1.25,55,4,300,both,119,72,47,60.5,31.0,2224.6,0.01
3.75,1.25,55,4,300,long,65,42,23,64.6,500.2,1121.8,0.45
3.75,1.25,55,4,300,short,54,30,24,55.6,-469.2,1165.1,-0.4
3.75,1.25,65,1,300,both,120,72,48,60.0,62.0,1885.1,0.03
3.75,1.25,65,1,300,long,64,42,22,65.6,525.7,1061.6,0.5
3.75,1.25,65,1,300,short,56,30,26,53.6,-463.7,1019.4,-0.45
3.75,1.25,65,2,300,both,120,72,48,60.0,62.0,1885.1,0.03
3.75,1.25,65,2,300,long,64,42,22,65.6,525.7,1061.6,0.5
3.75,1.25,65,2,300,short,56,30,26,53.6,-463.7,1019.4,-0.45
3.75,1.25,65,3,300,both,119,72,47,60.5,195.0,1885.1,0.1
3.75,1.25,65,3,300,long,64,42,22,65.6,525.7,1061.6,0.5
3.75,1.25,65,3,300,short,55,30,25,54.5,-330.7,946.2,-0.35
3.75,1.25,65,4,300,both,119,72,47,60.5,195.0,1885.1,0.1
3.75,1.25,65,4,300,long,64,42,22,65.6,525.7,1061.6,0.5
3.75,1.25,65,4,300,short,55,30,25,54.5,-330.7,946.2,-0.35
3.75,1.25,75,1,300,both,120,72,48,60.0,146.9,1852.9,0.08
3.75,1.25,75,1,300,long,64,42,22,65.6,581.7,1061.6,0.55
3.75,1.25,75,1,300,short,56,30,26,53.6,-434.8,990.5,-0.44
3.75,1.25,75,2,300,both,120,72,48,60.0,146.9,1852.9,0.08
3.75,1.25,75,2,300,long,64,42,22,65.6,581.7,1061.6,0.55
3.75,1.25,75,2,300,short,56,30,26,53.6,-434.8,990.5,-0.44
3.75,1.25,75,3,300,both,119,72,47,60.5,279.9,1852.9,0.15
3.75,1.25,75,3,300,long,64,42,22,65.6,581.7,1061.6,0.55
3.75,1.25,75,3,300,short,55,30,25,54.5,-301.8,917.3,-0.33
3.75,1.25,75,4,300,both,119,72,47,60.5,279.9,1852.9,0.15
3.75,1.25,75,4,300,long,64,42,22,65.6,581.7,1061.6,0.55
3.75,1.25,75,4,300,short,55,30,25,54.5,-301.8,917.3,-0.33
3.75,1.25,85,1,300,both,120,71,49,59.2,163.2,1852.9,0.09
3.75,1.25,85,1,300,long,64,41,23,64.1,598.0,1061.6,0.56
3.75,1.25,85,1,300,short,56,30,26,53.6,-434.8,990.5,-0.44
3.75,1.25,85,2,300,both,120,71,49,59.2,163.2,1852.9,0.09
3.75,1.25,85,2,300,long,64,41,23,64.1,598.0,1061.6,0.56
3.75,1.25,85,2,300,short,56,30,26,53.6,-434.8,990.5,-0.44
3.75,1.25,85,3,300,both,119,71,48,59.7,296.2,1852.9,0.16
3.75,1.25,85,3,300,long,64,41,23,64.1,598.0,1061.6,0.56
3.75,1.25,85,3,300,short,55,30,25,54.5,-301.8,917.3,-0.33
3.75,1.25,85,4,300,both,119,71,48,59.7,296.2,1852.9,0.16
3.75,1.25,85,4,300,long,64,41,23,64.1,598.0,1061.6,0.56
3.75,1.25,85,4,300,short,55,30,25,54.5,-301.8,917.3,-0.33
3.75,1.25,95,1,300,both,120,68,52,56.7,-194.9,1642.2,-0.12
3.75,1.25,95,1,300,long,64,38,26,59.4,218.9,1042.0,0.21
3.75,1.25,95,1,300,short,56,30,26,53.6,-413.8,992.2,-0.42
3.75,1.25,95,2,300,both,120,68,52,56.7,-194.9,1642.2,-0.12
3.75,1.25,95,2,300,long,64,38,26,59.4,218.9,1042.0,0.21
3.75,1.25,95,2,300,short,56,30,26,53.6,-413.8,992.2,-0.42
3.75,1.25,95,3,300,both,119,68,51,57.1,-61.9,1642.2,-0.04
3.75,1.25,95,3,300,long,64,38,26,59.4,218.9,1042.0,0.21
3.75,1.25,95,3,300,short,55,30,25,54.5,-280.8,919.0,-0.31
3.75,1.25,95,4,300,both,119,68,51,57.1,-61.9,1642.2,-0.04
3.75,1.25,95,4,300,long,64,38,26,59.4,218.9,1042.0,0.21
3.75,1.25,95,4,300,short,55,30,25,54.5,-280.8,919.0,-0.31
3.75,1.5,55,1,300,both,121,74,47,61.2,-873.4,2626.6,-0.33
3.75,1.5,55,1,300,long,65,43,22,66.2,189.9,1257.1,0.15
3.75,1.5,55,1,300,short,56,31,25,55.4,-1063.3,1594.0,-0.67
3.75,1.5,55,2,300,both,121,74,47,61.2,-873.4,2626.6,-0.33
3.75,1.5,55,2,300,long,65,43,22,66.2,189.9,1257.1,0.15
3.75,1.5,55,2,300,short,56,31,25,55.4,-1063.3,1594.0,-0.67
3.75,1.5,55,3,300,both,118,72,46,61.0,-886.0,2797.2,-0.32
3.75,1.5,55,3,300,long,64,42,22,65.6,133.2,1313.8,0.1
3.75,1.5,55,3,300,short,54,30,24,55.6,-1019.2,1590.1,-0.64
3.75,1.5,55,4,300,both,118,72,46,61.0,-886.0,2797.2,-0.32
3.75,1.5,55,4,300,long,64,42,22,65.6,133.2,1313.8,0.1
3.75,1.5,55,4,300,short,54,30,24,55.6,-1019.2,1590.1,-0.64
3.75,1.5,65,1,300,both,119,72,47,60.5,-880.0,2432.7,-0.36
3.75,1.5,65,1,300,long,63,42,21,66.7,183.7,1203.6,0.15
3.75,1.5,65,1,300,short,56,30,26,53.6,-1063.7,1594.4,-0.67
3.75,1.5,65,2,300,both,119,72,47,60.5,-880.0,2432.7,-0.36
3.75,1.5,65,2,300,long,63,42,21,66.7,183.7,1203.6,0.15
3.75,1.5,65,2,300,short,56,30,26,53.6,-1063.7,1594.4,-0.67
3.75,1.5,65,3,300,both,118,72,46,61.0,-722.0,2432.7,-0.3
3.75,1.5,65,3,300,long,63,42,21,66.7,183.7,1203.6,0.15
3.75,1.5,65,3,300,short,55,30,25,54.5,-905.7,1436.4,-0.63
3.75,1.5,65,4,300,both,118,72,46,61.0,-722.0,2432.7,-0.3
3.75,1.5,65,4,300,long,63,42,21,66.7,183.7,1203.6,0.15
3.75,1.5,65,4,300,short,55,30,25,54.5,-905.7,1436.4,-0.63
3.75,1.5,75,1,300,both,119,72,47,60.5,-795.1,2394.9,-0.33
3.75,1.5,75,1,300,long,63,42,21,66.7,239.7,1203.6,0.2
3.75,1.5,75,1,300,short,56,30,26,53.6,-1034.8,1565.5,-0.66
3.75,1.5,75,2,300,both,119,72,47,60.5,-795.1,2394.9,-0.33
3.75,1.5,75,2,300,long,63,42,21,66.7,239.7,1203.6,0.2
3.75,1.5,75,2,300,short,56,30,26,53.6,-1034.8,1565.5,-0.66
3.75,1.5,75,3,300,both,118,72,46,61.0,-637.1,2394.9,-0.27
3.75,1.5,75,3,300,long,63,42,21,66.7,239.7,1203.6,0.2
3.75,1.5,75,3,300,short,55,30,25,54.5,-876.8,1407.5,-0.62
3.75,1.5,75,4,300,both,118,72,46,61.0,-637.1,2394.9,-0.27
3.75,1.5,75,4,300,long,63,42,21,66.7,239.7,1203.6,0.2
3.75,1.5,75,4,300,short,55,30,25,54.5,-876.8,1407.5,-0.62
3.75,1.5,85,1,300,both,119,71,48,59.7,-803.8,2394.9,-0.34
3.75,1.5,85,1,300,long,63,41,22,65.1,231.0,1203.6,0.19
3.75,1.5,85,1,300,short,56,30,26,53.6,-1034.8,1565.5,-0.66
3.75,1.5,85,2,300,both,119,71,48,59.7,-803.8,2394.9,-0.34
3.75,1.5,85,2,300,long,63,41,22,65.1,231.0,1203.6,0.19
3.75,1.5,85,2,300,short,56,30,26,53.6,-1034.8,1565.5,-0.66
3.75,1.5,85,3,300,both,118,71,47,60.2,-645.8,2394.9,-0.27
3.75,1.5,85,3,300,long,63,41,22,65.1,231.0,1203.6,0.19
3.75,1.5,85,3,300,short,55,30,25,54.5,-876.8,1407.5,-0.62
3.75,1.5,85,4,300,both,118,71,47,60.2,-645.8,2394.9,-0.27
3.75,1.5,85,4,300,long,63,41,22,65.1,231.0,1203.6,0.19
3.75,1.5,85,4,300,short,55,30,25,54.5,-876.8,1407.5,-0.62
3.75,1.5,95,1,300,both,119,68,51,57.1,-1236.9,2184.2,-0.57
3.75,1.5,95,1,300,long,63,38,25,60.3,-223.1,1159.0,-0.19
3.75,1.5,95,1,300,short,56,30,26,53.6,-1013.8,1567.2,-0.65
3.75,1.5,95,2,300,both,119,68,51,57.1,-1236.9,2184.2,-0.57
3.75,1.5,95,2,300,long,63,38,25,60.3,-223.1,1159.0,-0.19
3.75,1.5,95,2,300,short,56,30,26,53.6,-1013.8,1567.2,-0.65
3.75,1.5,95,3,300,both,118,68,50,57.6,-1078.9,2184.2,-0.49
3.75,1.5,95,3,300,long,63,38,25,60.3,-223.1,1159.0,-0.19
3.75,1.5,95,3,300,short,55,30,25,54.5,-855.8,1409.2,-0.61
3.75,1.5,95,4,300,both,118,68,50,57.6,-1078.9,2184.2,-0.49
3.75,1.5,95,4,300,long,63,38,25,60.3,-223.1,1159.0,-0.19
3.75,1.5,95,4,300,short,55,30,25,54.5,-855.8,1409.2,-0.61
3.75,2.0,55,1,300,both,118,77,41,65.3,-768.5,2654.2,-0.29
3.75,2.0,55,1,300,long,63,43,20,68.3,46.5,1407.1,0.03
3.75,2.0,55,1,300,short,55,34,21,61.8,-815.0,1820.7,-0.45
3.75,2.0,55,2,300,both,118,77,41,65.3,-768.5,2654.2,-0.29
3.75,2.0,55,2,300,long,63,43,20,68.3,46.5,1407.1,0.03
3.75,2.0,55,2,300,short,55,34,21,61.8,-815.0,1820.7,-0.45
3.75,2.0,55,3,300,both,115,75,40,65.2,-731.1,2768.1,-0.26
3.75,2.0,55,3,300,long,62,42,20,67.7,-10.2,1463.8,-0.01
3.75,2.0,55,3,300,short,53,33,20,62.3,-720.9,1781.0,-0.4
3.75,2.0,55,4,300,both,115,75,40,65.2,-731.1,2768.1,-0.26
3.75,2.0,55,4,300,long,62,42,20,67.7,-10.2,1463.8,-0.01
3.75,2.0,55,4,300,short,53,33,20,62.3,-720.9,1781.0,-0.4
3.75,2.0,65,1,300,both,116,76,40,65.5,-663.3,2546.0,-0.26
3.75,2.0,65,1,300,long,61,42,19,68.9,-73.7,1476.2,-0.05
3.75,2.0,65,1,300,short,55,34,21,61.8,-589.6,1640.5,-0.36
3.75,2.0,65,2,300,both,116,76,40,65.5,-663.3,2546.0,-0.26
3.75,2.0,65,2,300,long,61,42,19,68.9,-73.7,1476.2,-0.05
3.75,2.0,65,2,300,short,55,34,21,61.8,-589.6,1640.5,-0.36
3.75,2.0,65,3,300,both,115,76,39,66.1,-455.3,2546.0,-0.18
3.75,2.0,65,3,300,long,61,42,19,68.9,-73.7,1476.2,-0.05
3.75,2.0,65,3,300,short,54,34,20,63.0,-381.6,1602.9,-0.24
3.75,2.0,65,4,300,both,115,76,39,66.1,-455.3,2546.0,-0.18
3.75,2.0,65,4,300,long,61,42,19,68.9,-73.7,1476.2,-0.05
3.75,2.0,65,4,300,short,54,34,20,63.0,-381.6,1602.9,-0.24
3.75,2.0,75,1,300,both,116,76,40,65.5,-578.4,2513.8,-0.23
3.75,2.0,75,1,300,long,61,42,19,68.9,-17.7,1476.2,-0.01
3.75,2.0,75,1,300,short,55,34,21,61.8,-560.7,1611.6,-0.35
3.75,2.0,75,2,300,both,116,76,40,65.5,-578.4,2513.8,-0.23
3.75,2.0,75,2,300,long,61,42,19,68.9,-17.7,1476.2,-0.01
3.75,2.0,75,2,300,short,55,34,21,61.8,-560.7,1611.6,-0.35
3.75,2.0,75,3,300,both,115,76,39,66.1,-370.4,2513.8,-0.15
3.75,2.0,75,3,300,long,61,42,19,68.9,-17.7,1476.2,-0.01
3.75,2.0,75,3,300,short,54,34,20,63.0,-352.7,1574.0,-0.22
3.75,2.0,75,4,300,both,115,76,39,66.1,-370.4,2513.8,-0.15
3.75,2.0,75,4,300,long,61,42,19,68.9,-17.7,1476.2,-0.01
3.75,2.0,75,4,300,short,54,34,20,63.0,-352.7,1574.0,-0.22
3.75,2.0,85,1,300,both,116,75,41,64.7,-637.1,2513.8,-0.25
3.75,2.0,85,1,300,long,61,41,20,67.2,-76.4,1476.2,-0.05
3.75,2.0,85,1,300,short,55,34,21,61.8,-560.7,1611.6,-0.35
3.75,2.0,85,2,300,both,116,75,41,64.7,-637.1,2513.8,-0.25
3.75,2.0,85,2,300,long,61,41,20,67.2,-76.4,1476.2,-0.05
3.75,2.0,85,2,300,short,55,34,21,61.8,-560.7,1611.6,-0.35
3.75,2.0,85,3,300,both,115,75,40,65.2,-429.1,2513.8,-0.17
3.75,2.0,85,3,300,long,61,41,20,67.2,-76.4,1476.2,-0.05
3.75,2.0,85,3,300,short,54,34,20,63.0,-352.7,1574.0,-0.22
3.75,2.0,85,4,300,both,115,75,40,65.2,-429.1,2513.8,-0.17
3.75,2.0,85,4,300,long,61,41,20,67.2,-76.4,1476.2,-0.05
3.75,2.0,85,4,300,short,54,34,20,63.0,-352.7,1574.0,-0.22
3.75,2.0,95,1,300,both,116,72,44,62.1,-1220.2,2314.7,-0.53
3.75,2.0,95,1,300,long,61,38,23,62.3,-680.5,1381.6,-0.49
3.75,2.0,95,1,300,short,55,34,21,61.8,-539.7,1613.3,-0.33
3.75,2.0,95,2,300,both,116,72,44,62.1,-1220.2,2314.7,-0.53
3.75,2.0,95,2,300,long,61,38,23,62.3,-680.5,1381.6,-0.49
3.75,2.0,95,2,300,short,55,34,21,61.8,-539.7,1613.3,-0.33
3.75,2.0,95,3,300,both,115,72,43,62.6,-1012.2,2314.7,-0.44
3.75,2.0,95,3,300,long,61,38,23,62.3,-680.5,1381.6,-0.49
3.75,2.0,95,3,300,short,54,34,20,63.0,-331.7,1575.7,-0.21
3.75,2.0,95,4,300,both,115,72,43,62.6,-1012.2,2314.7,-0.44
3.75,2.0,95,4,300,long,61,38,23,62.3,-680.5,1381.6,-0.49
3.75,2.0,95,4,300,short,54,34,20,63.0,-331.7,1575.7,-0.21
4.0,0.5,55,1,100,both,67,37,30,55.2,1550.6,447.4,3.47
4.0,0.5,55,1,100,long,38,21,17,55.3,788.1,186.1,4.23
4.0,0.5,55,1,100,short,29,16,13,55.2,762.5,337.9,2.26
4.0,0.5,55,2,100,both,67,37,30,55.2,1550.6,447.4,3.47
4.0,0.5,55,2,100,long,38,21,17,55.3,788.1,186.1,4.23
4.0,0.5,55,2,100,short,29,16,13,55.2,762.5,337.9,2.26
4.0,0.5,55,3,100,both,66,37,29,56.1,1608.6,447.4,3.6
4.0,0.5,55,3,100,long,38,21,17,55.3,788.1,186.1,4.23
4.0,0.5,55,3,100,short,28,16,12,57.1,820.5,337.9,2.43
4.0,0.5,55,4,100,both,66,37,29,56.1,1608.6,447.4,3.6
4.0,0.5,55,4,100,long,38,21,17,55.3,788.1,186.1,4.23
4.0,0.5,55,4,100,short,28,16,12,57.1,820.5,337.9,2.43
4.0,0.5,65,1,100,both,67,36,31,53.7,1436.2,440.0,3.26
4.0,0.5,65,1,100,long,38,21,17,55.3,790.4,186.1,4.25
4.0,0.5,65,1,100,short,29,15,14,51.7,645.8,330.5,1.95
4.0,0.5,65,2,100,both,67,36,31,53.7,1436.2,440.0,3.26
4.0,0.5,65,2,100,long,38,21,17,55.3,790.4,186.1,4.25
4.0,0.5,65,2,100,short,29,15,14,51.7,645.8,330.5,1.95
4.0,0.5,65,3,100,both,66,36,30,54.5,1494.2,440.0,3.4
4.0,0.5,65,3,100,long,38,21,17,55.3,790.4,186.1,4.25
4.0,0.5,65,3,100,short,28,15,13,53.6,703.8,330.5,2.13
4.0,0.5,65,4,100,both,66,36,30,54.5,1494.2,440.0,3.4
4.0,0.5,65,4,100,long,38,21,17,55.3,790.4,186.1,4.25
4.0,0.5,65,4,100,short,28,15,13,53.6,703.8,330.5,2.13
4.0,0.5,75,1,100,both,67,36,31,53.7,1896.6,419.3,4.52
4.0,0.5,75,1,100,long,38,21,17,55.3,1230.1,186.1,6.61
4.0,0.5,75,1,100,short,29,15,14,51.7,666.5,309.8,2.15
4.0,0.5,75,2,100,both,67,36,31,53.7,1896.6,419.3,4.52
4.0,0.5,75,2,100,long,38,21,17,55.3,1230.1,186.1,6.61
4.0,0.5,75,2,100,short,29,15,14,51.7,666.5,309.8,2.15
4.0,0.5,75,3,100,both,66,36,30,54.5,1954.6,419.3,4.66
4.0,0.5,75,3,100,long,38,21,17,55.3,1230.1,186.1,6.61
4.0,0.5,75,3,100,short,28,15,13,53.6,724.5,309.8,2.34
4.0,0.5,75,4,100,both,66,36,30,54.5,1954.6,419.3,4.66
4.0,0.5,75,4,100,long,38,21,17,55.3,1230.1,186.1,6.61
4.0,0.5,75,4,100,short,28,15,13,53.6,724.5,309.8,2.34
4.0,0.5,85,1,100,both,67,36,31,53.7,1947.6,419.3,4.64
4.0,0.5,85,1,100,long,38,21,17,55.3,1281.1,174.4,7.35
4.0,0.5,85,1,100,short,29,15,14,51.7,666.5,309.8,2.15
4.0,0.5,85,2,100,both,67,36,31,53.7,1947.6,419.3,4.64
4.0,0.5,85,2,100,long,38,21,17,55.3,1281.1,174.4,7.35
4.0,0.5,85,2,100,short,29,15,14,51.7,666.5,309.8,2.15
4.0,0.5,85,3,100,both,66,36,30,54.5,2005.6,419.3,4.78
4.0,0.5,85,3,100,long,38,21,17,55.3,1281.1,174.4,7.35
4.0,0.5,85,3,100,short,28,15,13,53.6,724.5,309.8,2.34
4.0,0.5,85,4,100,both,66,36,30,54.5,2005.6,419.3,4.78
4.0,0.5,85,4,100,long,38,21,17,55.3,1281.1,174.4,7.35
4.0,0.5,85,4,100,short,28,15,13,53.6,724.5,309.8,2.34
4.0,0.5,95,1,100,both,67,34,33,50.7,1933.6,423.0,4.57
4.0,0.5,95,1,100,long,38,20,18,52.6,1392.8,174.4,7.99
4.0,0.5,95,1,100,short,29,14,15,48.3,540.8,397.5,1.36
4.0,0.5,95,2,100,both,67,34,33,50.7,1933.6,423.0,4.57
4.0,0.5,95,2,100,long,38,20,18,52.6,1392.8,174.4,7.99
4.0,0.5,95,2,100,short,29,14,15,48.3,540.8,397.5,1.36
4.0,0.5,95,3,100,both,66,34,32,51.5,1991.6,423.0,4.71
4.0,0.5,95,3,100,long,38,20,18,52.6,1392.8,174.4,7.99
4.0,0.5,95,3,100,short,28,14,14,50.0,598.8,397.5,1.51
4.0,0.5,95,4,100,both,66,34,32,51.5,1991.6,423.0,4.71
4.0,0.5,95,4,100,long,38,20,18,52.6,1392.8,174.4,7.99
4.0,0.5,95,4,100,short,28,14,14,50.0,598.8,397.5,1.51
4.0,0.75,55,1,100,both,67,41,26,61.2,1555.6,697.4,2.23
4.0,0.75,55,1,100,long,38,24,14,63.2,1001.1,302.2,3.31
4.0,0.75,55,1,100,short,29,17,12,58.6,554.5,487.9,1.14
4.0,0.75,55,2,100,both,67,41,26,61.2,1555.6,697.4,2.23
4.0,0.75,55,2,100,long,38,24,14,63.2,1001.1,302.2,3.31
4.0,0.75,55,2,100,short,29,17,12,58.6,554.5,487.9,1.14
4.0,0.75,55,3,100,both,66,41,25,62.1,1638.6,697.4,2.35
4.0,0.75,55,3,100,long,38,24,14,63.2,1001.1,302.2,3.31
4.0,0.75,55,3,100,short,28,17,11,60.7,637.5,487.9,1.31
4.0,0.75,55,4,100,both,66,41,25,62.1,1638.6,697.4,2.35
4.0,0.75,55,4,100,long,38,24,14,63.2,1001.1,302.2,3.31
4.0,0.75,55,4,100,short,28,17,11,60.7,637.5,487.9,1.31
4.0,0.75,65,1,100,both,67,40,27,59.7,1416.2,690.0,2.05
4.0,0.75,65,1,100,long,38,24,14,63.2,1003.4,302.2,3.32
4.0,0.75,65,1,100,short,29,16,13,55.2,412.8,480.5,0.86
4.0,0.75,65,2,100,both,67,40,27,59.7,1416.2,690.0,2.05
4.0,0.75,65,2,100,long,38,24,14,63.2,1003.4,302.2,3.32
4.0,0.75,65,2,100,short,29,16,13,55.2,412.8,480.5,0.86
4.0,0.75,65,3,100,both,66,40,26,60.6,1499.2,690.0,2.17
4.0,0.75,65,3,100,long,38,24,14,63.2,1003.4,302.2,3.32
4.0,0.75,65,3,100,short,28,16,12,57.1,495.8,480.5,1.03
4.0,0.75,65,4,100,both,66,40,26,60.6,1499.2,690.0,2.17
4.0,0.75,65,4,100,long,38,24,14,63.2,1003.4,302.2,3.32
4.0,0.75,65,4,100,short,28,16,12,57.1,495.8,480.5,1.03
4.0,0.75,75,1,100,both,67,40,27,59.7,1876.6,669.3,2.8
4.0,0.75,75,1,100,long,38,24,14,63.2,1443.1,302.2,4.78
4.0,0.75,75,1,100,short,29,16,13,55.2,433.5,459.8,0.94
4.0,0.75,75,2,100,both,67,40,27,59.7,1876.6,669.3,2.8
4.0,0.75,75,2,100,long,38,24,14,63.2,1443.1,302.2,4.78
4.0,0.75,75,2,100,short,29,16,13,55.2,433.5,459.8,0.94
4.0,0.75,75,3,100,both,66,40,26,60.6,1959.6,669.3,2.93
4.0,0.75,75,3,100,long,38,24,14,63.2,1443.1,302.2,4.78
4.0,0.75,75,3,100,short,28,16,12,57.1,516.5,459.8,1.12
4.0,0.75,75,4,100,both,66,40,26,60.6,1959.6,669.3,2.93
4.0,0.75,75,4,100,long,38,24,14,63.2,1443.1,302.2,4.78
4.0,0.75,75,4,100,short,28,16,12,57.1,516.5,459.8,1.12
4.0,0.75,85,1,100,both,67,40,27,59.7,1927.6,669.3,2.88
4.0,0.75,85,1,100,long,38,24,14,63.2,1494.1,290.5,5.14
4.0,0.75,85,1,100,short,29,16,13,55.2,433.5,459.8,0.94
4.0,0.75,85,2,100,both,67,40,27,59.7,1927.6,669.3,2.88
4.0,0.75,85,2,100,long,38,24,14,63.2,1494.1,290.5,5.14
4.0,0.75,85,2,100,short,29,16,13,55.2,433.5,459.8,0.94
4.0,0.75,85,3,100,both,66,40,26,60.6,2010.6,669.3,3.0
4.0,0.75,85,3,100,long,38,24,14,63.2,1494.1,290.5,5.14
4.0,0.75,85,3,100,short,28,16,12,57.1,516.5,459.8,1.12
4.0,0.75,85,4,100,both,66,40,26,60.6,2010.6,669.3,3.0
4.0,0.75,85,4,100,long,38,24,14,63.2,1494.1,290.5,5.14
4.0,0.75,85,4,100,short,28,16,12,57.1,516.5,459.8,1.12
4.0,0.75,95,1,100,both,67,38,29,56.7,1878.0,673.0,2.79
4.0,0.75,95,1,100,long,38,23,15,60.5,1595.2,209.5,7.61
4.0,0.75,95,1,100,short,29,15,14,51.7,282.8,546.5,0.52
4.0,0.75,95,2,100,both,67,38,29,56.7,1878.0,673.0,2.79
4.0,0.75,95,2,100,long,38,23,15,60.5,1595.2,209.5,7.61
4.0,0.75,95,2,100,short,29,15,14,51.7,282.8,546.5,0.52
4.0,0.75,95,3,100,both,66,38,28,57.6,1961.0,673.0,2.91
4.0,0.75,95,3,100,long,38,23,15,60.5,1595.2,209.5,7.61
4.0,0.75,95,3,100,short,28,15,13,53.6,365.8,546.5,0.67
4.0,0.75,95,4,100,both,66,38,28,57.6,1961.0,673.0,2.91
4.0,0.75,95,4,100,long,38,23,15,60.5,1595.2,209.5,7.61
4.0,0.75,95,4,100,short,28,15,13,53.6,365.8,546.5,0.67
4.0,1.0,55,1,100,both,67,41,26,61.2,1002.8,975.6,1.03
4.0,1.0,55,1,100,long,38,24,14,63.2,651.1,560.2,1.16
4.0,1.0,55,1,100,short,29,17,12,58.6,351.7,657.3,0.54
4.0,1.0,55,2,100,both,67,41,26,61.2,1002.8,975.6,1.03
4.0,1.0,55,2,100,long,38,24,14,63.2,651.1,560.2,1.16
4.0,1.0,55,2,100,short,29,17,12,58.6,351.7,657.3,0.54
4.0,1.0,55,3,100,both,66,41,25,62.1,1110.8,975.6,1.14
4.0,1.0,55,3,100,long,38,24,14,63.2,651.1,560.2,1.16
4.0,1.0,55,3,100,short,28,17,11,60.7,459.7,637.9,0.72
4.0,1.0,55,4,100,both,66,41,25,62.1,1110.8,975.6,1.14
4.0,1.0,55,4,100,long,38,24,14,63.2,651.1,560.2,1.16
4.0,1.0,55,4,100,short,28,17,11,60.7,459.7,637.9,0.72
4.0,1.0,65,1,100,both,67,40,27,59.7,838.4,968.2,0.87
4.0,1.0,65,1,100,long,38,24,14,63.2,653.4,560.2,1.17
4.0,1.0,65,1,100,short,29,16,13,55.2,185.0,649.9,0.28
4.0,1.0,65,2,100,both,67,40,27,59.7,838.4,968.2,0.87
4.0,1.0,65,2,100,long,38,24,14,63.2,653.4,560.2,1.17
4.0,1.0,65,2,100,short,29,16,13,55.2,185.0,649.9,0.28
4.0,1.0,65,3,100,both,66,40,26,60.6,946.4,968.2,0.98
4.0,1.0,65,3,100,long,38,24,14,63.2,653.4,560.2,1.17
4.0,1.0,65,3,100,short,28,16,12,57.1,293.0,630.5,0.46
4.0,1.0,65,4,100,both,66,40,26,60.6,946.4,968.2,0.98
4.0,1.0,65,4,100,long,38,24,14,63.2,653.4,560.2,1.17
4.0,1.0,65,4,100,short,28,16,12,57.1,293.0,630.5,0.46
4.0,1.0,75,1,100,both,67,40,27,59.7,1298.8,947.5,1.37
4.0,1.0,75,1,100,long,38,24,14,63.2,1093.1,560.2,1.95
4.0,1.0,75,1,100,short,29,16,13,55.2,205.7,629.2,0.33
4.0,1.0,75,2,100,both,67,40,27,59.7,1298.8,947.5,1.37
4.0,1.0,75,2,100,long,38,24,14,63.2,1093.1,560.2,1.95
4.0,1.0,75,2,100,short,29,16,13,55.2,205.7,629.2,0.33
4.0,1.0,75,3,100,both,66,40,26,60.6,1406.8,947.5,1.48
4.0,1.0,75,3,100,long,38,24,14,63.2,1093.1,560.2,1.95
4.0,1.0,75,3,100,short,28,16,12,57.1,313.7,609.8,0.51
4.0,1.0,75,4,100,both,66,40,26,60.6,1406.8,947.5,1.48
4.0,1.0,75,4,100,long,38,24,14,63.2,1093.1,560.2,1.95
4.0,1.0,75,4,100,short,28,16,12,57.1,313.7,609.8,0.51
4.0,1.0,85,1,100,both,67,40,27,59.7,1349.8,947.5,1.42
4.0,1.0,85,1,100,long,38,24,14,63.2,1144.1,540.5,2.12
4.0,1.0,85,1,100,short,29,16,13,55.2,205.7,629.2,0.33
4.0,1.0,85,2,100,both,67,40,27,59.7,1349.8,947.5,1.42
4.0,1.0,85,2,100,long,38,24,14,63.2,1144.1,540.5,2.12
4.0,1.0,85,2,100,short,29,16,13,55.2,205.7,629.2,0.33
4.0,1.0,85,3,100,both,66,40,26,60.6,1457.8,947.5,1.54
4.0,1.0,85,3,100,long,38,24,14,63.2,1144.1,540.5,2.12
4.0,1.0,85,3,100,short,28,16,12,57.1,313.7,609.8,0.51
4.0,1.0,85,4,100,both,66,40,26,60.6,1457.8,947.5,1.54
4.0,1.0,85,4,100,long,38,24,14,63.2,1144.1,540.5,2.12
4.0,1.0,85,4,100,short,28,16,12,57.1,313.7,609.8,0.51
4.0,1.0,95,1,100,both,67,39,28,58.2,1362.0,923.0,1.48
4.0,1.0,95,1,100,long,38,24,14,63.2,1332.0,327.0,4.07
4.0,1.0,95,1,100,short,29,15,14,51.7,30.0,740.9,0.04
4.0,1.0,95,2,100,both,67,39,28,58.2,1362.0,923.0,1.48
4.0,1.0,95,2,100,long,38,24,14,63.2,1332.0,327.0,4.07
4.0,1.0,95,2,100,short,29,15,14,51.7,30.0,740.9,0.04
4.0,1.0,95,3,100,both,66,39,27,59.1,1470.0,923.0,1.59
4.0,1.0,95,3,100,long,38,24,14,63.2,1332.0,327.0,4.07
4.0,1.0,95,3,100,short,28,15,13,53.6,138.0,721.5,0.19
4.0,1.0,95,4,100,both,66,39,27,59.1,1470.0,923.0,1.59
4.0,1.0,95,4,100,long,38,24,14,63.2,1332.0,327.0,4.07
4.0,1.0,95,4,100,short,28,15,13,53.6,138.0,721.5,0.19
4.0,1.25,55,1,100,both,67,44,23,65.7,931.6,1064.4,0.88
4.0,1.25,55,1,100,long,38,27,11,71.1,854.9,520.3,1.64
4.0,1.25,55,1,100,short,29,17,12,58.6,76.7,832.3,0.09
4.0,1.25,55,2,100,both,67,44,23,65.7,931.6,1064.4,0.88
4.0,1.25,55,2,100,long,38,27,11,71.1,854.9,520.3,1.64
4.0,1.25,55,2,100,short,29,17,12,58.6,76.7,832.3,0.09
4.0,1.25,55,3,100,both,66,44,22,66.7,1064.6,1064.4,1.0
4.0,1.25,55,3,100,long,38,27,11,71.1,854.9,520.3,1.64
4.0,1.25,55,3,100,short,28,17,11,60.7,209.7,787.9,0.27
4.0,1.25,55,4,100,both,66,44,22,66.7,1064.6,1064.4,1.0
4.0,1.25,55,4,100,long,38,27,11,71.1,854.9,520.3,1.64
4.0,1.25,55,4,100,short,28,17,11,60.7,209.7,787.9,0.27
4.0,1.25,65,1,100,both,67,43,24,64.2,742.2,1057.0,0.7
4.0,1.25,65,1,100,long,38,27,11,71.1,857.2,520.3,1.65
4.0,1.25,65,1,100,short,29,16,13,55.2,-115.0,862.7,-0.13
4.0,1.25,65,2,100,both,67,43,24,64.2,742.2,1057.0,0.7
4.0,1.25,65,2,100,long,38,27,11,71.1,857.2,520.3,1.65
4.0,1.25,65,2,100,short,29,16,13,55.2,-115.0,862.7,-0.13
4.0,1.25,65,3,100,both,66,43,23,65.2,875.2,1057.0,0.83
4.0,1.25,65,3,100,long,38,27,11,71.1,857.2,520.3,1.65
4.0,1.25,65,3,100,short,28,16,12,57.1,18.0,780.5,0.02
4.0,1.25,65,4,100,both,66,43,23,65.2,875.2,1057.0,0.83
4.0,1.25,65,4,100,long,38,27,11,71.1,857.2,520.3,1.65
4.0,1.25,65,4,100,short,28,16,12,57.1,18.0,780.5,0.02
4.0,1.25,75,1,100,both,67,43,24,64.2,1202.6,1036.3,1.16
4.0,1.25,75,1,100,long,38,27,11,71.1,1296.9,520.3,2.49
4.0,1.25,75,1,100,short,29,16,13,55.2,-94.3,842.0,-0.11
4.0,1.25,75,2,100,both,67,43,24,64.2,1202.6,1036.3,1.16
4.0,1.25,75,2,100,long,38,27,11,71.1,1296.9,520.3,2.49
4.0,1.25,75,2,100,short,29,16,13,55.2,-94.3,842.0,-0.11
4.0,1.25,75,3,100,both,66,43,23,65.2,1335.6,1036.3,1.29
4.0,1.25,75,3,100,long,38,27,11,71.1,1296.9,520.3,2.49
4.0,1.25,75,3,100,short,28,16,12,57.1,38.7,759.8,0.05
4.0,1.25,75,4,100,both,66,43,23,65.2,1335.6,1036.3,1.29
4.0,1.25,75,4,100,long,38,27,11,71.1,1296.9,520.3,2.49
4.0,1.25,75,4,100,short,28,16,12,57.1,38.7,759.8,0.05
4.0,1.25,85,1,100,both,67,43,24,64.2,1253.6,1036.3,1.21
4.0,1.25,85,1,100,long,38,27,11,71.1,1347.9,475.6,2.83
4.0,1.25,85,1,100,short,29,16,13,55.2,-94.3,842.0,-0.11
4.0,1.25,85,2,100,both,67,43,24,64.2,1253.6,1036.3,1.21
4.0,1.25,85,2,100,long,38,27,11,71.1,1347.9,475.6,2.83
4.0,1.25,85,2,100,short,29,16,13,55.2,-94.3,842.0,-0.11
4.0,1.25,85,3,100,both,66,43,23,65.2,1386.6,1036.3,1.34
4.0,1.25,85,3,100,long,38,27,11,71.1,1347.9,475.6,2.83
4.0,1.25,85,3,100,short,28,16,12,57.1,38.7,759.8,0.05
4.0,1.25,85,4,100,both,66,43,23,65.2,1386.6,1036.3,1.34
4.0,1.25,85,4,100,long,38,27,11,71.1,1347.9,475.6,2.83
4.0,1.25,85,4,100,short,28,16,12,57.1,38.7,759.8,0.05
4.0,1.25,95,1,100,both,67,43,24,64.2,1429.0,1040.0,1.37
4.0,1.25,95,1,100,long,38,27,11,71.1,1535.8,403.3,3.81
4.0,1.25,95,1,100,short,29,16,13,55.2,-106.8,845.7,-0.13
4.0,1.25,95,2,100,both,67,43,24,64.2,1429.0,1040.0,1.37
4.0,1.25,95,2,100,long,38,27,11,71.1,1535.8,403.3,3.81
4.0,1.25,95,2,100,short,29,16,13,55.2,-106.8,845.7,-0.13
4.0,1.25,95,3,100,both,66,43,23,65.2,1562.0,1040.0,1.5
4.0,1.25,95,3,100,long,38,27,11,71.1,1535.8,403.3,3.81
4.0,1.25,95,3,100,short,28,16,12,57.1,26.2,763.5,0.03
4.0,1.25,95,4,100,both,66,43,23,65.2,1562.0,1040.0,1.5
4.0,1.25,95,4,100,long,38,27,11,71.1,1535.8,403.3,3.81
4.0,1.25,95,4,100,short,28,16,12,57.1,26.2,763.5,0.03
4.0,1.5,55,1,100,both,67,45,22,67.2,550.2,1131.4,0.49
4.0,1.5,55,1,100,long,38,28,10,73.7,748.5,576.7,1.3
4.0,1.5,55,1,100,short,29,17,12,58.6,-198.3,1007.3,-0.2
4.0,1.5,55,2,100,both,67,45,22,67.2,550.2,1131.4,0.49
4.0,1.5,55,2,100,long,38,28,10,73.7,748.5,576.7,1.3
4.0,1.5,55,2,100,short,29,17,12,58.6,-198.3,1007.3,-0.2
4.0,1.5,55,3,100,both,66,45,21,68.2,708.2,1131.4,0.63
4.0,1.5,55,3,100,long,38,28,10,73.7,748.5,576.7,1.3
4.0,1.5,55,3,100,short,28,17,11,60.7,-40.3,937.9,-0.04
4.0,1.5,55,4,100,both,66,45,21,68.2,708.2,1131.4,0.63
4.0,1.5,55,4,100,long,38,28,10,73.7,748.5,576.7,1.3
4.0,1.5,55,4,100,short,28,17,11,60.7,-40.3,937.9,-0.04
4.0,1.5,65,1,100,both,67,44,23,65.7,335.8,1124.0,0.3
4.0,1.5,65,1,100,long,38,28,10,73.7,750.8,576.7,1.3
4.0,1.5,65,1,100,short,29,16,13,55.2,-415.0,1112.7,-0.37
4.0,1.5,65,2,100,both,67,44,23,65.7,335.8,1124.0,0.3
4.0,1.5,65,2,100,long,38,28,10,73.7,750.8,576.7,1.3
4.0,1.5,65,2,100,short,29,16,13,55.2,-415.0,1112.7,-0.37
4.0,1.5,65,3,100,both,66,44,22,66.7,493.8,1124.0,0.44
4.0,1.5,65,3,100,long,38,28,10,73.7,750.8,576.7,1.3
4.0,1.5,65,3,100,short,28,16,12,57.1,-257.0,954.7,-0.27
4.0,1.5,65,4,100,both,66,44,22,66.7,493.8,1124.0,0.44
4.0,1.5,65,4,100,long,38,28,10,73.7,750.8,576.7,1.3
4.0,1.5,65,4,100,short,28,16,12,57.1,-257.0,954.7,-0.27
4.0,1.5,75,1,100,both,67,44,23,65.7,796.2,1103.3,0.72
4.0,1.5,75,1,100,long,38,28,10,73.7,1190.5,576.7,2.06
4.0,1.5,75,1,100,short,29,16,13,55.2,-394.3,1092.0,-0.36
4.0,1.5,75,2,100,both,67,44,23,65.7,796.2,1103.3,0.72
4.0,1.5,75,2,100,long,38,28,10,73.7,1190.5,576.7,2.06
4.0,1.5,75,2,100,short,29,16,13,55.2,-394.3,1092.0,-0.36
4.0,1.5,75,3,100,both,66,44,22,66.7,954.2,1103.3,0.86
4.0,1.5,75,3,100,long,38,28,10,73.7,1190.5,576.7,2.06
4.0,1.5,75,3,100,short,28,16,12,57.1,-236.3,934.0,-0.25
4.0,1.5,75,4,100,both,66,44,22,66.7,954.2,1103.3,0.86
4.0,1.5,75,4,100,long,38,28,10,73.7,1190.5,576.7,2.06
4.0,1.5,75,4,100,short,28,16,12,57.1,-236.3,934.0,-0.25
4.0,1.5,85,1,100,both,67,44,23,65.7,847.2,1103.3,0.77
4.0,1.5,85,1,100,long,38,28,10,73.7,1241.5,525.7,2.36
4.0,1.5,85,1,100,short,29,16,13,55.2,-394.3,1092.0,-0.36
4.0,1.5,85,2,100,both,67,44,23,65.7,847.2,1103.3,0.77
4.0,1.5,85,2,100,long,38,28,10,73.7,1241.5,525.7,2.36
4.0,1.5,85,2,100,short,29,16,13,55.2,-394.3,1092.0,-0.36
4.0,1.5,85,3,100,both,66,44,22,66.7,1005.2,1103.3,0.91
4.0,1.5,85,3,100,long,38,28,10,73.7,1241.5,525.7,2.36
4.0,1.5,85,3,100,short,28,16,12,57.1,-236.3,934.0,-0.25
4.0,1.5,85,4,100,both,66,44,22,66.7,1005.2,1103.3,0.91
4.0,1.5,85,4,100,long,38,28,10,73.7,1241.5,525.7,2.36
4.0,1.5,85,4,100,short,28,16,12,57.1,-236.3,934.0,-0.25
4.0,1.5,95,1,100,both,67,44,23,65.7,1022.6,1107.0,0.92
4.0,1.5,95,1,100,long,38,28,10,73.7,1429.4,503.3,2.84
4.0,1.5,95,1,100,short,29,16,13,55.2,-406.8,1095.7,-0.37
4.0,1.5,95,2,100,both,67,44,23,65.7,1022.6,1107.0,0.92
4.0,1.5,95,2,100,long,38,28,10,73.7,1429.4,503.3,2.84
4.0,1.5,95,2,100,short,29,16,13,55.2,-406.8,1095.7,-0.37
4.0,1.5,95,3,100,both,66,44,22,66.7,1180.6,1107.0,1.07
4.0,1.5,95,3,100,long,38,28,10,73.7,1429.4,503.3,2.84
4.0,1.5,95,3,100,short,28,16,12,57.1,-248.8,937.7,-0.27
4.0,1.5,95,4,100,both,66,44,22,66.7,1180.6,1107.0,1.07
4.0,1.5,95,4,100,long,38,28,10,73.7,1429.4,503.3,2.84
4.0,1.5,95,4,100,short,28,16,12,57.1,-248.8,937.7,-0.27
4.0,2.0,55,1,100,both,67,46,21,68.7,394.8,1304.8,0.3
4.0,2.0,55,1,100,long,38,29,9,76.3,979.3,604.4,1.62
4.0,2.0,55,1,100,short,29,17,12,58.6,-584.5,1193.5,-0.49
4.0,2.0,55,2,100,both,67,46,21,68.7,394.8,1304.8,0.3
4.0,2.0,55,2,100,long,38,29,9,76.3,979.3,604.4,1.62
4.0,2.0,55,2,100,short,29,17,12,58.6,-584.5,1193.5,-0.49
4.0,2.0,55,3,100,both,66,46,20,69.7,602.8,1296.0,0.47
4.0,2.0,55,3,100,long,38,29,9,76.3,979.3,604.4,1.62
4.0,2.0,55,3,100,short,28,17,11,60.7,-376.5,1074.1,-0.35
4.0,2.0,55,4,100,both,66,46,20,69.7,602.8,1296.0,0.47
4.0,2.0,55,4,100,long,38,29,9,76.3,979.3,604.4,1.62
4.0,2.0,55,4,100,short,28,17,11,60.7,-376.5,1074.1,-0.35
4.0,2.0,65,1,100,both,67,46,21,68.7,411.0,1297.4,0.32
4.0,2.0,65,1,100,long,38,29,9,76.3,981.6,604.4,1.62
4.0,2.0,65,1,100,short,29,17,12,58.6,-570.6,1186.1,-0.48
4.0,2.0,65,2,100,both,67,46,21,68.7,411.0,1297.4,0.32
4.0,2.0,65,2,100,long,38,29,9,76.3,981.6,604.4,1.62
4.0,2.0,65,2,100,short,29,17,12,58.6,-570.6,1186.1,-0.48
4.0,2.0,65,3,100,both,66,46,20,69.7,619.0,1288.6,0.48
4.0,2.0,65,3,100,long,38,29,9,76.3,981.6,604.4,1.62
4.0,2.0,65,3,100,short,28,17,11,60.7,-362.6,1066.7,-0.34
4.0,2.0,65,4,100,both,66,46,20,69.7,619.0,1288.6,0.48
4.0,2.0,65,4,100,long,38,29,9,76.3,981.6,604.4,1.62
4.0,2.0,65,4,100,short,28,17,11,60.7,-362.6,1066.7,-0.34
4.0,2.0,75,1,100,both,67,46,21,68.7,871.4,1276.7,0.68
4.0,2.0,75,1,100,long,38,29,9,76.3,1421.3,604.4,2.35
4.0,2.0,75,1,100,short,29,17,12,58.6,-549.9,1165.4,-0.47
4.0,2.0,75,2,100,both,67,46,21,68.7,871.4,1276.7,0.68
4.0,2.0,75,2,100,long,38,29,9,76.3,1421.3,604.4,2.35
4.0,2.0,75,2,100,short,29,17,12,58.6,-549.9,1165.4,-0.47
4.0,2.0,75,3,100,both,66,46,20,69.7,1079.4,1267.9,0.85
4.0,2.0,75,3,100,long,38,29,9,76.3,1421.3,604.4,2.35
4.0,2.0,75,3,100,short,28,17,11,60.7,-341.9,1046.0,-0.33
4.0,2.0,75,4,100,both,66,46,20,69.7,1079.4,1267.9,0.85
4.0,2.0,75,4,100,long,38,29,9,76.3,1421.3,604.4,2.35
4.0,2.0,75,4,100,short,28,17,11,60.7,-341.9,1046.0,-0.33
4.0,2.0,85,1,100,both,67,46,21,68.7,922.4,1256.2,0.73
4.0,2.0,85,1,100,long,38,29,9,76.3,1472.3,553.4,2.66
4.0,2.0,85,1,100,short,29,17,12,58.6,-549.9,1165.4,-0.47
4.0,2.0,85,2,100,both,67,46,21,68.7,922.4,1256.2,0.73
4.0,2.0,85,2,100,long,38,29,9,76.3,1472.3,553.4,2.66
4.0,2.0,85,2,100,short,29,17,12,58.6,-549.9,1165.4,-0.47
4.0,2.0,85,3,100,both,66,46,20,69.7,1130.4,1256.2,0.9
4.0,2.0,85,3,100,long,38,29,9,76.3,1472.3,553.4,2.66
4.0,2.0,85,3,100,short,28,17,11,60.7,-341.9,1046.0,-0.33
4.0,2.0,85,4,100,both,66,46,20,69.7,1130.4,1256.2,0.9
4.0,2.0,85,4,100,long,38,29,9,76.3,1472.3,553.4,2.66
4.0,2.0,85,4,100,short,28,17,11,60.7,-341.9,1046.0,-0.33
4.0,2.0,95,1,100,both,67,46,21,68.7,1097.8,1178.9,0.93
4.0,2.0,95,1,100,long,38,29,9,76.3,1660.2,495.3,3.35
4.0,2.0,95,1,100,short,29,17,12,58.6,-562.4,1169.1,-0.48
4.0,2.0,95,2,100,both,67,46,21,68.7,1097.8,1178.9,0.93
4.0,2.0,95,2,100,long,38,29,9,76.3,1660.2,495.3,3.35
4.0,2.0,95,2,100,short,29,17,12,58.6,-562.4,1169.1,-0.48
4.0,2.0,95,3,100,both,66,46,20,69.7,1305.8,1178.9,1.11
4.0,2.0,95,3,100,long,38,29,9,76.3,1660.2,495.3,3.35
4.0,2.0,95,3,100,short,28,17,11,60.7,-354.4,1049.7,-0.34
4.0,2.0,95,4,100,both,66,46,20,69.7,1305.8,1178.9,1.11
4.0,2.0,95,4,100,long,38,29,9,76.3,1660.2,495.3,3.35
4.0,2.0,95,4,100,short,28,17,11,60.7,-354.4,1049.7,-0.34
4.0,0.5,55,1,150,both,74,38,36,51.4,1446.0,399.1,3.62
4.0,0.5,55,1,150,long,41,22,19,53.7,928.7,191.9,4.84
4.0,0.5,55,1,150,short,33,16,17,48.5,517.3,337.9,1.53
4.0,0.5,55,2,150,both,74,38,36,51.4,1446.0,399.1,3.62
4.0,0.5,55,2,150,long,41,22,19,53.7,928.7,191.9,4.84
4.0,0.5,55,2,150,short,33,16,17,48.5,517.3,337.9,1.53
4.0,0.5,55,3,150,both,73,38,35,52.1,1504.0,399.1,3.77
4.0,0.5,55,3,150,long,41,22,19,53.7,928.7,191.9,4.84
4.0,0.5,55,3,150,short,32,16,16,50.0,575.3,337.9,1.7
4.0,0.5,55,4,150,both,73,38,35,52.1,1504.0,399.1,3.77
4.0,0.5,55,4,150,long,41,22,19,53.7,928.7,191.9,4.84
4.0,0.5,55,4,150,short,32,16,16,50.0,575.3,337.9,1.7
4.0,0.5,65,1,150,both,74,37,37,50.0,1333.8,391.7,3.41
4.0,0.5,65,1,150,long,41,22,19,53.7,933.2,191.9,4.86
4.0,0.5,65,1,150,short,33,15,18,45.5,400.6,330.5,1.21
4.0,0.5,65,2,150,both,74,37,37,50.0,1333.8,391.7,3.41
4.0,0.5,65,2,150,long,41,22,19,53.7,933.2,191.9,4.86
4.0,0.5,65,2,150,short,33,15,18,45.5,400.6,330.5,1.21
4.0,0.5,65,3,150,both,73,37,36,50.7,1391.8,391.7,3.55
4.0,0.5,65,3,150,long,41,22,19,53.7,933.2,191.9,4.86
4.0,0.5,65,3,150,short,32,15,17,46.9,458.6,330.5,1.39
4.0,0.5,65,4,150,both,73,37,36,50.7,1391.8,391.7,3.55
4.0,0.5,65,4,150,long,41,22,19,53.7,933.2,191.9,4.86
4.0,0.5,65,4,150,short,32,15,17,46.9,458.6,330.5,1.39
4.0,0.5,75,1,150,both,74,37,37,50.0,1794.2,371.0,4.84
4.0,0.5,75,1,150,long,41,22,19,53.7,1372.9,191.9,7.15
4.0,0.5,75,1,150,short,33,15,18,45.5,421.3,309.8,1.36
4.0,0.5,75,2,150,both,74,37,37,50.0,1794.2,371.0,4.84
4.0,0.5,75,2,150,long,41,22,19,53.7,1372.9,191.9,7.15
4.0,0.5,75,2,150,short,33,15,18,45.5,421.3,309.8,1.36
4.0,0.5,75,3,150,both,73,37,36,50.7,1852.2,371.0,4.99
4.0,0.5,75,3,150,long,41,22,19,53.7,1372.9,191.9,7.15
4.0,0.5,75,3,150,short,32,15,17,46.9,479.3,309.8,1.55
4.0,0.5,75,4,150,both,73,37,36,50.7,1852.2,371.0,4.99
4.0,0.5,75,4,150,long,41,22,19,53.7,1372.9,191.9,7.15
4.0,0.5,75,4,150,short,32,15,17,46.9,479.3,309.8,1.55
4.0,0.5,85,1,150,both,74,37,37,50.0,1845.2,371.0,4.97
4.0,0.5,85,1,150,long,41,22,19,53.7,1423.9,180.2,7.9
4.0,0.5,85,1,150,short,33,15,18,45.5,421.3,309.8,1.36
4.0,0.5,85,2,150,both,74,37,37,50.0,1845.2,371.0,4.97
4.0,0.5,85,2,150,long,41,22,19,53.7,1423.9,180.2,7.9
4.0,0.5,85,2,150,short,33,15,18,45.5,421.3,309.8,1.36
4.0,0.5,85,3,150,both,73,37,36,50.7,1903.2,371.0,5.13
4.0,0.5,85,3,150,long,41,22,19,53.7,1423.9,180.2,7.9
4.0,0.5,85,3,150,short,32,15,17,46.9,479.3,309.8,1.55
4.0,0.5,85,4,150,both,73,37,36,50.7,1903.2,371.0,5.13
4.0,0.5,85,4,150,long,41,22,19,53.7,1423.9,180.2,7.9
4.0,0.5,85,4,150,short,32,15,17,46.9,479.3,309.8,1.55
4.0,0.5,95,1,150,both,74,35,39,47.3,1831.2,374.7,4.89
4.0,0.5,95,1,150,long,41,21,20,51.2,1535.6,180.2,8.52
4.0,0.5,95,1,150,short,33,14,19,42.4,295.6,397.5,0.74
4.0,0.5,95,2,150,both,74,35,39,47.3,1831.2,374.7,4.89
4.0,0.5,95,2,150,long,41,21,20,51.2,1535.6,180.2,8.52
4.0,0.5,95,2,150,short,33,14,19,42.4,295.6,397.5,0.74
4.0,0.5,95,3,150,both,73,35,38,47.9,1889.2,374.7,5.04
4.0,0.5,95,3,150,long,41,21,20,51.2,1535.6,180.2,8.52
4.0,0.5,95,3,150,short,32,14,18,43.8,353.6,397.5,0.89
4.0,0.5,95,4,150,both,73,35,38,47.9,1889.2,374.7,5.04
4.0,0.5,95,4,150,long,41,21,20,51.2,1535.6,180.2,8.52
4.0,0.5,95,4,150,short,32,14,18,43.8,353.6,397.5,0.89
4.0,0.75,55,1,150,both,74,43,31,58.1,1464.0,674.1,2.17
4.0,0.75,55,1,150,long,41,25,16,61.0,1091.7,284.7,3.83
4.0,0.75,55,1,150,short,33,18,15,54.5,372.3,487.9,0.76
4.0,0.75,55,2,150,both,74,43,31,58.1,1464.0,674.1,2.17
4.0,0.75,55,2,150,long,41,25,16,61.0,1091.7,284.7,3.83
4.0,0.75,55,2,150,short,33,18,15,54.5,372.3,487.9,0.76
4.0,0.75,55,3,150,both,73,43,30,58.9,1547.0,674.1,2.29
4.0,0.75,55,3,150,long,41,25,16,61.0,1091.7,284.7,3.83
4.0,0.75,55,3,150,short,32,18,14,56.2,455.3,487.9,0.93
4.0,0.75,55,4,150,both,73,43,30,58.9,1547.0,674.1,2.29
4.0,0.75,55,4,150,long,41,25,16,61.0,1091.7,284.7,3.83
4.0,0.75,55,4,150,short,32,18,14,56.2,455.3,487.9,0.93
4.0,0.75,65,1,150,both,74,42,32,56.8,1326.8,666.7,1.99
4.0,0.75,65,1,150,long,41,25,16,61.0,1096.2,284.7,3.85
4.0,0.75,65,1,150,short,33,17,16,51.5,230.6,517.9,0.45
4.0,0.75,65,2,150,both,74,42,32,56.8,1326.8,666.7,1.99
4.0,0.75,65,2,150,long,41,25,16,61.0,1096.2,284.7,3.85
4.0,0.75,65,2,150,short,33,17,16,51.5,230.6,517.9,0.45
4.0,0.75,65,3,150,both,73,42,31,57.5,1409.8,666.7,2.11
4.0,0.75,65,3,150,long,41,25,16,61.0,1096.2,284.7,3.85
4.0,0.75,65,3,150,short,32,17,15,53.1,313.6,480.5,0.65
4.0,0.75,65,4,150,both,73,42,31,57.5,1409.8,666.7,2.11
4.0,0.75,65,4,150,long,41,25,16,61.0,1096.2,284.7,3.85
4.0,0.75,65,4,150,short,32,17,15,53.1,313.6,480.5,0.65
4.0,0.75,75,1,150,both,74,42,32,56.8,1787.2,646.0,2.77
4.0,0.75,75,1,150,long,41,25,16,61.0,1535.9,284.7,5.39
4.0,0.75,75,1,150,short,33,17,16,51.5,251.3,497.2,0.51
4.0,0.75,75,2,150,both,74,42,32,56.8,1787.2,646.0,2.77
4.0,0.75,75,2,150,long,41,25,16,61.0,1535.9,284.7,5.39
4.0,0.75,75,2,150,short,33,17,16,51.5,251.3,497.2,0.51
4.0,0.75,75,3,150,both,73,42,31,57.5,1870.2,646.0,2.9
4.0,0.75,75,3,150,long,41,25,16,61.0,1535.9,284.7,5.39
4.0,0.75,75,3,150,short,32,17,15,53.1,334.3,459.8,0.73
4.0,0.75,75,4,150,both,73,42,31,57.5,1870.2,646.0,2.9
4.0,0.75,75,4,150,long,41,25,16,61.0,1535.9,284.7,5.39
4.0,0.75,75,4,150,short,32,17,15,53.1,334.3,459.8,0.73
4.0,0.75,85,1,150,both,74,42,32,56.8,1838.2,646.0,2.85
4.0,0.75,85,1,150,long,41,25,16,61.0,1586.9,273.0,5.81
4.0,0.75,85,1,150,short,33,17,16,51.5,251.3,497.2,0.51
4.0,0.75,85,2,150,both,74,42,32,56.8,1838.2,646.0,2.85
4.0,0.75,85,2,150,long,41,25,16,61.0,1586.9,273.0,5.81
4.0,0.75,85,2,150,short,33,17,16,51.5,251.3,497.2,0.51
4.0,0.75,85,3,150,both,73,42,31,57.5,1921.2,646.0,2.97
4.0,0.75,85,3,150,long,41,25,16,61.0,1586.9,273.0,5.81
4.0,0.75,85,3,150,short,32,17,15,53.1,334.3,459.8,0.73
4.0,0.75,85,4,150,both,73,42,31,57.5,1921.2,646.0,2.97
4.0,0.75,85,4,150,long,41,25,16,61.0,1586.9,273.0,5.81
4.0,0.75,85,4,150,short,32,17,15,53.1,334.3,459.8,0.73
4.0,0.75,95,1,150,both,74,40,34,54.1,1788.6,649.7,2.75
4.0,0.75,95,1,150,long,41,24,17,58.5,1688.0,209.1,8.07
4.0,0.75,95,1,150,short,33,16,17,48.5,100.6,583.9,0.17
4.0,0.75,95,2,150,both,74,40,34,54.1,1788.6,649.7,2.75
4.0,0.75,95,2,150,long,41,24,17,58.5,1688.0,209.1,8.07
4.0,0.75,95,2,150,short,33,16,17,48.5,100.6,583.9,0.17
4.0,0.75,95,3,150,both,73,40,33,54.8,1871.6,649.7,2.88
4.0,0.75,95,3,150,long,41,24,17,58.5,1688.0,209.1,8.07
4.0,0.75,95,3,150,short,32,16,16,50.0,183.6,546.5,0.34
4.0,0.75,95,4,150,both,73,40,33,54.8,1871.6,649.7,2.88
4.0,0.75,95,4,150,long,41,24,17,58.5,1688.0,209.1,8.07
4.0,0.75,95,4,150,short,32,16,16,50.0,183.6,546.5,0.34
4.0,1.0,55,1,150,both,74,44,30,59.5,921.6,841.9,1.09
4.0,1.0,55,1,150,long,41,26,15,63.4,827.1,432.3,1.91
4.0,1.0,55,1,150,short,33,18,15,54.5,94.5,657.3,0.14
4.0,1.0,55,2,150,both,74,44,30,59.5,921.6,841.9,1.09
4.0,1.0,55,2,150,long,41,26,15,63.4,827.1,432.3,1.91
4.0,1.0,55,2,150,short,33,18,15,54.5,94.5,657.3,0.14
4.0,1.0,55,3,150,both,73,44,29,60.3,1029.6,841.9,1.22
4.0,1.0,55,3,150,long,41,26,15,63.4,827.1,432.3,1.91
4.0,1.0,55,3,150,short,32,18,14,56.2,202.5,637.9,0.32
4.0,1.0,55,4,150,both,73,44,29,60.3,1029.6,841.9,1.22
4.0,1.0,55,4,150,long,41,26,15,63.4,827.1,432.3,1.91
4.0,1.0,55,4,150,short,32,18,14,56.2,202.5,637.9,0.32
4.0,1.0,65,1,150,both,74,43,31,58.1,759.4,834.5,0.91
4.0,1.0,65,1,150,long,41,26,15,63.4,831.6,432.3,1.92
4.0,1.0,65,1,150,short,33,17,16,51.5,-72.2,720.7,-0.1
4.0,1.0,65,2,150,both,74,43,31,58.1,759.4,834.5,0.91
4.0,1.0,65,2,150,long,41,26,15,63.4,831.6,432.3,1.92
4.0,1.0,65,2,150,short,33,17,16,51.5,-72.2,720.7,-0.1
4.0,1.0,65,3,150,both,73,43,30,58.9,867.4,834.5,1.04
4.0,1.0,65,3,150,long,41,26,15,63.4,831.6,432.3,1.92
4.0,1.0,65,3,150,short,32,17,15,53.1,35.8,630.5,0.06
4.0,1.0,65,4,150,both,73,43,30,58.9,867.4,834.5,1.04
4.0,1.0,65,4,150,long,41,26,15,63.4,831.6,432.3,1.92
4.0,1.0,65,4,150,short,32,17,15,53.1,35.8,630.5,0.06
4.0,1.0,75,1,150,both,74,43,31,58.1,1219.8,813.8,1.5
4.0,1.0,75,1,150,long,41,26,15,63.4,1271.3,432.3,2.94
4.0,1.0,75,1,150,short,33,17,16,51.5,-51.5,700.0,-0.07
4.0,1.0,75,2,150,both,74,43,31,58.1,1219.8,813.8,1.5
4.0,1.0,75,2,150,long,41,26,15,63.4,1271.3,432.3,2.94
4.0,1.0,75,2,150,short,33,17,16,51.5,-51.5,700.0,-0.07
4.0,1.0,75,3,150,both,73,43,30,58.9,1327.8,813.8,1.63
4.0,1.0,75,3,150,long,41,26,15,63.4,1271.3,432.3,2.94
4.0,1.0,75,3,150,short,32,17,15,53.1,56.5,609.8,0.09
4.0,1.0,75,4,150,both,73,43,30,58.9,1327.8,813.8,1.63
4.0,1.0,75,4,150,long,41,26,15,63.4,1271.3,432.3,2.94
4.0,1.0,75,4,150,short,32,17,15,53.1,56.5,609.8,0.09
4.0,1.0,85,1,150,both,74,43,31,58.1,1270.8,813.8,1.56
4.0,1.0,85,1,150,long,41,26,15,63.4,1322.3,412.6,3.2
4.0,1.0,85,1,150,short,33,17,16,51.5,-51.5,700.0,-0.07
4.0,1.0,85,2,150,both,74,43,31,58.1,1270.8,813.8,1.56
4.0,1.0,85,2,150,long,41,26,15,63.4,1322.3,412.6,3.2
4.0,1.0,85,2,150,short,33,17,16,51.5,-51.5,700.0,-0.07
4.0,1.0,85,3,150,both,73,43,30,58.9,1378.8,813.8,1.69
4.0,1.0,85,3,150,long,41,26,15,63.4,1322.3,412.6,3.2
4.0,1.0,85,3,150,short,32,17,15,53.1,56.5,609.8,0.09
4.0,1.0,85,4,150,both,73,43,30,58.9,1378.8,813.8,1.69
4.0,1.0,85,4,150,long,41,26,15,63.4,1322.3,412.6,3.2
4.0,1.0,85,4,150,short,32,17,15,53.1,56.5,609.8,0.09
4.0,1.0,95,1,150,both,74,42,32,56.8,1283.0,789.3,1.63
4.0,1.0,95,1,150,long,41,26,15,63.4,1510.2,328.6,4.6
4.0,1.0,95,1,150,short,33,16,17,48.5,-227.2,811.7,-0.28
4.0,1.0,95,2,150,both,74,42,32,56.8,1283.0,789.3,1.63
4.0,1.0,95,2,150,long,41,26,15,63.4,1510.2,328.6,4.6
4.0,1.0,95,2,150,short,33,16,17,48.5,-227.2,811.7,-0.28
4.0,1.0,95,3,150,both,73,42,31,57.5,1391.0,789.3,1.76
4.0,1.0,95,3,150,long,41,26,15,63.4,1510.2,328.6,4.6
4.0,1.0,95,3,150,short,32,16,16,50.0,-119.2,721.5,-0.17
4.0,1.0,95,4,150,both,73,42,31,57.5,1391.0,789.3,1.76
4.0,1.0,95,4,150,long,41,26,15,63.4,1510.2,328.6,4.6
4.0,1.0,95,4,150,short,32,16,16,50.0,-119.2,721.5,-0.17
4.0,1.25,55,1,150,both,74,48,26,64.9,959.9,937.8,1.02
4.0,1.25,55,1,150,long,41,30,11,73.2,1215.4,420.8,2.89
4.0,1.25,55,1,150,short,33,18,15,54.5,-255.5,832.3,-0.31
4.0,1.25,55,2,150,both,74,48,26,64.9,959.9,937.8,1.02
4.0,1.25,55,2,150,long,41,30,11,73.2,1215.4,420.8,2.89
4.0,1.25,55,2,150,short,33,18,15,54.5,-255.5,832.3,-0.31
4.0,1.25,55,3,150,both,73,48,25,65.8,1092.9,937.8,1.17
4.0,1.25,55,3,150,long,41,30,11,73.2,1215.4,420.8,2.89
4.0,1.25,55,3,150,short,32,18,14,56.2,-122.5,787.9,-0.16
4.0,1.25,55,4,150,both,73,48,25,65.8,1092.9,937.8,1.17
4.0,1.25,55,4,150,long,41,30,11,73.2,1215.4,420.8,2.89
4.0,1.25,55,4,150,short,32,18,14,56.2,-122.5,787.9,-0.16
4.0,1.25,65,1,150,both,74,47,27,63.5,772.7,930.4,0.83
4.0,1.25,65,1,150,long,41,30,11,73.2,1219.9,420.8,2.9
4.0,1.25,65,1,150,short,33,17,16,51.5,-447.2,995.7,-0.45
4.0,1.25,65,2,150,both,74,47,27,63.5,772.7,930.4,0.83
4.0,1.25,65,2,150,long,41,30,11,73.2,1219.9,420.8,2.9
4.0,1.25,65,2,150,short,33,17,16,51.5,-447.2,995.7,-0.45
4.0,1.25,65,3,150,both,73,47,26,64.4,905.7,930.4,0.97
4.0,1.25,65,3,150,long,41,30,11,73.2,1219.9,420.8,2.9
4.0,1.25,65,3,150,short,32,17,15,53.1,-314.2,862.7,-0.36
4.0,1.25,65,4,150,both,73,47,26,64.4,905.7,930.4,0.97
4.0,1.25,65,4,150,long,41,30,11,73.2,1219.9,420.8,2.9
4.0,1.25,65,4,150,short,32,17,15,53.1,-314.2,862.7,-0.36
4.0,1.25,75,1,150,both,74,47,27,63.5,1233.1,909.7,1.36
4.0,1.25,75,1,150,long,41,30,11,73.2,1659.6,420.8,3.94
4.0,1.25,75,1,150,short,33,17,16,51.5,-426.5,975.0,-0.44
4.0,1.25,75,2,150,both,74,47,27,63.5,1233.1,909.7,1.36
4.0,1.25,75,2,150,long,41,30,11,73.2,1659.6,420.8,3.94
4.0,1.25,75,2,150,short,33,17,16,51.5,-426.5,975.0,-0.44
4.0,1.25,75,3,150,both,73,47,26,64.4,1366.1,909.7,1.5
4.0,1.25,75,3,150,long,41,30,11,73.2,1659.6,420.8,3.94
4.0,1.25,75,3,150,short,32,17,15,53.1,-293.5,842.0,-0.35
4.0,1.25,75,4,150,both,73,47,26,64.4,1366.1,909.7,1.5
4.0,1.25,75,4,150,long,41,30,11,73.2,1659.6,420.8,3.94
4.0,1.25,75,4,150,short,32,17,15,53.1,-293.5,842.0,-0.35
4.0,1.25,85,1,150,both,74,47,27,63.5,1284.1,902.6,1.42
4.0,1.25,85,1,150,long,41,30,11,73.2,1710.6,409.1,4.18
4.0,1.25,85,1,150,short,33,17,16,51.5,-426.5,975.0,-0.44
4.0,1.25,85,2,150,both,74,47,27,63.5,1284.1,902.6,1.42
4.0,1.25,85,2,150,long,41,30,11,73.2,1710.6,409.1,4.18
4.0,1.25,85,2,150,short,33,17,16,51.5,-426.5,975.0,-0.44
4.0,1.25,85,3,150,both,73,47,26,64.4,1417.1,902.6,1.57
4.0,1.25,85,3,150,long,41,30,11,73.2,1710.6,409.1,4.18
4.0,1.25,85,3,150,short,32,17,15,53.1,-293.5,842.0,-0.35
4.0,1.25,85,4,150,both,73,47,26,64.4,1417.1,902.6,1.57
4.0,1.25,85,4,150,long,41,30,11,73.2,1710.6,409.1,4.18
4.0,1.25,85,4,150,short,32,17,15,53.1,-293.5,842.0,-0.35
4.0,1.25,95,1,150,both,74,47,27,63.5,1459.5,906.3,1.61
4.0,1.25,95,1,150,long,41,30,11,73.2,1898.5,409.1,4.64
4.0,1.25,95,1,150,short,33,17,16,51.5,-439.0,978.7,-0.45
4.0,1.25,95,2,150,both,74,47,27,63.5,1459.5,906.3,1.61
4.0,1.25,95,2,150,long,41,30,11,73.2,1898.5,409.1,4.64
4.0,1.25,95,2,150,short,33,17,16,51.5,-439.0,978.7,-0.45
4.0,1.25,95,3,150,both,73,47,26,64.4,1592.5,906.3,1.76
4.0,1.25,95,3,150,long,41,30,11,73.2,1898.5,409.1,4.64
4.0,1.25,95,3,150,short,32,17,15,53.1,-306.0,845.7,-0.36
4.0,1.25,95,4,150,both,73,47,26,64.4,1592.5,906.3,1.76
4.0,1.25,95,4,150,long,41,30,11,73.2,1898.5,409.1,4.64
4.0,1.25,95,4,150,short,32,17,15,53.1,-306.0,845.7,-0.36
4.0,1.5,55,1,150,both,73,49,24,67.1,661.5,1071.8,0.62
4.0,1.5,55,1,150,long,41,31,10,75.6,1109.0,520.8,2.13
4.0,1.5,55,1,150,short,32,18,14,56.2,-447.5,1054.0,-0.42
4.0,1.5,55,2,150,both,73,49,24,67.1,661.5,1071.8,0.62
4.0,1.5,55,2,150,long,41,31,10,75.6,1109.0,520.8,2.13
4.0,1.5,55,2,150,short,32,18,14,56.2,-447.5,1054.0,-0.42
4.0,1.5,55,3,150,both,72,49,23,68.1,819.5,1071.8,0.76
4.0,1.5,55,3,150,long,41,31,10,75.6,1109.0,520.8,2.13
4.0,1.5,55,3,150,short,31,18,13,58.1,-289.5,937.9,-0.31
4.0,1.5,55,4,150,both,72,49,23,68.1,819.5,1071.8,0.76
4.0,1.5,55,4,150,long,41,31,10,75.6,1109.0,520.8,2.13
4.0,1.5,55,4,150,short,31,18,13,58.1,-289.5,937.9,-0.31
4.0,1.5,65,1,150,both,73,48,25,65.8,449.3,1064.4,0.42
4.0,1.5,65,1,150,long,41,31,10,75.6,1113.5,520.8,2.14
4.0,1.5,65,1,150,short,32,17,15,53.1,-664.2,1270.7,-0.52
4.0,1.5,65,2,150,both,73,48,25,65.8,449.3,1064.4,0.42
4.0,1.5,65,2,150,long,41,31,10,75.6,1113.5,520.8,2.14
4.0,1.5,65,2,150,short,32,17,15,53.1,-664.2,1270.7,-0.52
4.0,1.5,65,3,150,both,72,48,24,66.7,607.3,1064.4,0.57
4.0,1.5,65,3,150,long,41,31,10,75.6,1113.5,520.8,2.14
4.0,1.5,65,3,150,short,31,17,14,54.8,-506.2,1112.7,-0.45
4.0,1.5,65,4,150,both,72,48,24,66.7,607.3,1064.4,0.57
4.0,1.5,65,4,150,long,41,31,10,75.6,1113.5,520.8,2.14
4.0,1.5,65,4,150,short,31,17,14,54.8,-506.2,1112.7,-0.45
4.0,1.5,75,1,150,both,73,48,25,65.8,909.7,1043.7,0.87
4.0,1.5,75,1,150,long,41,31,10,75.6,1553.2,520.8,2.98
4.0,1.5,75,1,150,short,32,17,15,53.1,-643.5,1250.0,-0.51
4.0,1.5,75,2,150,both,73,48,25,65.8,909.7,1043.7,0.87
4.0,1.5,75,2,150,long,41,31,10,75.6,1553.2,520.8,2.98
4.0,1.5,75,2,150,short,32,17,15,53.1,-643.5,1250.0,-0.51
4.0,1.5,75,3,150,both,72,48,24,66.7,1067.7,1043.7,1.02
4.0,1.5,75,3,150,long,41,31,10,75.6,1553.2,520.8,2.98
4.0,1.5,75,3,150,short,31,17,14,54.8,-485.5,1092.0,-0.44
4.0,1.5,75,4,150,both,72,48,24,66.7,1067.7,1043.7,1.02
4.0,1.5,75,4,150,long,41,31,10,75.6,1553.2,520.8,2.98
4.0,1.5,75,4,150,short,31,17,14,54.8,-485.5,1092.0,-0.44
4.0,1.5,85,1,150,both,73,48,25,65.8,960.7,1032.0,0.93
4.0,1.5,85,1,150,long,41,31,10,75.6,1604.2,509.1,3.15
4.0,1.5,85,1,150,short,32,17,15,53.1,-643.5,1250.0,-0.51
4.0,1.5,85,2,150,both,73,48,25,65.8,960.7,1032.0,0.93
4.0,1.5,85,2,150,long,41,31,10,75.6,1604.2,509.1,3.15
4.0,1.5,85,2,150,short,32,17,15,53.1,-643.5,1250.0,-0.51
4.0,1.5,85,3,150,both,72,48,24,66.7,1118.7,1032.0,1.08
4.0,1.5,85,3,150,long,41,31,10,75.6,1604.2,509.1,3.15
4.0,1.5,85,3,150,short,31,17,14,54.8,-485.5,1092.0,-0.44
4.0,1.5,85,4,150,both,72,48,24,66.7,1118.7,1032.0,1.08
4.0,1.5,85,4,150,long,41,31,10,75.6,1604.2,509.1,3.15
4.0,1.5,85,4,150,short,31,17,14,54.8,-485.5,1092.0,-0.44
4.0,1.5,95,1,150,both,73,48,25,65.8,1136.1,973.3,1.17
4.0,1.5,95,1,150,long,41,31,10,75.6,1792.1,509.1,3.52
4.0,1.5,95,1,150,short,32,17,15,53.1,-656.0,1253.7,-0.52
4.0,1.5,95,2,150,both,73,48,25,65.8,1136.1,973.3,1.17
4.0,1.5,95,2,150,long,41,31,10,75.6,1792.1,509.1,3.52
4.0,1.5,95,2,150,short,32,17,15,53.1,-656.0,1253.7,-0.52
4.0,1.5,95,3,150,both,72,48,24,66.7,1294.1,973.3,1.33
4.0,1.5,95,3,150,long,41,31,10,75.6,1792.1,509.1,3.52
4.0,1.5,95,3,150,short,31,17,14,54.8,-498.0,1095.7,-0.45
4.0,1.5,95,4,150,both,72,48,24,66.7,1294.1,973.3,1.33
4.0,1.5,95,4,150,long,41,31,10,75.6,1792.1,509.1,3.52
4.0,1.5,95,4,150,short,31,17,14,54.8,-498.0,1095.7,-0.45
4.0,2.0,55,1,150,both,73,51,22,69.9,917.4,1122.0,0.82
4.0,2.0,55,1,150,long,41,32,9,78.0,1339.8,512.8,2.61
4.0,2.0,55,1,150,short,32,19,13,59.4,-422.4,1390.2,-0.3
4.0,2.0,55,2,150,both,73,51,22,69.9,917.4,1122.0,0.82
4.0,2.0,55,2,150,long,41,32,9,78.0,1339.8,512.8,2.61
4.0,2.0,55,2,150,short,32,19,13,59.4,-422.4,1390.2,-0.3
4.0,2.0,55,3,150,both,72,51,21,70.8,1125.4,1113.2,1.01
4.0,2.0,55,3,150,long,41,32,9,78.0,1339.8,512.8,2.61
4.0,2.0,55,3,150,short,31,19,12,61.3,-214.4,1182.2,-0.18
4.0,2.0,55,4,150,both,72,51,21,70.8,1125.4,1113.2,1.01
4.0,2.0,55,4,150,long,41,32,9,78.0,1339.8,512.8,2.61
4.0,2.0,55,4,150,short,31,19,12,61.3,-214.4,1182.2,-0.18
4.0,2.0,65,1,150,both,73,51,22,69.9,935.8,1114.6,0.84
4.0,2.0,65,1,150,long,41,32,9,78.0,1344.3,512.8,2.62
4.0,2.0,65,1,150,short,32,19,13,59.4,-408.5,1376.3,-0.3
4.0,2.0,65,2,150,both,73,51,22,69.9,935.8,1114.6,0.84
4.0,2.0,65,2,150,long,41,32,9,78.0,1344.3,512.8,2.62
4.0,2.0,65,2,150,short,32,19,13,59.4,-408.5,1376.3,-0.3
4.0,2.0,65,3,150,both,72,51,21,70.8,1143.8,1105.8,1.03
4.0,2.0,65,3,150,long,41,32,9,78.0,1344.3,512.8,2.62
4.0,2.0,65,3,150,short,31,19,12,61.3,-200.5,1168.3,-0.17
4.0,2.0,65,4,150,both,72,51,21,70.8,1143.8,1105.8,1.03
4.0,2.0,65,4,150,long,41,32,9,78.0,1344.3,512.8,2.62
4.0,2.0,65,4,150,short,31,19,12,61.3,-200.5,1168.3,-0.17
4.0,2.0,75,1,150,both,73,51,22,69.9,1396.2,1093.9,1.28
4.0,2.0,75,1,150,long,41,32,9,78.0,1784.0,512.8,3.48
4.0,2.0,75,1,150,short,32,19,13,59.4,-387.8,1355.6,-0.29
4.0,2.0,75,2,150,both,73,51,22,69.9,1396.2,1093.9,1.28
4.0,2.0,75,2,150,long,41,32,9,78.0,1784.0,512.8,3.48
4.0,2.0,75,2,150,short,32,19,13,59.4,-387.8,1355.6,-0.29
4.0,2.0,75,3,150,both,72,51,21,70.8,1604.2,1085.1,1.48
4.0,2.0,75,3,150,long,41,32,9,78.0,1784.0,512.8,3.48
4.0,2.0,75,3,150,short,31,19,12,61.3,-179.8,1147.6,-0.16
4.0,2.0,75,4,150,both,72,51,21,70.8,1604.2,1085.1,1.48
4.0,2.0,75,4,150,long,41,32,9,78.0,1784.0,512.8,3.48
4.0,2.0,75,4,150,short,31,19,12,61.3,-179.8,1147.6,-0.16
4.0,2.0,85,1,150,both,73,51,22,69.9,1447.2,1085.1,1.33
4.0,2.0,85,1,150,long,41,32,9,78.0,1835.0,501.1,3.66
4.0,2.0,85,1,150,short,32,19,13,59.4,-387.8,1355.6,-0.29
4.0,2.0,85,2,150,both,73,51,22,69.9,1447.2,1085.1,1.33
4.0,2.0,85,2,150,long,41,32,9,78.0,1835.0,501.1,3.66
4.0,2.0,85,2,150,short,32,19,13,59.4,-387.8,1355.6,-0.29
4.0,2.0,85,3,150,both,72,51,21,70.8,1655.2,1085.1,1.53
4.0,2.0,85,3,150,long,41,32,9,78.0,1835.0,501.1,3.66
4.0,2.0,85,3,150,short,31,19,12,61.3,-179.8,1147.6,-0.16
4.0,2.0,85,4,150,both,72,51,21,70.8,1655.2,1085.1,1.53
4.0,2.0,85,4,150,long,41,32,9,78.0,1835.0,501.1,3.66
4.0,2.0,85,4,150,short,31,19,12,61.3,-179.8,1147.6,-0.16
4.0,2.0,95,1,150,both,73,51,22,69.9,1622.6,1045.2,1.55
4.0,2.0,95,1,150,long,41,32,9,78.0,2022.9,501.1,4.04
4.0,2.0,95,1,150,short,32,19,13,59.4,-400.3,1359.3,-0.29
4.0,2.0,95,2,150,both,73,51,22,69.9,1622.6,1045.2,1.55
4.0,2.0,95,2,150,long,41,32,9,78.0,2022.9,501.1,4.04
4.0,2.0,95,2,150,short,32,19,13,59.4,-400.3,1359.3,-0.29
4.0,2.0,95,3,150,both,72,51,21,70.8,1830.6,1045.2,1.75
4.0,2.0,95,3,150,long,41,32,9,78.0,2022.9,501.1,4.04
4.0,2.0,95,3,150,short,31,19,12,61.3,-192.3,1151.3,-0.17
4.0,2.0,95,4,150,both,72,51,21,70.8,1830.6,1045.2,1.75
4.0,2.0,95,4,150,long,41,32,9,78.0,2022.9,501.1,4.04
4.0,2.0,95,4,150,short,31,19,12,61.3,-192.3,1151.3,-0.17
4.0,0.5,55,1,200,both,79,40,39,50.6,1326.4,408.5,3.25
4.0,0.5,55,1,200,long,44,23,21,52.3,832.3,191.9,4.34
4.0,0.5,55,1,200,short,35,17,18,48.6,494.1,323.1,1.53
4.0,0.5,55,2,200,both,79,40,39,50.6,1326.4,408.5,3.25
4.0,0.5,55,2,200,long,44,23,21,52.3,832.3,191.9,4.34
4.0,0.5,55,2,200,short,35,17,18,48.6,494.1,323.1,1.53
4.0,0.5,55,3,200,both,78,40,38,51.3,1384.4,408.5,3.39
4.0,0.5,55,3,200,long,44,23,21,52.3,832.3,191.9,4.34
4.0,0.5,55,3,200,short,34,17,17,50.0,552.1,323.1,1.71
4.0,0.5,55,4,200,both,78,40,38,51.3,1384.4,408.5,3.39
4.0,0.5,55,4,200,long,44,23,21,52.3,832.3,191.9,4.34
4.0,0.5,55,4,200,short,34,17,17,50.0,552.1,323.1,1.71
4.0,0.5,65,1,200,both,79,39,40,49.4,1220.8,401.1,3.04
4.0,0.5,65,1,200,long,44,23,21,52.3,843.4,191.9,4.39
4.0,0.5,65,1,200,short,35,16,19,45.7,377.4,315.7,1.2
4.0,0.5,65,2,200,both,79,39,40,49.4,1220.8,401.1,3.04
4.0,0.5,65,2,200,long,44,23,21,52.3,843.4,191.9,4.39
4.0,0.5,65,2,200,short,35,16,19,45.7,377.4,315.7,1.2
4.0,0.5,65,3,200,both,78,39,39,50.0,1278.8,401.1,3.19
4.0,0.5,65,3,200,long,44,23,21,52.3,843.4,191.9,4.39
4.0,0.5,65,3,200,short,34,16,18,47.1,435.4,315.7,1.38
4.0,0.5,65,4,200,both,78,39,39,50.0,1278.8,401.1,3.19
4.0,0.5,65,4,200,long,44,23,21,52.3,843.4,191.9,4.39
4.0,0.5,65,4,200,short,34,16,18,47.1,435.4,315.7,1.38
4.0,0.5,75,1,200,both,79,39,40,49.4,1681.2,380.4,4.42
4.0,0.5,75,1,200,long,44,23,21,52.3,1283.1,191.9,6.69
4.0,0.5,75,1,200,short,35,16,19,45.7,398.1,295.0,1.35
4.0,0.5,75,2,200,both,79,39,40,49.4,1681.2,380.4,4.42
4.0,0.5,75,2,200,long,44,23,21,52.3,1283.1,191.9,6.69
4.0,0.5,75,2,200,short,35,16,19,45.7,398.1,295.0,1.35
4.0,0.5,75,3,200,both,78,39,39,50.0,1739.2,380.4,4.57
4.0,0.5,75,3,200,long,44,23,21,52.3,1283.1,191.9,6.69
4.0,0.5,75,3,200,short,34,16,18,47.1,456.1,295.0,1.55
4.0,0.5,75,4,200,both,78,39,39,50.0,1739.2,380.4,4.57
4.0,0.5,75,4,200,long,44,23,21,52.3,1283.1,191.9,6.69
4.0,0.5,75,4,200,short,34,16,18,47.1,456.1,295.0,1.55
4.0,0.5,85,1,200,both,79,39,40,49.4,1732.2,380.4,4.55
4.0,0.5,85,1,200,long,44,23,21,52.3,1334.1,180.2,7.4
4.0,0.5,85,1,200,short,35,16,19,45.7,398.1,295.0,1.35
4.0,0.5,85,2,200,both,79,39,40,49.4,1732.2,380.4,4.55
4.0,0.5,85,2,200,long,44,23,21,52.3,1334.1,180.2,7.4
4.0,0.5,85,2,200,short,35,16,19,45.7,398.1,295.0,1.35
4.0,0.5,85,3,200,both,78,39,39,50.0,1790.2,380.4,4.71
4.0,0.5,85,3,200,long,44,23,21,52.3,1334.1,180.2,7.4
4.0,0.5,85,3,200,short,34,16,18,47.1,456.1,295.0,1.55
4.0,0.5,85,4,200,both,78,39,39,50.0,1790.2,380.4,4.71
4.0,0.5,85,4,200,long,44,23,21,52.3,1334.1,180.2,7.4
4.0,0.5,85,4,200,short,34,16,18,47.1,456.1,295.0,1.55
4.0,0.5,95,1,200,both,78,35,43,44.9,1605.9,374.7,4.29
4.0,0.5,95,1,200,long,44,21,23,47.7,1368.3,180.2,7.59
4.0,0.5,95,1,200,short,34,14,20,41.2,237.6,455.5,0.52
4.0,0.5,95,2,200,both,78,35,43,44.9,1605.9,374.7,4.29
4.0,0.5,95,2,200,long,44,21,23,47.7,1368.3,180.2,7.59
4.0,0.5,95,2,200,short,34,14,20,41.2,237.6,455.5,0.52
4.0,0.5,95,3,200,both,77,35,42,45.5,1663.9,374.7,4.44
4.0,0.5,95,3,200,long,44,21,23,47.7,1368.3,180.2,7.59
4.0,0.5,95,3,200,short,33,14,19,42.4,295.6,455.5,0.65
4.0,0.5,95,4,200,both,77,35,42,45.5,1663.9,374.7,4.44
4.0,0.5,95,4,200,long,44,21,23,47.7,1368.3,180.2,7.59
4.0,0.5,95,4,200,short,33,14,19,42.4,295.6,455.5,0.65
4.0,0.75,55,1,200,both,79,46,33,58.2,1435.8,639.3,2.25
4.0,0.75,55,1,200,long,44,26,18,59.1,945.3,284.7,3.32
4.0,0.75,55,1,200,short,35,20,15,57.1,490.5,453.1,1.08
4.0,0.75,55,2,200,both,79,46,33,58.2,1435.8,639.3,2.25
4.0,0.75,55,2,200,long,44,26,18,59.1,945.3,284.7,3.32
4.0,0.75,55,2,200,short,35,20,15,57.1,490.5,453.1,1.08
4.0,0.75,55,3,200,both,78,46,32,59.0,1518.8,639.3,2.38
4.0,0.75,55,3,200,long,44,26,18,59.1,945.3,284.7,3.32
4.0,0.75,55,3,200,short,34,20,14,58.8,573.5,453.1,1.27
4.0,0.75,55,4,200,both,78,46,32,59.0,1518.8,639.3,2.38
4.0,0.75,55,4,200,long,44,26,18,59.1,945.3,284.7,3.32
4.0,0.75,55,4,200,short,34,20,14,58.8,573.5,453.1,1.27
4.0,0.75,65,1,200,both,79,45,34,57.0,1305.2,631.9,2.07
4.0,0.75,65,1,200,long,44,26,18,59.1,956.4,284.7,3.36
4.0,0.75,65,1,200,short,35,19,16,54.3,348.8,483.1,0.72
4.0,0.75,65,2,200,both,79,45,34,57.0,1305.2,631.9,2.07
4.0,0.75,65,2,200,long,44,26,18,59.1,956.4,284.7,3.36
4.0,0.75,65,2,200,short,35,19,16,54.3,348.8,483.1,0.72
4.0,0.75,65,3,200,both,78,45,33,57.7,1388.2,631.9,2.2
4.0,0.75,65,3,200,long,44,26,18,59.1,956.4,284.7,3.36
4.0,0.75,65,3,200,short,34,19,15,55.9,431.8,445.7,0.97
4.0,0.75,65,4,200,both,78,45,33,57.7,1388.2,631.9,2.2
4.0,0.75,65,4,200,long,44,26,18,59.1,956.4,284.7,3.36
4.0,0.75,65,4,200,short,34,19,15,55.9,431.8,445.7,0.97
4.0,0.75,75,1,200,both,79,45,34,57.0,1765.6,611.2,2.89
4.0,0.75,75,1,200,long,44,26,18,59.1,1396.1,284.7,4.9
4.0,0.75,75,1,200,short,35,19,16,54.3,369.5,462.4,0.8
4.0,0.75,75,2,200,both,79,45,34,57.0,1765.6,611.2,2.89
4.0,0.75,75,2,200,long,44,26,18,59.1,1396.1,284.7,4.9
4.0,0.75,75,2,200,short,35,19,16,54.3,369.5,462.4,0.8
4.0,0.75,75,3,200,both,78,45,33,57.7,1848.6,611.2,3.02
4.0,0.75,75,3,200,long,44,26,18,59.1,1396.1,284.7,4.9
4.0,0.75,75,3,200,short,34,19,15,55.9,452.5,425.0,1.06
4.0,0.75,75,4,200,both,78,45,33,57.7,1848.6,611.2,3.02
4.0,0.75,75,4,200,long,44,26,18,59.1,1396.1,284.7,4.9
4.0,0.75,75,4,200,short,34,19,15,55.9,452.5,425.0,1.06
4.0,0.75,85,1,200,both,79,45,34,57.0,1816.6,611.2,2.97
4.0,0.75,85,1,200,long,44,26,18,59.1,1447.1,273.0,5.3
4.0,0.75,85,1,200,short,35,19,16,54.3,369.5,462.4,0.8
4.0,0.75,85,2,200,both,79,45,34,57.0,1816.6,611.2,2.97
4.0,0.75,85,2,200,long,44,26,18,59.1,1447.1,273.0,5.3
4.0,0.75,85,2,200,short,35,19,16,54.3,369.5,462.4,0.8
4.0,0.75,85,3,200,both,78,45,33,57.7,1899.6,611.2,3.11
4.0,0.75,85,3,200,long,44,26,18,59.1,1447.1,273.0,5.3
4.0,0.75,85,3,200,short,34,19,15,55.9,452.5,425.0,1.06
4.0,0.75,85,4,200,both,78,45,33,57.7,1899.6,611.2,3.11
4.0,0.75,85,4,200,long,44,26,18,59.1,1447.1,273.0,5.3
4.0,0.75,85,4,200,short,34,19,15,55.9,452.5,425.0,1.06
4.0,0.75,95,1,200,both,78,41,37,52.6,1957.2,649.7,3.01
4.0,0.75,95,1,200,long,44,24,20,54.5,1445.7,209.1,6.91
4.0,0.75,95,1,200,short,34,17,17,50.0,511.5,583.9,0.88
4.0,0.75,95,2,200,both,78,41,37,52.6,1957.2,649.7,3.01
4.0,0.75,95,2,200,long,44,24,20,54.5,1445.7,209.1,6.91
4.0,0.75,95,2,200,short,34,17,17,50.0,511.5,583.9,0.88
4.0,0.75,95,3,200,both,77,41,36,53.2,2040.2,649.7,3.14
4.0,0.75,95,3,200,long,44,24,20,54.5,1445.7,209.1,6.91
4.0,0.75,95,3,200,short,33,17,16,51.5,594.5,546.5,1.09
4.0,0.75,95,4,200,both,77,41,36,53.2,2040.2,649.7,3.14
4.0,0.75,95,4,200,long,44,24,20,54.5,1445.7,209.1,6.91
4.0,0.75,95,4,200,short,33,17,16,51.5,594.5,546.5,1.09
4.0,1.0,55,1,200,both,79,47,32,59.5,843.4,807.1,1.04
4.0,1.0,55,1,200,long,44,27,17,61.4,630.7,432.3,1.46
4.0,1.0,55,1,200,short,35,20,15,57.1,212.7,622.5,0.34
4.0,1.0,55,2,200,both,79,47,32,59.5,843.4,807.1,1.04
4.0,1.0,55,2,200,long,44,27,17,61.4,630.7,432.3,1.46
4.0,1.0,55,2,200,short,35,20,15,57.1,212.7,622.5,0.34
4.0,1.0,55,3,200,both,78,47,31,60.3,951.4,807.1,1.18
4.0,1.0,55,3,200,long,44,27,17,61.4,630.7,432.3,1.46
4.0,1.0,55,3,200,short,34,20,14,58.8,320.7,603.1,0.53
4.0,1.0,55,4,200,both,78,47,31,60.3,951.4,807.1,1.18
4.0,1.0,55,4,200,long,44,27,17,61.4,630.7,432.3,1.46
4.0,1.0,55,4,200,short,34,20,14,58.8,320.7,603.1,0.53
4.0,1.0,65,1,200,both,79,46,33,58.2,687.8,799.7,0.86
4.0,1.0,65,1,200,long,44,27,17,61.4,641.8,432.3,1.48
4.0,1.0,65,1,200,short,35,19,16,54.3,46.0,685.9,0.07
4.0,1.0,65,2,200,both,79,46,33,58.2,687.8,799.7,0.86
4.0,1.0,65,2,200,long,44,27,17,61.4,641.8,432.3,1.48
4.0,1.0,65,2,200,short,35,19,16,54.3,46.0,685.9,0.07
4.0,1.0,65,3,200,both,78,46,32,59.0,795.8,799.7,1.0
4.0,1.0,65,3,200,long,44,27,17,61.4,641.8,432.3,1.48
4.0,1.0,65,3,200,short,34,19,15,55.9,154.0,595.7,0.26
4.0,1.0,65,4,200,both,78,46,32,59.0,795.8,799.7,1.0
4.0,1.0,65,4,200,long,44,27,17,61.4,641.8,432.3,1.48
4.0,1.0,65,4,200,short,34,19,15,55.9,154.0,595.7,0.26
4.0,1.0,75,1,200,both,79,46,33,58.2,1148.2,779.0,1.47
4.0,1.0,75,1,200,long,44,27,17,61.4,1081.5,432.3,2.5
4.0,1.0,75,1,200,short,35,19,16,54.3,66.7,665.2,0.1
4.0,1.0,75,2,200,both,79,46,33,58.2,1148.2,779.0,1.47
4.0,1.0,75,2,200,long,44,27,17,61.4,1081.5,432.3,2.5
4.0,1.0,75,2,200,short,35,19,16,54.3,66.7,665.2,0.1
4.0,1.0,75,3,200,both,78,46,32,59.0,1256.2,779.0,1.61
4.0,1.0,75,3,200,long,44,27,17,61.4,1081.5,432.3,2.5
4.0,1.0,75,3,200,short,34,19,15,55.9,174.7,575.0,0.3
4.0,1.0,75,4,200,both,78,46,32,59.0,1256.2,779.0,1.61
4.0,1.0,75,4,200,long,44,27,17,61.4,1081.5,432.3,2.5
4.0,1.0,75,4,200,short,34,19,15,55.9,174.7,575.0,0.3
4.0,1.0,85,1,200,both,79,46,33,58.2,1199.2,779.0,1.54
4.0,1.0,85,1,200,long,44,27,17,61.4,1132.5,412.6,2.74
4.0,1.0,85,1,200,short,35,19,16,54.3,66.7,665.2,0.1
4.0,1.0,85,2,200,both,79,46,33,58.2,1199.2,779.0,1.54
4.0,1.0,85,2,200,long,44,27,17,61.4,1132.5,412.6,2.74
4.0,1.0,85,2,200,short,35,19,16,54.3,66.7,665.2,0.1
4.0,1.0,85,3,200,both,78,46,32,59.0,1307.2,779.0,1.68
4.0,1.0,85,3,200,long,44,27,17,61.4,1132.5,412.6,2.74
4.0,1.0,85,3,200,short,34,19,15,55.9,174.7,575.0,0.3
4.0,1.0,85,4,200,both,78,46,32,59.0,1307.2,779.0,1.68
4.0,1.0,85,4,200,long,44,27,17,61.4,1132.5,412.6,2.74
4.0,1.0,85,4,200,short,34,19,15,55.9,174.7,575.0,0.3
4.0,1.0,95,1,200,both,78,43,35,55.1,1376.6,789.3,1.74
4.0,1.0,95,1,200,long,44,26,18,59.1,1192.9,328.6,3.63
4.0,1.0,95,1,200,short,34,17,17,50.0,183.7,811.7,0.23
4.0,1.0,95,2,200,both,78,43,35,55.1,1376.6,789.3,1.74
4.0,1.0,95,2,200,long,44,26,18,59.1,1192.9,328.6,3.63
4.0,1.0,95,2,200,short,34,17,17,50.0,183.7,811.7,0.23
4.0,1.0,95,3,200,both,77,43,34,55.8,1484.6,789.3,1.88
4.0,1.0,95,3,200,long,44,26,18,59.1,1192.9,328.6,3.63
4.0,1.0,95,3,200,short,33,17,16,51.5,291.7,721.5,0.4
4.0,1.0,95,4,200,both,77,43,34,55.8,1484.6,789.3,1.88
4.0,1.0,95,4,200,long,44,26,18,59.1,1192.9,328.6,3.63
4.0,1.0,95,4,200,short,33,17,16,51.5,291.7,721.5,0.4
4.0,1.25,55,1,200,both,79,51,28,64.6,831.7,895.9,0.93
4.0,1.25,55,1,200,long,44,31,13,70.5,969.0,420.8,2.3
4.0,1.25,55,1,200,short,35,20,15,57.1,-137.3,797.5,-0.17
4.0,1.25,55,2,200,both,79,51,28,64.6,831.7,895.9,0.93
4.0,1.25,55,2,200,long,44,31,13,70.5,969.0,420.8,2.3
4.0,1.25,55,2,200,short,35,20,15,57.1,-137.3,797.5,-0.17
4.0,1.25,55,3,200,both,78,51,27,65.4,964.7,895.9,1.08
4.0,1.25,55,3,200,long,44,31,13,70.5,969.0,420.8,2.3
4.0,1.25,55,3,200,short,34,20,14,58.8,-4.3,753.1,-0.01
4.0,1.25,55,4,200,both,78,51,27,65.4,964.7,895.9,1.08
4.0,1.25,55,4,200,long,44,31,13,70.5,969.0,420.8,2.3
4.0,1.25,55,4,200,short,34,20,14,58.8,-4.3,753.1,-0.01
4.0,1.25,65,1,200,both,79,50,29,63.3,651.1,888.5,0.73
4.0,1.25,65,1,200,long,44,31,13,70.5,980.1,420.8,2.33
4.0,1.25,65,1,200,short,35,19,16,54.3,-329.0,960.9,-0.34
4.0,1.25,65,2,200,both,79,50,29,63.3,651.1,888.5,0.73
4.0,1.25,65,2,200,long,44,31,13,70.5,980.1,420.8,2.33
4.0,1.25,65,2,200,short,35,19,16,54.3,-329.0,960.9,-0.34
4.0,1.25,65,3,200,both,78,50,28,64.1,784.1,888.5,0.88
4.0,1.25,65,3,200,long,44,31,13,70.5,980.1,420.8,2.33
4.0,1.25,65,3,200,short,34,19,15,55.9,-196.0,827.9,-0.24
4.0,1.25,65,4,200,both,78,50,28,64.1,784.1,888.5,0.88
4.0,1.25,65,4,200,long,44,31,13,70.5,980.1,420.8,2.33
4.0,1.25,65,4,200,short,34,19,15,55.9,-196.0,827.9,-0.24
4.0,1.25,75,1,200,both,79,50,29,63.3,1111.5,867.8,1.28
4.0,1.25,75,1,200,long,44,31,13,70.5,1419.8,420.8,3.37
4.0,1.25,75,1,200,short,35,19,16,54.3,-308.3,940.2,-0.33
4.0,1.25,75,2,200,both,79,50,29,63.3,1111.5,867.8,1.28
4.0,1.25,75,2,200,long,44,31,13,70.5,1419.8,420.8,3.37
4.0,1.25,75,2,200,short,35,19,16,54.3,-308.3,940.2,-0.33
4.0,1.25,75,3,200,both,78,50,28,64.1,1244.5,867.8,1.43
4.0,1.25,75,3,200,long,44,31,13,70.5,1419.8,420.8,3.37
4.0,1.25,75,3,200,short,34,19,15,55.9,-175.3,807.2,-0.22
4.0,1.25,75,4,200,both,78,50,28,64.1,1244.5,867.8,1.43
4.0,1.25,75,4,200,long,44,31,13,70.5,1419.8,420.8,3.37
4.0,1.25,75,4,200,short,34,19,15,55.9,-175.3,807.2,-0.22
4.0,1.25,85,1,200,both,79,50,29,63.3,1162.5,867.8,1.34
4.0,1.25,85,1,200,long,44,31,13,70.5,1470.8,409.1,3.6
4.0,1.25,85,1,200,short,35,19,16,54.3,-308.3,940.2,-0.33
4.0,1.25,85,2,200,both,79,50,29,63.3,1162.5,867.8,1.34
4.0,1.25,85,2,200,long,44,31,13,70.5,1470.8,409.1,3.6
4.0,1.25,85,2,200,short,35,19,16,54.3,-308.3,940.2,-0.33
4.0,1.25,85,3,200,both,78,50,28,64.1,1295.5,867.8,1.49
4.0,1.25,85,3,200,long,44,31,13,70.5,1470.8,409.1,3.6
4.0,1.25,85,3,200,short,34,19,15,55.9,-175.3,807.2,-0.22
4.0,1.25,85,4,200,both,78,50,28,64.1,1295.5,867.8,1.49
4.0,1.25,85,4,200,long,44,31,13,70.5,1470.8,409.1,3.6
4.0,1.25,85,4,200,short,34,19,15,55.9,-175.3,807.2,-0.22
4.0,1.25,95,1,200,both,78,48,30,61.5,1478.1,906.3,1.63
4.0,1.25,95,1,200,long,44,30,14,68.2,1506.2,409.1,3.68
4.0,1.25,95,1,200,short,34,18,16,52.9,-28.1,978.7,-0.03
4.0,1.25,95,2,200,both,78,48,30,61.5,1478.1,906.3,1.63
4.0,1.25,95,2,200,long,44,30,14,68.2,1506.2,409.1,3.68
4.0,1.25,95,2,200,short,34,18,16,52.9,-28.1,978.7,-0.03
4.0,1.25,95,3,200,both,77,48,29,62.3,1611.1,906.3,1.78
4.0,1.25,95,3,200,long,44,30,14,68.2,1506.2,409.1,3.68
4.0,1.25,95,3,200,short,33,18,15,54.5,104.9,845.7,0.12
4.0,1.25,95,4,200,both,77,48,29,62.3,1611.1,906.3,1.78
4.0,1.25,95,4,200,long,44,30,14,68.2,1506.2,409.1,3.68
4.0,1.25,95,4,200,short,33,18,15,54.5,104.9,845.7,0.12
4.0,1.5,55,1,200,both,78,52,26,66.7,483.3,962.9,0.5
4.0,1.5,55,1,200,long,44,32,12,72.7,812.6,520.8,1.56
4.0,1.5,55,1,200,short,34,20,14,58.8,-329.3,1019.2,-0.32
4.0,1.5,55,2,200,both,78,52,26,66.7,483.3,962.9,0.5
4.0,1.5,55,2,200,long,44,32,12,72.7,812.6,520.8,1.56
4.0,1.5,55,2,200,short,34,20,14,58.8,-329.3,1019.2,-0.32
4.0,1.5,55,3,200,both,77,52,25,67.5,641.3,962.9,0.67
4.0,1.5,55,3,200,long,44,32,12,72.7,812.6,520.8,1.56
4.0,1.5,55,3,200,short,33,20,13,60.6,-171.3,903.1,-0.19
4.0,1.5,55,4,200,both,77,52,25,67.5,641.3,962.9,0.67
4.0,1.5,55,4,200,long,44,32,12,72.7,812.6,520.8,1.56
4.0,1.5,55,4,200,short,33,20,13,60.6,-171.3,903.1,-0.19
4.0,1.5,65,1,200,both,78,51,27,65.4,277.7,955.5,0.29
4.0,1.5,65,1,200,long,44,32,12,72.7,823.7,520.8,1.58
4.0,1.5,65,1,200,short,34,19,15,55.9,-546.0,1235.9,-0.44
4.0,1.5,65,2,200,both,78,51,27,65.4,277.7,955.5,0.29
4.0,1.5,65,2,200,long,44,32,12,72.7,823.7,520.8,1.58
4.0,1.5,65,2,200,short,34,19,15,55.9,-546.0,1235.9,-0.44
4.0,1.5,65,3,200,both,77,51,26,66.2,435.7,955.5,0.46
4.0,1.5,65,3,200,long,44,32,12,72.7,823.7,520.8,1.58
4.0,1.5,65,3,200,short,33,19,14,57.6,-388.0,1077.9,-0.36
4.0,1.5,65,4,200,both,77,51,26,66.2,435.7,955.5,0.46
4.0,1.5,65,4,200,long,44,32,12,72.7,823.7,520.8,1.58
4.0,1.5,65,4,200,short,33,19,14,57.6,-388.0,1077.9,-0.36
4.0,1.5,75,1,200,both,78,51,27,65.4,738.1,934.8,0.79
4.0,1.5,75,1,200,long,44,32,12,72.7,1263.4,520.8,2.43
4.0,1.5,75,1,200,short,34,19,15,55.9,-525.3,1215.2,-0.43
4.0,1.5,75,2,200,both,78,51,27,65.4,738.1,934.8,0.79
4.0,1.5,75,2,200,long,44,32,12,72.7,1263.4,520.8,2.43
4.0,1.5,75,2,200,short,34,19,15,55.9,-525.3,1215.2,-0.43
4.0,1.5,75,3,200,both,77,51,26,66.2,896.1,934.8,0.96
4.0,1.5,75,3,200,long,44,32,12,72.7,1263.4,520.8,2.43
4.0,1.5,75,3,200,short,33,19,14,57.6,-367.3,1057.2,-0.35
4.0,1.5,75,4,200,both,77,51,26,66.2,896.1,934.8,0.96
4.0,1.5,75,4,200,long,44,32,12,72.7,1263.4,520.8,2.43
4.0,1.5,75,4,200,short,33,19,14,57.6,-367.3,1057.2,-0.35
4.0,1.5,85,1,200,both,78,51,27,65.4,789.1,934.8,0.84
4.0,1.5,85,1,200,long,44,32,12,72.7,1314.4,509.1,2.58
4.0,1.5,85,1,200,short,34,19,15,55.9,-525.3,1215.2,-0.43
4.0,1.5,85,2,200,both,78,51,27,65.4,789.1,934.8,0.84
4.0,1.5,85,2,200,long,44,32,12,72.7,1314.4,509.1,2.58
4.0,1.5,85,2,200,short,34,19,15,55.9,-525.3,1215.2,-0.43
4.0,1.5,85,3,200,both,77,51,26,66.2,947.1,934.8,1.01
4.0,1.5,85,3,200,long,44,32,12,72.7,1314.4,509.1,2.58
4.0,1.5,85,3,200,short,33,19,14,57.6,-367.3,1057.2,-0.35
4.0,1.5,85,4,200,both,77,51,26,66.2,947.1,934.8,1.01
4.0,1.5,85,4,200,long,44,32,12,72.7,1314.4,509.1,2.58
4.0,1.5,85,4,200,short,33,19,14,57.6,-367.3,1057.2,-0.35
4.0,1.5,95,1,200,both,77,49,28,63.6,1079.7,973.3,1.11
4.0,1.5,95,1,200,long,44,31,13,70.5,1324.8,509.1,2.6
4.0,1.5,95,1,200,short,33,18,15,54.5,-245.1,1253.7,-0.2
4.0,1.5,95,2,200,both,77,49,28,63.6,1079.7,973.3,1.11
4.0,1.5,95,2,200,long,44,31,13,70.5,1324.8,509.1,2.6
4.0,1.5,95,2,200,short,33,18,15,54.5,-245.1,1253.7,-0.2
4.0,1.5,95,3,200,both,76,49,27,64.5,1237.7,973.3,1.27
4.0,1.5,95,3,200,long,44,31,13,70.5,1324.8,509.1,2.6
4.0,1.5,95,3,200,short,32,18,14,56.2,-87.1,1095.7,-0.08
4.0,1.5,95,4,200,both,76,49,27,64.5,1237.7,973.3,1.27
4.0,1.5,95,4,200,long,44,31,13,70.5,1324.8,509.1,2.6
4.0,1.5,95,4,200,short,32,18,14,56.2,-87.1,1095.7,-0.08
4.0,2.0,55,1,200,both,78,54,24,69.2,639.2,1087.2,0.59
4.0,2.0,55,1,200,long,44,33,11,75.0,943.4,512.8,1.84
4.0,2.0,55,1,200,short,34,21,13,61.8,-304.2,1355.4,-0.22
4.0,2.0,55,2,200,both,78,54,24,69.2,639.2,1087.2,0.59
4.0,2.0,55,2,200,long,44,33,11,75.0,943.4,512.8,1.84
4.0,2.0,55,2,200,short,34,21,13,61.8,-304.2,1355.4,-0.22
4.0,2.0,55,3,200,both,77,54,23,70.1,847.2,1078.4,0.79
4.0,2.0,55,3,200,long,44,33,11,75.0,943.4,512.8,1.84
4.0,2.0,55,3,200,short,33,21,12,63.6,-96.2,1147.4,-0.08
4.0,2.0,55,4,200,both,77,54,23,70.1,847.2,1078.4,0.79
4.0,2.0,55,4,200,long,44,33,11,75.0,943.4,512.8,1.84
4.0,2.0,55,4,200,short,33,21,12,63.6,-96.2,1147.4,-0.08
4.0,2.0,65,1,200,both,78,54,24,69.2,664.2,1079.8,0.62
4.0,2.0,65,1,200,long,44,33,11,75.0,954.5,512.8,1.86
4.0,2.0,65,1,200,short,34,21,13,61.8,-290.3,1341.5,-0.22
4.0,2.0,65,2,200,both,78,54,24,69.2,664.2,1079.8,0.62
4.0,2.0,65,2,200,long,44,33,11,75.0,954.5,512.8,1.86
4.0,2.0,65,2,200,short,34,21,13,61.8,-290.3,1341.5,-0.22
4.0,2.0,65,3,200,both,77,54,23,70.1,872.2,1071.0,0.81
4.0,2.0,65,3,200,long,44,33,11,75.0,954.5,512.8,1.86
4.0,2.0,65,3,200,short,33,21,12,63.6,-82.3,1133.5,-0.07
4.0,2.0,65,4,200,both,77,54,23,70.1,872.2,1071.0,0.81
4.0,2.0,65,4,200,long,44,33,11,75.0,954.5,512.8,1.86
4.0,2.0,65,4,200,short,33,21,12,63.6,-82.3,1133.5,-0.07
4.0,2.0,75,1,200,both,78,54,24,69.2,1124.6,1059.1,1.06
4.0,2.0,75,1,200,long,44,33,11,75.0,1394.2,512.8,2.72
4.0,2.0,75,1,200,short,34,21,13,61.8,-269.6,1320.8,-0.2
4.0,2.0,75,2,200,both,78,54,24,69.2,1124.6,1059.1,1.06
4.0,2.0,75,2,200,long,44,33,11,75.0,1394.2,512.8,2.72
4.0,2.0,75,2,200,short,34,21,13,61.8,-269.6,1320.8,-0.2
4.0,2.0,75,3,200,both,77,54,23,70.1,1332.6,1050.3,1.27
4.0,2.0,75,3,200,long,44,33,11,75.0,1394.2,512.8,2.72
4.0,2.0,75,3,200,short,33,21,12,63.6,-61.6,1112.8,-0.06
4.0,2.0,75,4,200,both,77,54,23,70.1,1332.6,1050.3,1.27
4.0,2.0,75,4,200,long,44,33,11,75.0,1394.2,512.8,2.72
4.0,2.0,75,4,200,short,33,21,12,63.6,-61.6,1112.8,-0.06
4.0,2.0,85,1,200,both,78,54,24,69.2,1175.6,1050.3,1.12
4.0,2.0,85,1,200,long,44,33,11,75.0,1445.2,501.1,2.88
4.0,2.0,85,1,200,short,34,21,13,61.8,-269.6,1320.8,-0.2
4.0,2.0,85,2,200,both,78,54,24,69.2,1175.6,1050.3,1.12
4.0,2.0,85,2,200,long,44,33,11,75.0,1445.2,501.1,2.88
4.0,2.0,85,2,200,short,34,21,13,61.8,-269.6,1320.8,-0.2
4.0,2.0,85,3,200,both,77,54,23,70.1,1383.6,1050.3,1.32
4.0,2.0,85,3,200,long,44,33,11,75.0,1445.2,501.1,2.88
4.0,2.0,85,3,200,short,33,21,12,63.6,-61.6,1112.8,-0.06
4.0,2.0,85,4,200,both,77,54,23,70.1,1383.6,1050.3,1.32
4.0,2.0,85,4,200,long,44,33,11,75.0,1445.2,501.1,2.88
4.0,2.0,85,4,200,short,33,21,12,63.6,-61.6,1112.8,-0.06
4.0,2.0,95,1,200,both,77,52,25,67.5,1416.2,1045.2,1.35
4.0,2.0,95,1,200,long,44,32,12,72.7,1405.6,501.1,2.81
4.0,2.0,95,1,200,short,33,20,13,60.6,10.6,1359.3,0.01
4.0,2.0,95,2,200,both,77,52,25,67.5,1416.2,1045.2,1.35
4.0,2.0,95,2,200,long,44,32,12,72.7,1405.6,501.1,2.81
4.0,2.0,95,2,200,short,33,20,13,60.6,10.6,1359.3,0.01
4.0,2.0,95,3,200,both,76,52,24,68.4,1624.2,1045.2,1.55
4.0,2.0,95,3,200,long,44,32,12,72.7,1405.6,501.1,2.81
4.0,2.0,95,3,200,short,32,20,12,62.5,218.6,1151.3,0.19
4.0,2.0,95,4,200,both,76,52,24,68.4,1624.2,1045.2,1.55
4.0,2.0,95,4,200,long,44,32,12,72.7,1405.6,501.1,2.81
4.0,2.0,95,4,200,short,32,20,12,62.5,218.6,1151.3,0.19
4.0,0.5,55,1,250,both,77,39,38,50.6,1192.4,364.3,3.27
4.0,0.5,55,1,250,long,42,22,20,52.4,640.6,261.0,2.45
4.0,0.5,55,1,250,short,35,17,18,48.6,551.8,323.1,1.71
4.0,0.5,55,2,250,both,77,39,38,50.6,1192.4,364.3,3.27
4.0,0.5,55,2,250,long,42,22,20,52.4,640.6,261.0,2.45
4.0,0.5,55,2,250,short,35,17,18,48.6,551.8,323.1,1.71
4.0,0.5,55,3,250,both,76,39,37,51.3,1250.4,364.3,3.43
4.0,0.5,55,3,250,long,42,22,20,52.4,640.6,261.0,2.45
4.0,0.5,55,3,250,short,34,17,17,50.0,609.8,323.1,1.89
4.0,0.5,55,4,250,both,76,39,37,51.3,1250.4,364.3,3.43
4.0,0.5,55,4,250,long,42,22,20,52.4,640.6,261.0,2.45
4.0,0.5,55,4,250,short,34,17,17,50.0,609.8,323.1,1.89
4.0,0.5,65,1,250,both,77,38,39,49.4,1219.4,356.9,3.42
4.0,0.5,65,1,250,long,42,22,20,52.4,661.2,261.0,2.53
4.0,0.5,65,1,250,short,35,16,19,45.7,558.2,315.7,1.77
4.0,0.5,65,2,250,both,77,38,39,49.4,1219.4,356.9,3.42
4.0,0.5,65,2,250,long,42,22,20,52.4,661.2,261.0,2.53
4.0,0.5,65,2,250,short,35,16,19,45.7,558.2,315.7,1.77
4.0,0.5,65,3,250,both,76,38,38,50.0,1277.4,356.9,3.58
4.0,0.5,65,3,250,long,42,22,20,52.4,661.2,261.0,2.53
4.0,0.5,65,3,250,short,34,16,18,47.1,616.2,315.7,1.95
4.0,0.5,65,4,250,both,76,38,38,50.0,1277.4,356.9,3.58
4.0,0.5,65,4,250,long,42,22,20,52.4,661.2,261.0,2.53
4.0,0.5,65,4,250,short,34,16,18,47.1,616.2,315.7,1.95
4.0,0.5,75,1,250,both,77,38,39,49.4,1679.8,336.2,5.0
4.0,0.5,75,1,250,long,42,22,20,52.4,1100.9,261.0,4.22
4.0,0.5,75,1,250,short,35,16,19,45.7,578.9,295.0,1.96
4.0,0.5,75,2,250,both,77,38,39,49.4,1679.8,336.2,5.0
4.0,0.5,75,2,250,long,42,22,20,52.4,1100.9,261.0,4.22
4.0,0.5,75,2,250,short,35,16,19,45.7,578.9,295.0,1.96
4.0,0.5,75,3,250,both,76,38,38,50.0,1737.8,336.2,5.17
4.0,0.5,75,3,250,long,42,22,20,52.4,1100.9,261.0,4.22
4.0,0.5,75,3,250,short,34,16,18,47.1,636.9,295.0,2.16
4.0,0.5,75,4,250,both,76,38,38,50.0,1737.8,336.2,5.17
4.0,0.5,75,4,250,long,42,22,20,52.4,1100.9,261.0,4.22
4.0,0.5,75,4,250,short,34,16,18,47.1,636.9,295.0,2.16
4.0,0.5,85,1,250,both,77,38,39,49.4,1730.8,336.2,5.15
4.0,0.5,85,1,250,long,42,22,20,52.4,1151.9,249.3,4.62
4.0,0.5,85,1,250,short,35,16,19,45.7,578.9,295.0,1.96
4.0,0.5,85,2,250,both,77,38,39,49.4,1730.8,336.2,5.15
4.0,0.5,85,2,250,long,42,22,20,52.4,1151.9,249.3,4.62
4.0,0.5,85,2,250,short,35,16,19,45.7,578.9,295.0,1.96
4.0,0.5,85,3,250,both,76,38,38,50.0,1788.8,336.2,5.32
4.0,0.5,85,3,250,long,42,22,20,52.4,1151.9,249.3,4.62
4.0,0.5,85,3,250,short,34,16,18,47.1,636.9,295.0,2.16
4.0,0.5,85,4,250,both,76,38,38,50.0,1788.8,336.2,5.32
4.0,0.5,85,4,250,long,42,22,20,52.4,1151.9,249.3,4.62
4.0,0.5,85,4,250,short,34,16,18,47.1,636.9,295.0,2.16
4.0,0.5,95,1,250,both,76,34,42,44.7,1604.5,374.7,4.28
4.0,0.5,95,1,250,long,42,20,22,47.6,1186.1,225.1,5.27
4.0,0.5,95,1,250,short,34,14,20,41.2,418.4,455.5,0.92
4.0,0.5,95,2,250,both,76,34,42,44.7,1604.5,374.7,4.28
4.0,0.5,95,2,250,long,42,20,22,47.6,1186.1,225.1,5.27
4.0,0.5,95,2,250,short,34,14,20,41.2,418.4,455.5,0.92
4.0,0.5,95,3,250,both,75,34,41,45.3,1662.5,374.7,4.44
4.0,0.5,95,3,250,long,42,20,22,47.6,1186.1,225.1,5.27
4.0,0.5,95,3,250,short,33,14,19,42.4,476.4,455.5,1.05
4.0,0.5,95,4,250,both,75,34,41,45.3,1662.5,374.7,4.44
4.0,0.5,95,4,250,long,42,20,22,47.6,1186.1,225.1,5.27
4.0,0.5,95,4,250,short,33,14,19,42.4,476.4,455.5,1.05
4.0,0.75,55,1,250,both,77,45,32,58.4,1326.8,639.3,2.08
4.0,0.75,55,1,250,long,42,25,17,59.5,778.6,398.2,1.96
4.0,0.75,55,1,250,short,35,20,15,57.1,548.2,453.1,1.21
4.0,0.75,55,2,250,both,77,45,32,58.4,1326.8,639.3,2.08
4.0,0.75,55,2,250,long,42,25,17,59.5,778.6,398.2,1.96
4.0,0.75,55,2,250,short,35,20,15,57.1,548.2,453.1,1.21
4.0,0.75,55,3,250,both,76,45,31,59.2,1409.8,639.3,2.21
4.0,0.75,55,3,250,long,42,25,17,59.5,778.6,398.2,1.96
4.0,0.75,55,3,250,short,34,20,14,58.8,631.2,453.1,1.39
4.0,0.75,55,4,250,both,76,45,31,59.2,1409.8,639.3,2.21
4.0,0.75,55,4,250,long,42,25,17,59.5,778.6,398.2,1.96
4.0,0.75,55,4,250,short,34,20,14,58.8,631.2,453.1,1.39
4.0,0.75,65,1,250,both,77,44,33,57.1,1328.8,631.9,2.1
4.0,0.75,65,1,250,long,42,25,17,59.5,799.2,398.2,2.01
4.0,0.75,65,1,250,short,35,19,16,54.3,529.6,445.7,1.19
4.0,0.75,65,2,250,both,77,44,33,57.1,1328.8,631.9,2.1
4.0,0.75,65,2,250,long,42,25,17,59.5,799.2,398.2,2.01
4.0,0.75,65,2,250,short,35,19,16,54.3,529.6,445.7,1.19
4.0,0.75,65,3,250,both,76,44,32,57.9,1411.8,631.9,2.23
4.0,0.75,65,3,250,long,42,25,17,59.5,799.2,398.2,2.01
4.0,0.75,65,3,250,short,34,19,15,55.9,612.6,445.7,1.37
4.0,0.75,65,4,250,both,76,44,32,57.9,1411.8,631.9,2.23
4.0,0.75,65,4,250,long,42,25,17,59.5,799.2,398.2,2.01
4.0,0.75,65,4,250,short,34,19,15,55.9,612.6,445.7,1.37
4.0,0.75,75,1,250,both,77,44,33,57.1,1789.2,611.2,2.93
4.0,0.75,75,1,250,long,42,25,17,59.5,1238.9,398.2,3.11
4.0,0.75,75,1,250,short,35,19,16,54.3,550.3,425.0,1.29
4.0,0.75,75,2,250,both,77,44,33,57.1,1789.2,611.2,2.93
4.0,0.75,75,2,250,long,42,25,17,59.5,1238.9,398.2,3.11
4.0,0.75,75,2,250,short,35,19,16,54.3,550.3,425.0,1.29
4.0,0.75,75,3,250,both,76,44,32,57.9,1872.2,611.2,3.06
4.0,0.75,75,3,250,long,42,25,17,59.5,1238.9,398.2,3.11
4.0,0.75,75,3,250,short,34,19,15,55.9,633.3,425.0,1.49
4.0,0.75,75,4,250,both,76,44,32,57.9,1872.2,611.2,3.06
4.0,0.75,75,4,250,long,42,25,17,59.5,1238.9,398.2,3.11
4.0,0.75,75,4,250,short,34,19,15,55.9,633.3,425.0,1.49
4.0,0.75,85,1,250,both,77,44,33,57.1,1840.2,611.2,3.01
4.0,0.75,85,1,250,long,42,25,17,59.5,1289.9,386.5,3.34
4.0,0.75,85,1,250,short,35,19,16,54.3,550.3,425.0,1.29
4.0,0.75,85,2,250,both,77,44,33,57.1,1840.2,611.2,3.01
4.0,0.75,85,2,250,long,42,25,17,59.5,1289.9,386.5,3.34
4.0,0.75,85,2,250,short,35,19,16,54.3,550.3,425.0,1.29
4.0,0.75,85,3,250,both,76,44,32,57.9,1923.2,611.2,3.15
4.0,0.75,85,3,250,long,42,25,17,59.5,1289.9,386.5,3.34
4.0,0.75,85,3,250,short,34,19,15,55.9,633.3,425.0,1.49
4.0,0.75,85,4,250,both,76,44,32,57.9,1923.2,611.2,3.15
4.0,0.75,85,4,250,long,42,25,17,59.5,1289.9,386.5,3.34
4.0,0.75,85,4,250,short,34,19,15,55.9,633.3,425.0,1.49
4.0,0.75,95,1,250,both,76,40,36,52.6,1980.8,649.7,3.05
4.0,0.75,95,1,250,long,42,23,19,54.8,1288.5,292.1,4.41
4.0,0.75,95,1,250,short,34,17,17,50.0,692.3,546.5,1.27
4.0,0.75,95,2,250,both,76,40,36,52.6,1980.8,649.7,3.05
4.0,0.75,95,2,250,long,42,23,19,54.8,1288.5,292.1,4.41
4.0,0.75,95,2,250,short,34,17,17,50.0,692.3,546.5,1.27
4.0,0.75,95,3,250,both,75,40,35,53.3,2063.8,649.7,3.18
4.0,0.75,95,3,250,long,42,23,19,54.8,1288.5,292.1,4.41
4.0,0.75,95,3,250,short,33,17,16,51.5,775.3,546.5,1.42
4.0,0.75,95,4,250,both,75,40,35,53.3,2063.8,649.7,3.18
4.0,0.75,95,4,250,long,42,23,19,54.8,1288.5,292.1,4.41
4.0,0.75,95,4,250,short,33,17,16,51.5,775.3,546.5,1.42
4.0,1.0,55,1,250,both,77,46,31,59.7,759.4,778.9,0.97
4.0,1.0,55,1,250,long,42,26,16,61.9,489.0,520.8,0.94
4.0,1.0,55,1,250,short,35,20,15,57.1,270.4,603.1,0.45
4.0,1.0,55,2,250,both,77,46,31,59.7,759.4,778.9,0.97
4.0,1.0,55,2,250,long,42,26,16,61.9,489.0,520.8,0.94
4.0,1.0,55,2,250,short,35,20,15,57.1,270.4,603.1,0.45
4.0,1.0,55,3,250,both,76,46,30,60.5,867.4,778.9,1.11
4.0,1.0,55,3,250,long,42,26,16,61.9,489.0,520.8,0.94
4.0,1.0,55,3,250,short,34,20,14,58.8,378.4,603.1,0.63
4.0,1.0,55,4,250,both,76,46,30,60.5,867.4,778.9,1.11
4.0,1.0,55,4,250,long,42,26,16,61.9,489.0,520.8,0.94
4.0,1.0,55,4,250,short,34,20,14,58.8,378.4,603.1,0.63
4.0,1.0,65,1,250,both,77,45,32,58.4,736.4,771.5,0.95
4.0,1.0,65,1,250,long,42,26,16,61.9,509.6,520.8,0.98
4.0,1.0,65,1,250,short,35,19,16,54.3,226.8,595.7,0.38
4.0,1.0,65,2,250,both,77,45,32,58.4,736.4,771.5,0.95
4.0,1.0,65,2,250,long,42,26,16,61.9,509.6,520.8,0.98
4.0,1.0,65,2,250,short,35,19,16,54.3,226.8,595.7,0.38
4.0,1.0,65,3,250,both,76,45,31,59.2,844.4,771.5,1.09
4.0,1.0,65,3,250,long,42,26,16,61.9,509.6,520.8,0.98
4.0,1.0,65,3,250,short,34,19,15,55.9,334.8,595.7,0.56
4.0,1.0,65,4,250,both,76,45,31,59.2,844.4,771.5,1.09
4.0,1.0,65,4,250,long,42,26,16,61.9,509.6,520.8,0.98
4.0,1.0,65,4,250,short,34,19,15,55.9,334.8,595.7,0.56
4.0,1.0,75,1,250,both,77,45,32,58.4,1196.8,750.8,1.59
4.0,1.0,75,1,250,long,42,26,16,61.9,949.3,520.8,1.82
4.0,1.0,75,1,250,short,35,19,16,54.3,247.5,575.0,0.43
4.0,1.0,75,2,250,both,77,45,32,58.4,1196.8,750.8,1.59
4.0,1.0,75,2,250,long,42,26,16,61.9,949.3,520.8,1.82
4.0,1.0,75,2,250,short,35,19,16,54.3,247.5,575.0,0.43
4.0,1.0,75,3,250,both,76,45,31,59.2,1304.8,750.8,1.74
4.0,1.0,75,3,250,long,42,26,16,61.9,949.3,520.8,1.82
4.0,1.0,75,3,250,short,34,19,15,55.9,355.5,575.0,0.62
4.0,1.0,75,4,250,both,76,45,31,59.2,1304.8,750.8,1.74
4.0,1.0,75,4,250,long,42,26,16,61.9,949.3,520.8,1.82
4.0,1.0,75,4,250,short,34,19,15,55.9,355.5,575.0,0.62
4.0,1.0,85,1,250,both,77,45,32,58.4,1247.8,750.8,1.66
4.0,1.0,85,1,250,long,42,26,16,61.9,1000.3,501.1,2.0
4.0,1.0,85,1,250,short,35,19,16,54.3,247.5,575.0,0.43
4.0,1.0,85,2,250,both,77,45,32,58.4,1247.8,750.8,1.66
4.0,1.0,85,2,250,long,42,26,16,61.9,1000.3,501.1,2.0
4.0,1.0,85,2,250,short,35,19,16,54.3,247.5,575.0,0.43
4.0,1.0,85,3,250,both,76,45,31,59.2,1355.8,750.8,1.81
4.0,1.0,85,3,250,long,42,26,16,61.9,1000.3,501.1,2.0
4.0,1.0,85,3,250,short,34,19,15,55.9,355.5,575.0,0.62
4.0,1.0,85,4,250,both,76,45,31,59.2,1355.8,750.8,1.81
4.0,1.0,85,4,250,long,42,26,16,61.9,1000.3,501.1,2.0
4.0,1.0,85,4,250,short,34,19,15,55.9,355.5,575.0,0.62
4.0,1.0,95,1,250,both,76,42,34,55.3,1425.2,789.3,1.81
4.0,1.0,95,1,250,long,42,25,17,59.5,1060.7,417.1,2.54
4.0,1.0,95,1,250,short,34,17,17,50.0,364.5,721.5,0.51
4.0,1.0,95,2,250,both,76,42,34,55.3,1425.2,789.3,1.81
4.0,1.0,95,2,250,long,42,25,17,59.5,1060.7,417.1,2.54
4.0,1.0,95,2,250,short,34,17,17,50.0,364.5,721.5,0.51
4.0,1.0,95,3,250,both,75,42,33,56.0,1533.2,789.3,1.94
4.0,1.0,95,3,250,long,42,25,17,59.5,1060.7,417.1,2.54
4.0,1.0,95,3,250,short,33,17,16,51.5,472.5,721.5,0.65
4.0,1.0,95,4,250,both,75,42,33,56.0,1533.2,789.3,1.94
4.0,1.0,95,4,250,long,42,25,17,59.5,1060.7,417.1,2.54
4.0,1.0,95,4,250,short,33,17,16,51.5,472.5,721.5,0.65
4.0,1.25,55,1,250,both,77,49,28,63.6,599.4,1056.4,0.57
4.0,1.25,55,1,250,long,42,29,13,69.0,679.0,629.2,1.08
4.0,1.25,55,1,250,short,35,20,15,57.1,-79.6,753.1,-0.11
4.0,1.25,55,2,250,both,77,49,28,63.6,599.4,1056.4,0.57
4.0,1.25,55,2,250,long,42,29,13,69.0,679.0,629.2,1.08
4.0,1.25,55,2,250,short,35,20,15,57.1,-79.6,753.1,-0.11
4.0,1.25,55,3,250,both,76,49,27,64.5,732.4,1056.4,0.69
4.0,1.25,55,3,250,long,42,29,13,69.0,679.0,629.2,1.08
4.0,1.25,55,3,250,short,34,20,14,58.8,53.4,753.1,0.07
4.0,1.25,55,4,250,both,76,49,27,64.5,732.4,1056.4,0.69
4.0,1.25,55,4,250,long,42,29,13,69.0,679.0,629.2,1.08
4.0,1.25,55,4,250,short,34,20,14,58.8,53.4,753.1,0.07
4.0,1.25,65,1,250,both,77,48,29,62.3,551.4,1049.0,0.53
4.0,1.25,65,1,250,long,42,29,13,69.0,699.6,629.2,1.11
4.0,1.25,65,1,250,short,35,19,16,54.3,-148.2,780.1,-0.19
4.0,1.25,65,2,250,both,77,48,29,62.3,551.4,1049.0,0.53
4.0,1.25,65,2,250,long,42,29,13,69.0,699.6,629.2,1.11
4.0,1.25,65,2,250,short,35,19,16,54.3,-148.2,780.1,-0.19
4.0,1.25,65,3,250,both,76,48,28,63.2,684.4,1049.0,0.65
4.0,1.25,65,3,250,long,42,29,13,69.0,699.6,629.2,1.11
4.0,1.25,65,3,250,short,34,19,15,55.9,-15.2,745.7,-0.02
4.0,1.25,65,4,250,both,76,48,28,63.2,684.4,1049.0,0.65
4.0,1.25,65,4,250,long,42,29,13,69.0,699.6,629.2,1.11
4.0,1.25,65,4,250,short,34,19,15,55.9,-15.2,745.7,-0.02
4.0,1.25,75,1,250,both,77,48,29,62.3,1011.8,1028.3,0.98
4.0,1.25,75,1,250,long,42,29,13,69.0,1139.3,629.2,1.81
4.0,1.25,75,1,250,short,35,19,16,54.3,-127.5,759.4,-0.17
4.0,1.25,75,2,250,both,77,48,29,62.3,1011.8,1028.3,0.98
4.0,1.25,75,2,250,long,42,29,13,69.0,1139.3,629.2,1.81
4.0,1.25,75,2,250,short,35,19,16,54.3,-127.5,759.4,-0.17
4.0,1.25,75,3,250,both,76,48,28,63.2,1144.8,1028.3,1.11
4.0,1.25,75,3,250,long,42,29,13,69.0,1139.3,629.2,1.81
4.0,1.25,75,3,250,short,34,19,15,55.9,5.5,725.0,0.01
4.0,1.25,75,4,250,both,76,48,28,63.2,1144.8,1028.3,1.11
4.0,1.25,75,4,250,long,42,29,13,69.0,1139.3,629.2,1.81
4.0,1.25,75,4,250,short,34,19,15,55.9,5.5,725.0,0.01
4.0,1.25,85,1,250,both,77,48,29,62.3,1062.8,1016.6,1.05
4.0,1.25,85,1,250,long,42,29,13,69.0,1190.3,584.5,2.04
4.0,1.25,85,1,250,short,35,19,16,54.3,-127.5,759.4,-0.17
4.0,1.25,85,2,250,both,77,48,29,62.3,1062.8,1016.6,1.05
4.0,1.25,85,2,250,long,42,29,13,69.0,1190.3,584.5,2.04
4.0,1.25,85,2,250,short,35,19,16,54.3,-127.5,759.4,-0.17
4.0,1.25,85,3,250,both,76,48,28,63.2,1195.8,1016.6,1.18
4.0,1.25,85,3,250,long,42,29,13,69.0,1190.3,584.5,2.04
4.0,1.25,85,3,250,short,34,19,15,55.9,5.5,725.0,0.01
4.0,1.25,85,4,250,both,76,48,28,63.2,1195.8,1016.6,1.18
4.0,1.25,85,4,250,long,42,29,13,69.0,1190.3,584.5,2.04
4.0,1.25,85,4,250,short,34,19,15,55.9,5.5,725.0,0.01
4.0,1.25,95,1,250,both,76,46,30,60.5,1378.4,906.3,1.52
4.0,1.25,95,1,250,long,42,28,14,66.7,1225.7,542.1,2.26
4.0,1.25,95,1,250,short,34,18,16,52.9,152.7,797.9,0.19
4.0,1.25,95,2,250,both,76,46,30,60.5,1378.4,906.3,1.52
4.0,1.25,95,2,250,long,42,28,14,66.7,1225.7,542.1,2.26
4.0,1.25,95,2,250,short,34,18,16,52.9,152.7,797.9,0.19
4.0,1.25,95,3,250,both,75,46,29,61.3,1511.4,906.3,1.67
4.0,1.25,95,3,250,long,42,28,14,66.7,1225.7,542.1,2.26
4.0,1.25,95,3,250,short,33,18,15,54.5,285.7,763.5,0.37
4.0,1.25,95,4,250,both,75,46,29,61.3,1511.4,906.3,1.67
4.0,1.25,95,4,250,long,42,28,14,66.7,1225.7,542.1,2.26
4.0,1.25,95,4,250,short,33,18,15,54.5,285.7,763.5,0.37
4.0,1.5,55,1,250,both,76,50,26,65.8,251.0,1190.4,0.21
4.0,1.5,55,1,250,long,42,30,12,71.4,522.6,685.6,0.76
4.0,1.5,55,1,250,short,34,20,14,58.8,-271.6,961.5,-0.28
4.0,1.5,55,2,250,both,76,50,26,65.8,251.0,1190.4,0.21
4.0,1.5,55,2,250,long,42,30,12,71.4,522.6,685.6,0.76
4.0,1.5,55,2,250,short,34,20,14,58.8,-271.6,961.5,-0.28
4.0,1.5,55,3,250,both,75,50,25,66.7,409.0,1190.4,0.34
4.0,1.5,55,3,250,long,42,30,12,71.4,522.6,685.6,0.76
4.0,1.5,55,3,250,short,33,20,13,60.6,-113.6,903.1,-0.13
4.0,1.5,55,4,250,both,75,50,25,66.7,409.0,1190.4,0.34
4.0,1.5,55,4,250,long,42,30,12,71.4,522.6,685.6,0.76
4.0,1.5,55,4,250,short,33,20,13,60.6,-113.6,903.1,-0.13
4.0,1.5,65,1,250,both,76,49,27,64.5,178.0,1183.0,0.15
4.0,1.5,65,1,250,long,42,30,12,71.4,543.2,685.6,0.79
4.0,1.5,65,1,250,short,34,19,15,55.9,-365.2,1055.1,-0.35
4.0,1.5,65,2,250,both,76,49,27,64.5,178.0,1183.0,0.15
4.0,1.5,65,2,250,long,42,30,12,71.4,543.2,685.6,0.79
4.0,1.5,65,2,250,short,34,19,15,55.9,-365.2,1055.1,-0.35
4.0,1.5,65,3,250,both,75,49,26,65.3,336.0,1183.0,0.28
4.0,1.5,65,3,250,long,42,30,12,71.4,543.2,685.6,0.79
4.0,1.5,65,3,250,short,33,19,14,57.6,-207.2,897.1,-0.23
4.0,1.5,65,4,250,both,75,49,26,65.3,336.0,1183.0,0.28
4.0,1.5,65,4,250,long,42,30,12,71.4,543.2,685.6,0.79
4.0,1.5,65,4,250,short,33,19,14,57.6,-207.2,897.1,-0.23
4.0,1.5,75,1,250,both,76,49,27,64.5,638.4,1162.3,0.55
4.0,1.5,75,1,250,long,42,30,12,71.4,982.9,685.6,1.43
4.0,1.5,75,1,250,short,34,19,15,55.9,-344.5,1034.4,-0.33
4.0,1.5,75,2,250,both,76,49,27,64.5,638.4,1162.3,0.55
4.0,1.5,75,2,250,long,42,30,12,71.4,982.9,685.6,1.43
4.0,1.5,75,2,250,short,34,19,15,55.9,-344.5,1034.4,-0.33
4.0,1.5,75,3,250,both,75,49,26,65.3,796.4,1162.3,0.69
4.0,1.5,75,3,250,long,42,30,12,71.4,982.9,685.6,1.43
4.0,1.5,75,3,250,short,33,19,14,57.6,-186.5,876.4,-0.21
4.0,1.5,75,4,250,both,75,49,26,65.3,796.4,1162.3,0.69
4.0,1.5,75,4,250,long,42,30,12,71.4,982.9,685.6,1.43
4.0,1.5,75,4,250,short,33,19,14,57.6,-186.5,876.4,-0.21
4.0,1.5,85,1,250,both,76,49,27,64.5,689.4,1150.6,0.6
4.0,1.5,85,1,250,long,42,30,12,71.4,1033.9,667.1,1.55
4.0,1.5,85,1,250,short,34,19,15,55.9,-344.5,1034.4,-0.33
4.0,1.5,85,2,250,both,76,49,27,64.5,689.4,1150.6,0.6
4.0,1.5,85,2,250,long,42,30,12,71.4,1033.9,667.1,1.55
4.0,1.5,85,2,250,short,34,19,15,55.9,-344.5,1034.4,-0.33
4.0,1.5,85,3,250,both,75,49,26,65.3,847.4,1150.6,0.74
4.0,1.5,85,3,250,long,42,30,12,71.4,1033.9,667.1,1.55
4.0,1.5,85,3,250,short,33,19,14,57.6,-186.5,876.4,-0.21
4.0,1.5,85,4,250,both,75,49,26,65.3,847.4,1150.6,0.74
4.0,1.5,85,4,250,long,42,30,12,71.4,1033.9,667.1,1.55
4.0,1.5,85,4,250,short,33,19,14,57.6,-186.5,876.4,-0.21
4.0,1.5,95,1,250,both,75,47,28,62.7,980.0,973.3,1.01
4.0,1.5,95,1,250,long,42,29,13,69.0,1044.3,667.1,1.57
4.0,1.5,95,1,250,short,33,18,15,54.5,-64.3,1072.9,-0.06
4.0,1.5,95,2,250,both,75,47,28,62.7,980.0,973.3,1.01
4.0,1.5,95,2,250,long,42,29,13,69.0,1044.3,667.1,1.57
4.0,1.5,95,2,250,short,33,18,15,54.5,-64.3,1072.9,-0.06
4.0,1.5,95,3,250,both,74,47,27,63.5,1138.0,973.3,1.17
4.0,1.5,95,3,250,long,42,29,13,69.0,1044.3,667.1,1.57
4.0,1.5,95,3,250,short,32,18,14,56.2,93.7,914.9,0.1
4.0,1.5,95,4,250,both,74,47,27,63.5,1138.0,973.3,1.17
4.0,1.5,95,4,250,long,42,29,13,69.0,1044.3,667.1,1.57
4.0,1.5,95,4,250,short,32,18,14,56.2,93.7,914.9,0.1
4.0,2.0,55,1,250,both,76,52,24,68.4,406.9,1209.9,0.34
4.0,2.0,55,1,250,long,42,31,11,73.8,653.4,721.4,0.91
4.0,2.0,55,1,250,short,34,21,13,61.8,-246.5,1297.7,-0.19
4.0,2.0,55,2,250,both,76,52,24,68.4,406.9,1209.9,0.34
4.0,2.0,55,2,250,long,42,31,11,73.8,653.4,721.4,0.91
4.0,2.0,55,2,250,short,34,21,13,61.8,-246.5,1297.7,-0.19
4.0,2.0,55,3,250,both,75,52,23,69.3,614.9,1209.9,0.51
4.0,2.0,55,3,250,long,42,31,11,73.8,653.4,721.4,0.91
4.0,2.0,55,3,250,short,33,21,12,63.6,-38.5,1089.7,-0.04
4.0,2.0,55,4,250,both,75,52,23,69.3,614.9,1209.9,0.51
4.0,2.0,55,4,250,long,42,31,11,73.8,653.4,721.4,0.91
4.0,2.0,55,4,250,short,33,21,12,63.6,-38.5,1089.7,-0.04
4.0,2.0,65,1,250,both,76,52,24,68.4,564.5,1202.5,0.47
4.0,2.0,65,1,250,long,42,31,11,73.8,674.0,721.4,0.93
4.0,2.0,65,1,250,short,34,21,13,61.8,-109.5,1160.7,-0.09
4.0,2.0,65,2,250,both,76,52,24,68.4,564.5,1202.5,0.47
4.0,2.0,65,2,250,long,42,31,11,73.8,674.0,721.4,0.93
4.0,2.0,65,2,250,short,34,21,13,61.8,-109.5,1160.7,-0.09
4.0,2.0,65,3,250,both,75,52,23,69.3,772.5,1202.5,0.64
4.0,2.0,65,3,250,long,42,31,11,73.8,674.0,721.4,0.93
4.0,2.0,65,3,250,short,33,21,12,63.6,98.5,1031.9,0.1
4.0,2.0,65,4,250,both,75,52,23,69.3,772.5,1202.5,0.64
4.0,2.0,65,4,250,long,42,31,11,73.8,674.0,721.4,0.93
4.0,2.0,65,4,250,short,33,21,12,63.6,98.5,1031.9,0.1
4.0,2.0,75,1,250,both,76,52,24,68.4,1024.9,1181.8,0.87
4.0,2.0,75,1,250,long,42,31,11,73.8,1113.7,721.4,1.54
4.0,2.0,75,1,250,short,34,21,13,61.8,-88.8,1140.0,-0.08
4.0,2.0,75,2,250,both,76,52,24,68.4,1024.9,1181.8,0.87
4.0,2.0,75,2,250,long,42,31,11,73.8,1113.7,721.4,1.54
4.0,2.0,75,2,250,short,34,21,13,61.8,-88.8,1140.0,-0.08
4.0,2.0,75,3,250,both,75,52,23,69.3,1232.9,1181.8,1.04
4.0,2.0,75,3,250,long,42,31,11,73.8,1113.7,721.4,1.54
4.0,2.0,75,3,250,short,33,21,12,63.6,119.2,1011.2,0.12
4.0,2.0,75,4,250,both,75,52,23,69.3,1232.9,1181.8,1.04
4.0,2.0,75,4,250,long,42,31,11,73.8,1113.7,721.4,1.54
4.0,2.0,75,4,250,short,33,21,12,63.6,119.2,1011.2,0.12
4.0,2.0,85,1,250,both,76,52,24,68.4,1075.9,1181.8,0.91
4.0,2.0,85,1,250,long,42,31,11,73.8,1164.7,709.7,1.64
4.0,2.0,85,1,250,short,34,21,13,61.8,-88.8,1140.0,-0.08
4.0,2.0,85,2,250,both,76,52,24,68.4,1075.9,1181.8,0.91
4.0,2.0,85,2,250,long,42,31,11,73.8,1164.7,709.7,1.64
4.0,2.0,85,2,250,short,34,21,13,61.8,-88.8,1140.0,-0.08
4.0,2.0,85,3,250,both,75,52,23,69.3,1283.9,1181.8,1.09
4.0,2.0,85,3,250,long,42,31,11,73.8,1164.7,709.7,1.64
4.0,2.0,85,3,250,short,33,21,12,63.6,119.2,1011.2,0.12
4.0,2.0,85,4,250,both,75,52,23,69.3,1283.9,1181.8,1.09
4.0,2.0,85,4,250,long,42,31,11,73.8,1164.7,709.7,1.64
4.0,2.0,85,4,250,short,33,21,12,63.6,119.2,1011.2,0.12
4.0,2.0,95,1,250,both,75,50,25,66.7,1316.5,1045.2,1.26
4.0,2.0,95,1,250,long,42,30,12,71.4,1125.1,709.1,1.59
4.0,2.0,95,1,250,short,33,20,13,60.6,191.4,1178.5,0.16
4.0,2.0,95,2,250,both,75,50,25,66.7,1316.5,1045.2,1.26
4.0,2.0,95,2,250,long,42,30,12,71.4,1125.1,709.1,1.59
4.0,2.0,95,2,250,short,33,20,13,60.6,191.4,1178.5,0.16
4.0,2.0,95,3,250,both,74,50,24,67.6,1524.5,1045.2,1.46
4.0,2.0,95,3,250,long,42,30,12,71.4,1125.1,709.1,1.59
4.0,2.0,95,3,250,short,32,20,12,62.5,399.4,1049.7,0.38
4.0,2.0,95,4,250,both,74,50,24,67.6,1524.5,1045.2,1.46
4.0,2.0,95,4,250,long,42,30,12,71.4,1125.1,709.1,1.59
4.0,2.0,95,4,250,short,32,20,12,62.5,399.4,1049.7,0.38
4.0,0.5,55,1,300,both,82,40,42,48.8,1657.5,555.7,2.98
4.0,0.5,55,1,300,long,45,23,22,51.1,568.6,319.0,1.78
4.0,0.5,55,1,300,short,37,17,20,45.9,1088.9,382.7,2.85
4.0,0.5,55,2,300,both,82,40,42,48.8,1657.5,555.7,2.98
4.0,0.5,55,2,300,long,45,23,22,51.1,568.6,319.0,1.78
4.0,0.5,55,2,300,short,37,17,20,45.9,1088.9,382.7,2.85
4.0,0.5,55,3,300,both,81,40,41,49.4,1715.5,555.7,3.09
4.0,0.5,55,3,300,long,45,23,22,51.1,568.6,319.0,1.78
4.0,0.5,55,3,300,short,36,17,19,47.2,1146.9,382.7,3.0
4.0,0.5,55,4,300,both,81,40,41,49.4,1715.5,555.7,3.09
4.0,0.5,55,4,300,long,45,23,22,51.1,568.6,319.0,1.78
4.0,0.5,55,4,300,short,36,17,19,47.2,1146.9,382.7,3.0
4.0,0.5,65,1,300,both,82,39,43,47.6,1684.5,548.3,3.07
4.0,0.5,65,1,300,long,45,23,22,51.1,589.2,319.0,1.85
4.0,0.5,65,1,300,short,37,16,21,43.2,1095.3,375.3,2.92
4.0,0.5,65,2,300,both,82,39,43,47.6,1684.5,548.3,3.07
4.0,0.5,65,2,300,long,45,23,22,51.1,589.2,319.0,1.85
4.0,0.5,65,2,300,short,37,16,21,43.2,1095.3,375.3,2.92
4.0,0.5,65,3,300,both,81,39,42,48.1,1742.5,548.3,3.18
4.0,0.5,65,3,300,long,45,23,22,51.1,589.2,319.0,1.85
4.0,0.5,65,3,300,short,36,16,20,44.4,1153.3,375.3,3.07
4.0,0.5,65,4,300,both,81,39,42,48.1,1742.5,548.3,3.18
4.0,0.5,65,4,300,long,45,23,22,51.1,589.2,319.0,1.85
4.0,0.5,65,4,300,short,36,16,20,44.4,1153.3,375.3,3.07
4.0,0.5,75,1,300,both,82,39,43,47.6,2144.9,527.6,4.07
4.0,0.5,75,1,300,long,45,23,22,51.1,1028.9,319.0,3.23
4.0,0.5,75,1,300,short,37,16,21,43.2,1116.0,354.6,3.15
4.0,0.5,75,2,300,both,82,39,43,47.6,2144.9,527.6,4.07
4.0,0.5,75,2,300,long,45,23,22,51.1,1028.9,319.0,3.23
4.0,0.5,75,2,300,short,37,16,21,43.2,1116.0,354.6,3.15
4.0,0.5,75,3,300,both,81,39,42,48.1,2202.9,527.6,4.18
4.0,0.5,75,3,300,long,45,23,22,51.1,1028.9,319.0,3.23
4.0,0.5,75,3,300,short,36,16,20,44.4,1174.0,354.6,3.31
4.0,0.5,75,4,300,both,81,39,42,48.1,2202.9,527.6,4.18
4.0,0.5,75,4,300,long,45,23,22,51.1,1028.9,319.0,3.23
4.0,0.5,75,4,300,short,36,16,20,44.4,1174.0,354.6,3.31
4.0,0.5,85,1,300,both,82,39,43,47.6,2195.9,515.9,4.26
4.0,0.5,85,1,300,long,45,23,22,51.1,1079.9,307.3,3.51
4.0,0.5,85,1,300,short,37,16,21,43.2,1116.0,354.6,3.15
4.0,0.5,85,2,300,both,82,39,43,47.6,2195.9,515.9,4.26
4.0,0.5,85,2,300,long,45,23,22,51.1,1079.9,307.3,3.51
4.0,0.5,85,2,300,short,37,16,21,43.2,1116.0,354.6,3.15
4.0,0.5,85,3,300,both,81,39,42,48.1,2253.9,515.9,4.37
4.0,0.5,85,3,300,long,45,23,22,51.1,1079.9,307.3,3.51
4.0,0.5,85,3,300,short,36,16,20,44.4,1174.0,354.6,3.31
4.0,0.5,85,4,300,both,81,39,42,48.1,2253.9,515.9,4.37
4.0,0.5,85,4,300,long,45,23,22,51.1,1079.9,307.3,3.51
4.0,0.5,85,4,300,short,36,16,20,44.4,1174.0,354.6,3.31
4.0,0.5,95,1,300,both,81,35,46,43.2,2069.6,462.9,4.47
4.0,0.5,95,1,300,long,45,21,24,46.7,1114.1,283.1,3.94
4.0,0.5,95,1,300,short,36,14,22,38.9,955.5,515.1,1.85
4.0,0.5,95,2,300,both,81,35,46,43.2,2069.6,462.9,4.47
4.0,0.5,95,2,300,long,45,21,24,46.7,1114.1,283.1,3.94
4.0,0.5,95,2,300,short,36,14,22,38.9,955.5,515.1,1.85
4.0,0.5,95,3,300,both,80,35,45,43.8,2127.6,462.9,4.6
4.0,0.5,95,3,300,long,45,21,24,46.7,1114.1,283.1,3.94
4.0,0.5,95,3,300,short,35,14,21,40.0,1013.5,515.1,1.97
4.0,0.5,95,4,300,both,80,35,45,43.8,2127.6,462.9,4.6
4.0,0.5,95,4,300,long,45,21,24,46.7,1114.1,283.1,3.94
4.0,0.5,95,4,300,short,35,14,21,40.0,1013.5,515.1,1.97
4.0,0.75,55,1,300,both,81,46,35,56.8,1774.9,639.3,2.78
4.0,0.75,55,1,300,long,44,26,18,59.1,739.6,398.2,1.86
4.0,0.75,55,1,300,short,37,20,17,54.1,1035.3,453.1,2.28
4.0,0.75,55,2,300,both,81,46,35,56.8,1774.9,639.3,2.78
4.0,0.75,55,2,300,long,44,26,18,59.1,739.6,398.2,1.86
4.0,0.75,55,2,300,short,37,20,17,54.1,1035.3,453.1,2.28
4.0,0.75,55,3,300,both,80,46,34,57.5,1857.9,639.3,2.91
4.0,0.75,55,3,300,long,44,26,18,59.1,739.6,398.2,1.86
4.0,0.75,55,3,300,short,36,20,16,55.6,1118.3,453.1,2.47
4.0,0.75,55,4,300,both,80,46,34,57.5,1857.9,639.3,2.91
4.0,0.75,55,4,300,long,44,26,18,59.1,739.6,398.2,1.86
4.0,0.75,55,4,300,short,36,20,16,55.6,1118.3,453.1,2.47
4.0,0.75,65,1,300,both,81,45,36,55.6,1776.9,631.9,2.81
4.0,0.75,65,1,300,long,44,26,18,59.1,760.2,398.2,1.91
4.0,0.75,65,1,300,short,37,19,18,51.4,1016.7,445.7,2.28
4.0,0.75,65,2,300,both,81,45,36,55.6,1776.9,631.9,2.81
4.0,0.75,65,2,300,long,44,26,18,59.1,760.2,398.2,1.91
4.0,0.75,65,2,300,short,37,19,18,51.4,1016.7,445.7,2.28
4.0,0.75,65,3,300,both,80,45,35,56.2,1859.9,631.9,2.94
4.0,0.75,65,3,300,long,44,26,18,59.1,760.2,398.2,1.91
4.0,0.75,65,3,300,short,36,19,17,52.8,1099.7,445.7,2.47
4.0,0.75,65,4,300,both,80,45,35,56.2,1859.9,631.9,2.94
4.0,0.75,65,4,300,long,44,26,18,59.1,760.2,398.2,1.91
4.0,0.75,65,4,300,short,36,19,17,52.8,1099.7,445.7,2.47
4.0,0.75,75,1,300,both,81,45,36,55.6,2237.3,611.2,3.66
4.0,0.75,75,1,300,long,44,26,18,59.1,1199.9,398.2,3.01
4.0,0.75,75,1,300,short,37,19,18,51.4,1037.4,425.0,2.44
4.0,0.75,75,2,300,both,81,45,36,55.6,2237.3,611.2,3.66
4.0,0.75,75,2,300,long,44,26,18,59.1,1199.9,398.2,3.01
4.0,0.75,75,2,300,short,37,19,18,51.4,1037.4,425.0,2.44
4.0,0.75,75,3,300,both,80,45,35,56.2,2320.3,611.2,3.8
4.0,0.75,75,3,300,long,44,26,18,59.1,1199.9,398.2,3.01
4.0,0.75,75,3,300,short,36,19,17,52.8,1120.4,425.0,2.64
4.0,0.75,75,4,300,both,80,45,35,56.2,2320.3,611.2,3.8
4.0,0.75,75,4,300,long,44,26,18,59.1,1199.9,398.2,3.01
4.0,0.75,75,4,300,short,36,19,17,52.8,1120.4,425.0,2.64
4.0,0.75,85,1,300,both,81,45,36,55.6,2288.3,611.2,3.74
4.0,0.75,85,1,300,long,44,26,18,59.1,1250.9,386.5,3.24
4.0,0.75,85,1,300,short,37,19,18,51.4,1037.4,425.0,2.44
4.0,0.75,85,2,300,both,81,45,36,55.6,2288.3,611.2,3.74
4.0,0.75,85,2,300,long,44,26,18,59.1,1250.9,386.5,3.24
4.0,0.75,85,2,300,short,37,19,18,51.4,1037.4,425.0,2.44
4.0,0.75,85,3,300,both,80,45,35,56.2,2371.3,611.2,3.88
4.0,0.75,85,3,300,long,44,26,18,59.1,1250.9,386.5,3.24
4.0,0.75,85,3,300,short,36,19,17,52.8,1120.4,425.0,2.64
4.0,0.75,85,4,300,both,80,45,35,56.2,2371.3,611.2,3.88
4.0,0.75,85,4,300,long,44,26,18,59.1,1250.9,386.5,3.24
4.0,0.75,85,4,300,short,36,19,17,52.8,1120.4,425.0,2.64
4.0,0.75,95,1,300,both,80,41,39,51.2,2428.9,649.7,3.74
4.0,0.75,95,1,300,long,44,24,20,54.5,1249.5,292.1,4.28
4.0,0.75,95,1,300,short,36,17,19,47.2,1179.4,546.5,2.16
4.0,0.75,95,2,300,both,80,41,39,51.2,2428.9,649.7,3.74
4.0,0.75,95,2,300,long,44,24,20,54.5,1249.5,292.1,4.28
4.0,0.75,95,2,300,short,36,17,19,47.2,1179.4,546.5,2.16
4.0,0.75,95,3,300,both,79,41,38,51.9,2511.9,649.7,3.87
4.0,0.75,95,3,300,long,44,24,20,54.5,1249.5,292.1,4.28
4.0,0.75,95,3,300,short,35,17,18,48.6,1262.4,546.5,2.31
4.0,0.75,95,4,300,both,79,41,38,51.9,2511.9,649.7,3.87
4.0,0.75,95,4,300,long,44,24,20,54.5,1249.5,292.1,4.28
4.0,0.75,95,4,300,short,35,17,18,48.6,1262.4,546.5,2.31
4.0,1.0,55,1,300,both,81,47,34,58.0,1132.5,1032.9,1.1
4.0,1.0,55,1,300,long,44,27,17,61.4,425.0,512.8,0.83
4.0,1.0,55,1,300,short,37,20,17,54.1,707.5,651.6,1.09
4.0,1.0,55,2,300,both,81,47,34,58.0,1132.5,1032.9,1.1
4.0,1.0,55,2,300,long,44,27,17,61.4,425.0,512.8,0.83
4.0,1.0,55,2,300,short,37,20,17,54.1,707.5,651.6,1.09
4.0,1.0,55,3,300,both,80,47,33,58.8,1240.5,1032.9,1.2
4.0,1.0,55,3,300,long,44,27,17,61.4,425.0,512.8,0.83
4.0,1.0,55,3,300,short,36,20,16,55.6,815.5,651.6,1.25
4.0,1.0,55,4,300,both,80,47,33,58.8,1240.5,1032.9,1.2
4.0,1.0,55,4,300,long,44,27,17,61.4,425.0,512.8,0.83
4.0,1.0,55,4,300,short,36,20,16,55.6,815.5,651.6,1.25
4.0,1.0,65,1,300,both,81,46,35,56.8,1109.5,1025.5,1.08
4.0,1.0,65,1,300,long,44,27,17,61.4,445.6,512.8,0.87
4.0,1.0,65,1,300,short,37,19,18,51.4,663.9,644.2,1.03
4.0,1.0,65,2,300,both,81,46,35,56.8,1109.5,1025.5,1.08
4.0,1.0,65,2,300,long,44,27,17,61.4,445.6,512.8,0.87
4.0,1.0,65,2,300,short,37,19,18,51.4,663.9,644.2,1.03
4.0,1.0,65,3,300,both,80,46,34,57.5,1217.5,1025.5,1.19
4.0,1.0,65,3,300,long,44,27,17,61.4,445.6,512.8,0.87
4.0,1.0,65,3,300,short,36,19,17,52.8,771.9,644.2,1.2
4.0,1.0,65,4,300,both,80,46,34,57.5,1217.5,1025.5,1.19
4.0,1.0,65,4,300,long,44,27,17,61.4,445.6,512.8,0.87
4.0,1.0,65,4,300,short,36,19,17,52.8,771.9,644.2,1.2
4.0,1.0,75,1,300,both,81,46,35,56.8,1569.9,1004.8,1.56
4.0,1.0,75,1,300,long,44,27,17,61.4,885.3,512.8,1.73
4.0,1.0,75,1,300,short,37,19,18,51.4,684.6,623.5,1.1
4.0,1.0,75,2,300,both,81,46,35,56.8,1569.9,1004.8,1.56
4.0,1.0,75,2,300,long,44,27,17,61.4,885.3,512.8,1.73
4.0,1.0,75,2,300,short,37,19,18,51.4,684.6,623.5,1.1
4.0,1.0,75,3,300,both,80,46,34,57.5,1677.9,1004.8,1.67
4.0,1.0,75,3,300,long,44,27,17,61.4,885.3,512.8,1.73
4.0,1.0,75,3,300,short,36,19,17,52.8,792.6,623.5,1.27
4.0,1.0,75,4,300,both,80,46,34,57.5,1677.9,1004.8,1.67
4.0,1.0,75,4,300,long,44,27,17,61.4,885.3,512.8,1.73
4.0,1.0,75,4,300,short,36,19,17,52.8,792.6,623.5,1.27
4.0,1.0,85,1,300,both,81,46,35,56.8,1620.9,993.1,1.63
4.0,1.0,85,1,300,long,44,27,17,61.4,936.3,501.1,1.87
4.0,1.0,85,1,300,short,37,19,18,51.4,684.6,623.5,1.1
4.0,1.0,85,2,300,both,81,46,35,56.8,1620.9,993.1,1.63
4.0,1.0,85,2,300,long,44,27,17,61.4,936.3,501.1,1.87
4.0,1.0,85,2,300,short,37,19,18,51.4,684.6,623.5,1.1
4.0,1.0,85,3,300,both,80,46,34,57.5,1728.9,993.1,1.74
4.0,1.0,85,3,300,long,44,27,17,61.4,936.3,501.1,1.87
4.0,1.0,85,3,300,short,36,19,17,52.8,792.6,623.5,1.27
4.0,1.0,85,4,300,both,80,46,34,57.5,1728.9,993.1,1.74
4.0,1.0,85,4,300,long,44,27,17,61.4,936.3,501.1,1.87
4.0,1.0,85,4,300,short,36,19,17,52.8,792.6,623.5,1.27
4.0,1.0,95,1,300,both,80,43,37,53.8,1798.3,789.3,2.28
4.0,1.0,95,1,300,long,44,26,18,59.1,996.7,417.1,2.39
4.0,1.0,95,1,300,short,36,17,19,47.2,801.6,721.5,1.11
4.0,1.0,95,2,300,both,80,43,37,53.8,1798.3,789.3,2.28
4.0,1.0,95,2,300,long,44,26,18,59.1,996.7,417.1,2.39
4.0,1.0,95,2,300,short,36,17,19,47.2,801.6,721.5,1.11
4.0,1.0,95,3,300,both,79,43,36,54.4,1906.3,789.3,2.42
4.0,1.0,95,3,300,long,44,26,18,59.1,996.7,417.1,2.39
4.0,1.0,95,3,300,short,35,17,18,48.6,909.6,721.5,1.26
4.0,1.0,95,4,300,both,79,43,36,54.4,1906.3,789.3,2.42
4.0,1.0,95,4,300,long,44,26,18,59.1,996.7,417.1,2.39
4.0,1.0,95,4,300,short,35,17,18,48.6,909.6,721.5,1.26
4.0,1.25,55,1,300,both,81,50,31,61.7,897.5,1416.3,0.63
4.0,1.25,55,1,300,long,44,30,14,68.2,590.0,596.2,0.99
4.0,1.25,55,1,300,short,37,20,17,54.1,307.5,951.6,0.32
4.0,1.25,55,2,300,both,81,50,31,61.7,897.5,1416.3,0.63
4.0,1.25,55,2,300,long,44,30,14,68.2,590.0,596.2,0.99
4.0,1.25,55,2,300,short,37,20,17,54.1,307.5,951.6,0.32
4.0,1.25,55,3,300,both,80,50,30,62.5,1030.5,1416.3,0.73
4.0,1.25,55,3,300,long,44,30,14,68.2,590.0,596.2,0.99
4.0,1.25,55,3,300,short,36,20,16,55.6,440.5,951.6,0.46
4.0,1.25,55,4,300,both,80,50,30,62.5,1030.5,1416.3,0.73
4.0,1.25,55,4,300,long,44,30,14,68.2,590.0,596.2,0.99
4.0,1.25,55,4,300,short,36,20,16,55.6,440.5,951.6,0.46
4.0,1.25,65,1,300,both,81,49,32,60.5,849.5,1408.9,0.6
4.0,1.25,65,1,300,long,44,30,14,68.2,610.6,596.2,1.02
4.0,1.25,65,1,300,short,37,19,18,51.4,238.9,978.6,0.24
4.0,1.25,65,2,300,both,81,49,32,60.5,849.5,1408.9,0.6
4.0,1.25,65,2,300,long,44,30,14,68.2,610.6,596.2,1.02
4.0,1.25,65,2,300,short,37,19,18,51.4,238.9,978.6,0.24
4.0,1.25,65,3,300,both,80,49,31,61.3,982.5,1408.9,0.7
4.0,1.25,65,3,300,long,44,30,14,68.2,610.6,596.2,1.02
4.0,1.25,65,3,300,short,36,19,17,52.8,371.9,944.2,0.39
4.0,1.25,65,4,300,both,80,49,31,61.3,982.5,1408.9,0.7
4.0,1.25,65,4,300,long,44,30,14,68.2,610.6,596.2,1.02
4.0,1.25,65,4,300,short,36,19,17,52.8,371.9,944.2,0.39
4.0,1.25,75,1,300,both,81,49,32,60.5,1309.9,1388.2,0.94
4.0,1.25,75,1,300,long,44,30,14,68.2,1050.3,596.2,1.76
4.0,1.25,75,1,300,short,37,19,18,51.4,259.6,957.9,0.27
4.0,1.25,75,2,300,both,81,49,32,60.5,1309.9,1388.2,0.94
4.0,1.25,75,2,300,long,44,30,14,68.2,1050.3,596.2,1.76
4.0,1.25,75,2,300,short,37,19,18,51.4,259.6,957.9,0.27
4.0,1.25,75,3,300,both,80,49,31,61.3,1442.9,1388.2,1.04
4.0,1.25,75,3,300,long,44,30,14,68.2,1050.3,596.2,1.76
4.0,1.25,75,3,300,short,36,19,17,52.8,392.6,923.5,0.43
4.0,1.25,75,4,300,both,80,49,31,61.3,1442.9,1388.2,1.04
4.0,1.25,75,4,300,long,44,30,14,68.2,1050.3,596.2,1.76
4.0,1.25,75,4,300,short,36,19,17,52.8,392.6,923.5,0.43
4.0,1.25,85,1,300,both,81,49,32,60.5,1360.9,1376.5,0.99
4.0,1.25,85,1,300,long,44,30,14,68.2,1101.3,584.5,1.88
4.0,1.25,85,1,300,short,37,19,18,51.4,259.6,957.9,0.27
4.0,1.25,85,2,300,both,81,49,32,60.5,1360.9,1376.5,0.99
4.0,1.25,85,2,300,long,44,30,14,68.2,1101.3,584.5,1.88
4.0,1.25,85,2,300,short,37,19,18,51.4,259.6,957.9,0.27
4.0,1.25,85,3,300,both,80,49,31,61.3,1493.9,1376.5,1.09
4.0,1.25,85,3,300,long,44,30,14,68.2,1101.3,584.5,1.88
4.0,1.25,85,3,300,short,36,19,17,52.8,392.6,923.5,0.43
4.0,1.25,85,4,300,both,80,49,31,61.3,1493.9,1376.5,1.09
4.0,1.25,85,4,300,long,44,30,14,68.2,1101.3,584.5,1.88
4.0,1.25,85,4,300,short,36,19,17,52.8,392.6,923.5,0.43
4.0,1.25,95,1,300,both,80,47,33,58.8,1676.5,906.3,1.85
4.0,1.25,95,1,300,long,44,29,15,65.9,1136.7,542.1,2.1
4.0,1.25,95,1,300,short,36,18,18,50.0,539.8,797.9,0.68
4.0,1.25,95,2,300,both,80,47,33,58.8,1676.5,906.3,1.85
4.0,1.25,95,2,300,long,44,29,15,65.9,1136.7,542.1,2.1
4.0,1.25,95,2,300,short,36,18,18,50.0,539.8,797.9,0.68
4.0,1.25,95,3,300,both,79,47,32,59.5,1809.5,906.3,2.0
4.0,1.25,95,3,300,long,44,29,15,65.9,1136.7,542.1,2.1
4.0,1.25,95,3,300,short,35,18,17,51.4,672.8,763.5,0.88
4.0,1.25,95,4,300,both,79,47,32,59.5,1809.5,906.3,2.0
4.0,1.25,95,4,300,long,44,29,15,65.9,1136.7,542.1,2.1
4.0,1.25,95,4,300,short,35,18,17,51.4,672.8,763.5,0.88
4.0,1.5,55,1,300,both,80,51,29,63.7,474.1,1600.3,0.3
4.0,1.5,55,1,300,long,44,31,13,70.5,408.6,678.8,0.6
4.0,1.5,55,1,300,short,36,20,16,55.6,65.5,1152.0,0.06
4.0,1.5,55,2,300,both,80,51,29,63.7,474.1,1600.3,0.3
4.0,1.5,55,2,300,long,44,31,13,70.5,408.6,678.8,0.6
4.0,1.5,55,2,300,short,36,20,16,55.6,65.5,1152.0,0.06
4.0,1.5,55,3,300,both,79,51,28,64.6,632.1,1600.3,0.39
4.0,1.5,55,3,300,long,44,31,13,70.5,408.6,678.8,0.6
4.0,1.5,55,3,300,short,35,20,15,57.1,223.5,1093.6,0.2
4.0,1.5,55,4,300,both,79,51,28,64.6,632.1,1600.3,0.39
4.0,1.5,55,4,300,long,44,31,13,70.5,408.6,678.8,0.6
4.0,1.5,55,4,300,short,35,20,15,57.1,223.5,1093.6,0.2
4.0,1.5,65,1,300,both,80,50,30,62.5,401.1,1592.9,0.25
4.0,1.5,65,1,300,long,44,31,13,70.5,429.2,678.8,0.63
4.0,1.5,65,1,300,short,36,19,17,52.8,-28.1,1245.6,-0.02
4.0,1.5,65,2,300,both,80,50,30,62.5,401.1,1592.9,0.25
4.0,1.5,65,2,300,long,44,31,13,70.5,429.2,678.8,0.63
4.0,1.5,65,2,300,short,36,19,17,52.8,-28.1,1245.6,-0.02
4.0,1.5,65,3,300,both,79,50,29,63.3,559.1,1592.9,0.35
4.0,1.5,65,3,300,long,44,31,13,70.5,429.2,678.8,0.63
4.0,1.5,65,3,300,short,35,19,16,54.3,129.9,1087.6,0.12
4.0,1.5,65,4,300,both,79,50,29,63.3,559.1,1592.9,0.35
4.0,1.5,65,4,300,long,44,31,13,70.5,429.2,678.8,0.63
4.0,1.5,65,4,300,short,35,19,16,54.3,129.9,1087.6,0.12
4.0,1.5,75,1,300,both,80,50,30,62.5,861.5,1572.2,0.55
4.0,1.5,75,1,300,long,44,31,13,70.5,868.9,678.8,1.28
4.0,1.5,75,1,300,short,36,19,17,52.8,-7.4,1224.9,-0.01
4.0,1.5,75,2,300,both,80,50,30,62.5,861.5,1572.2,0.55
4.0,1.5,75,2,300,long,44,31,13,70.5,868.9,678.8,1.28
4.0,1.5,75,2,300,short,36,19,17,52.8,-7.4,1224.9,-0.01
4.0,1.5,75,3,300,both,79,50,29,63.3,1019.5,1572.2,0.65
4.0,1.5,75,3,300,long,44,31,13,70.5,868.9,678.8,1.28
4.0,1.5,75,3,300,short,35,19,16,54.3,150.6,1066.9,0.14
4.0,1.5,75,4,300,both,79,50,29,63.3,1019.5,1572.2,0.65
4.0,1.5,75,4,300,long,44,31,13,70.5,868.9,678.8,1.28
4.0,1.5,75,4,300,short,35,19,16,54.3,150.6,1066.9,0.14
4.0,1.5,85,1,300,both,80,50,30,62.5,912.5,1560.5,0.58
4.0,1.5,85,1,300,long,44,31,13,70.5,919.9,667.1,1.38
4.0,1.5,85,1,300,short,36,19,17,52.8,-7.4,1224.9,-0.01
4.0,1.5,85,2,300,both,80,50,30,62.5,912.5,1560.5,0.58
4.0,1.5,85,2,300,long,44,31,13,70.5,919.9,667.1,1.38
4.0,1.5,85,2,300,short,36,19,17,52.8,-7.4,1224.9,-0.01
4.0,1.5,85,3,300,both,79,50,29,63.3,1070.5,1560.5,0.69
4.0,1.5,85,3,300,long,44,31,13,70.5,919.9,667.1,1.38
4.0,1.5,85,3,300,short,35,19,16,54.3,150.6,1066.9,0.14
4.0,1.5,85,4,300,both,79,50,29,63.3,1070.5,1560.5,0.69
4.0,1.5,85,4,300,long,44,31,13,70.5,919.9,667.1,1.38
4.0,1.5,85,4,300,short,35,19,16,54.3,150.6,1066.9,0.14
4.0,1.5,95,1,300,both,79,48,31,60.8,1203.1,1066.8,1.13
4.0,1.5,95,1,300,long,44,30,14,68.2,930.3,667.1,1.39
4.0,1.5,95,1,300,short,35,18,17,51.4,272.8,1072.9,0.25
4.0,1.5,95,2,300,both,79,48,31,60.8,1203.1,1066.8,1.13
4.0,1.5,95,2,300,long,44,30,14,68.2,930.3,667.1,1.39
4.0,1.5,95,2,300,short,35,18,17,51.4,272.8,1072.9,0.25
4.0,1.5,95,3,300,both,78,48,30,61.5,1361.1,1066.8,1.28
4.0,1.5,95,3,300,long,44,30,14,68.2,930.3,667.1,1.39
4.0,1.5,95,3,300,short,34,18,16,52.9,430.8,914.9,0.47
4.0,1.5,95,4,300,both,78,48,30,61.5,1361.1,1066.8,1.28
4.0,1.5,95,4,300,long,44,30,14,68.2,930.3,667.1,1.39
4.0,1.5,95,4,300,short,34,18,16,52.9,430.8,914.9,0.47
4.0,2.0,55,1,300,both,80,54,26,67.5,720.3,1719.8,0.42
4.0,2.0,55,1,300,long,44,33,11,75.0,729.7,721.4,1.01
4.0,2.0,55,1,300,short,36,21,15,58.3,-9.4,1593.9,-0.01
4.0,2.0,55,2,300,both,80,54,26,67.5,720.3,1719.8,0.42
4.0,2.0,55,2,300,long,44,33,11,75.0,729.7,721.4,1.01
4.0,2.0,55,2,300,short,36,21,15,58.3,-9.4,1593.9,-0.01
4.0,2.0,55,3,300,both,79,54,25,68.4,928.3,1719.8,0.54
4.0,2.0,55,3,300,long,44,33,11,75.0,729.7,721.4,1.01
4.0,2.0,55,3,300,short,35,21,14,60.0,198.6,1385.9,0.14
4.0,2.0,55,4,300,both,79,54,25,68.4,928.3,1719.8,0.54
4.0,2.0,55,4,300,long,44,33,11,75.0,729.7,721.4,1.01
4.0,2.0,55,4,300,short,35,21,14,60.0,198.6,1385.9,0.14
4.0,2.0,65,1,300,both,80,54,26,67.5,877.9,1712.4,0.51
4.0,2.0,65,1,300,long,44,33,11,75.0,750.3,721.4,1.04
4.0,2.0,65,1,300,short,36,21,15,58.3,127.6,1456.9,0.09
4.0,2.0,65,2,300,both,80,54,26,67.5,877.9,1712.4,0.51
4.0,2.0,65,2,300,long,44,33,11,75.0,750.3,721.4,1.04
4.0,2.0,65,2,300,short,36,21,15,58.3,127.6,1456.9,0.09
4.0,2.0,65,3,300,both,79,54,25,68.4,1085.9,1712.4,0.63
4.0,2.0,65,3,300,long,44,33,11,75.0,750.3,721.4,1.04
4.0,2.0,65,3,300,short,35,21,14,60.0,335.6,1328.1,0.25
4.0,2.0,65,4,300,both,79,54,25,68.4,1085.9,1712.4,0.63
4.0,2.0,65,4,300,long,44,33,11,75.0,750.3,721.4,1.04
4.0,2.0,65,4,300,short,35,21,14,60.0,335.6,1328.1,0.25
4.0,2.0,75,1,300,both,80,54,26,67.5,1338.3,1691.7,0.79
4.0,2.0,75,1,300,long,44,33,11,75.0,1190.0,721.4,1.65
4.0,2.0,75,1,300,short,36,21,15,58.3,148.3,1436.2,0.1
4.0,2.0,75,2,300,both,80,54,26,67.5,1338.3,1691.7,0.79
4.0,2.0,75,2,300,long,44,33,11,75.0,1190.0,721.4,1.65
4.0,2.0,75,2,300,short,36,21,15,58.3,148.3,1436.2,0.1
4.0,2.0,75,3,300,both,79,54,25,68.4,1546.3,1691.7,0.91
4.0,2.0,75,3,300,long,44,33,11,75.0,1190.0,721.4,1.65
4.0,2.0,75,3,300,short,35,21,14,60.0,356.3,1307.4,0.27
4.0,2.0,75,4,300,both,79,54,25,68.4,1546.3,1691.7,0.91
4.0,2.0,75,4,300,long,44,33,11,75.0,1190.0,721.4,1.65
4.0,2.0,75,4,300,short,35,21,14,60.0,356.3,1307.4,0.27
4.0,2.0,85,1,300,both,80,54,26,67.5,1547.9,1691.7,0.91
4.0,2.0,85,1,300,long,44,33,11,75.0,1399.6,709.7,1.97
4.0,2.0,85,1,300,short,36,21,15,58.3,148.3,1436.2,0.1
4.0,2.0,85,2,300,both,80,54,26,67.5,1547.9,1691.7,0.91
4.0,2.0,85,2,300,long,44,33,11,75.0,1399.6,709.7,1.97
4.0,2.0,85,2,300,short,36,21,15,58.3,148.3,1436.2,0.1
4.0,2.0,85,3,300,both,79,54,25,68.4,1755.9,1691.7,1.04
4.0,2.0,85,3,300,long,44,33,11,75.0,1399.6,709.7,1.97
4.0,2.0,85,3,300,short,35,21,14,60.0,356.3,1307.4,0.27
4.0,2.0,85,4,300,both,79,54,25,68.4,1755.9,1691.7,1.04
4.0,2.0,85,4,300,long,44,33,11,75.0,1399.6,709.7,1.97
4.0,2.0,85,4,300,short,35,21,14,60.0,356.3,1307.4,0.27
4.0,2.0,95,1,300,both,79,52,27,65.8,1788.5,1198.0,1.49
4.0,2.0,95,1,300,long,44,32,12,72.7,1360.0,709.1,1.92
4.0,2.0,95,1,300,short,35,20,15,57.1,428.5,1178.5,0.36
4.0,2.0,95,2,300,both,79,52,27,65.8,1788.5,1198.0,1.49
4.0,2.0,95,2,300,long,44,32,12,72.7,1360.0,709.1,1.92
4.0,2.0,95,2,300,short,35,20,15,57.1,428.5,1178.5,0.36
4.0,2.0,95,3,300,both,78,52,26,66.7,1996.5,1198.0,1.67
4.0,2.0,95,3,300,long,44,32,12,72.7,1360.0,709.1,1.92
4.0,2.0,95,3,300,short,34,20,14,58.8,636.5,1049.7,0.61
4.0,2.0,95,4,300,both,78,52,26,66.7,1996.5,1198.0,1.67
4.0,2.0,95,4,300,long,44,32,12,72.7,1360.0,709.1,1.92
4.0,2.0,95,4,300,short,34,20,14,58.8,636.5,1049.7,0.61
